Date (GMT+1),Hydro Run of River,Fossil gas,Hydro water reservoir,Others,Wind onshore,Load
,Power (MW),Power (MW),Power (MW),Power (MW),Power (MW),Power (MW)
2019-01-01T00:00+01:00,1030.4,337.3,8771.7,307.8,961,15723.7
2019-01-01T01:00+01:00,1030,337.5,9571.7,296.4,950.6,15622.9
2019-01-01T02:00+01:00,1031.6,339.9,9665.4,306.5,965.1,15705.3
2019-01-01T03:00+01:00,1029.1,340.6,9193.4,330.2,944.4,15643.1
2019-01-01T04:00+01:00,1024.4,338.9,8967.4,263.6,898.4,15611.9
2019-01-01T05:00+01:00,1023,339,9122,182.8,870,15727.8
2019-01-01T06:00+01:00,1016.1,337.7,9601.9,171.4,878,16040.5
2019-01-01T07:00+01:00,1016.9,339.7,10351.8,208,894.7,16324.8
2019-01-01T08:00+01:00,1005.9,341.3,9759.2,380.5,962.9,16654.7
2019-01-01T09:00+01:00,998.6,339.3,9967.1,360.6,978.4,16934.9
2019-01-01T10:00+01:00,997.3,340.4,10715.7,376,977.5,17368.8
2019-01-01T11:00+01:00,1000.8,341.7,11037.5,397,1038.2,17611.4
2019-01-01T12:00+01:00,993,342.2,11014.4,380.3,1017.5,17736.6
2019-01-01T13:00+01:00,999.3,342.5,11018.6,290.1,973.4,17689.1
2019-01-01T14:00+01:00,1003.4,339.7,10971,293.7,1027.3,18081.8
2019-01-01T15:00+01:00,1008.6,341.7,11642.7,290.8,1041.4,18479.5
2019-01-01T16:00+01:00,1009.7,347.1,12261,275,1051.5,18652.5
2019-01-01T17:00+01:00,1008.2,342.8,12382.4,253.4,1043.5,18628.9
2019-01-01T18:00+01:00,1003.2,348.2,11854.1,250,1048.5,18491.9
2019-01-01T19:00+01:00,993,344.9,11242.8,257.3,1031.5,18191.5
2019-01-01T20:00+01:00,985.2,321.1,11200,262.5,1023.3,18034.8
2019-01-01T21:00+01:00,984.5,244.6,11045,259,986.9,17630.8
2019-01-01T22:00+01:00,982.2,244.3,10998.5,224.6,942.3,17235.7
2019-01-01T23:00+01:00,977.8,245.9,10633.2,233.5,913.8,16736.8
2019-01-02T00:00+01:00,1011.9,250,10644.5,208.4,894.4,16373.2
2019-01-02T01:00+01:00,1005.6,249,10019.3,211.3,847.6,16128.6
2019-01-02T02:00+01:00,1008.4,249.1,9890.6,178,775.5,16014.8
2019-01-02T03:00+01:00,1006.7,251.2,9640.7,212.9,745.7,16147.9
2019-01-02T04:00+01:00,1005.7,251.5,10049.9,199.5,640.2,16316.5
2019-01-02T05:00+01:00,1003.1,250.8,10490.8,190.7,614.3,16812
2019-01-02T06:00+01:00,1002.8,249.4,11498.3,251.1,648.4,18057.5
2019-01-02T07:00+01:00,1007.5,245.5,13025,248.3,615.7,19556.4
2019-01-02T08:00+01:00,1009.3,262.1,14152.9,245.2,596.7,20443.3
2019-01-02T09:00+01:00,1000.5,262.4,14550.1,165.6,484.5,20271.8
2019-01-02T10:00+01:00,992.1,262.8,14738.9,144.3,471.4,20195.5
2019-01-02T11:00+01:00,990.1,257.3,14218,182.2,464.6,19971.7
2019-01-02T12:00+01:00,1016.2,270.9,13449.9,268.8,483.9,19840.2
2019-01-02T13:00+01:00,1018.2,254.5,14008.1,267,520.9,19777.5
2019-01-02T14:00+01:00,1011.1,266.6,15416.8,232.7,521.1,20074.8
2019-01-02T15:00+01:00,1006.5,278.8,18020.3,205.8,539.9,20721.8
2019-01-02T16:00+01:00,1004.8,271.8,19025.6,266.6,533.3,20990.4
2019-01-02T17:00+01:00,1015.4,279.2,20344.8,155.2,500.7,20786.8
2019-01-02T18:00+01:00,1014.1,291.5,20218.1,144.8,459.1,20452.2
2019-01-02T19:00+01:00,1011.9,290.6,19533.6,162,460.4,20271.7
2019-01-02T20:00+01:00,1010.6,306.7,19148.1,110.7,376.1,19873
2019-01-02T21:00+01:00,1001.5,306.5,18382.4,101.8,348.4,19401.6
2019-01-02T22:00+01:00,998.5,305.5,17333.7,101.5,338.4,18743.8
2019-01-02T23:00+01:00,993.7,304.4,14533.1,83.7,328,17694.1
2019-01-03T00:00+01:00,988.8,306.9,13524.9,116.2,314.2,17310.9
2019-01-03T01:00+01:00,986.5,309.6,12142.7,142.1,409.1,16976.4
2019-01-03T02:00+01:00,983,307.1,11334.8,107.5,359.3,16761.9
2019-01-03T03:00+01:00,981.5,307.4,11485.5,119.9,477.7,16782.8
2019-01-03T04:00+01:00,980.7,299.7,12078.5,196.6,468.2,17034.8
2019-01-03T05:00+01:00,979.7,312.5,13288,307.4,535.7,17539.9
2019-01-03T06:00+01:00,979.8,307,16201.6,309.3,569.4,18872.7
2019-01-03T07:00+01:00,985.5,308.6,20121.3,305.6,528.4,20395.2
2019-01-03T08:00+01:00,983.4,308.6,21925.9,214,524.9,20637.6
2019-01-03T09:00+01:00,979.1,300.7,21836,228.5,573.7,20547.8
2019-01-03T10:00+01:00,975.5,304.2,21446,228.9,581.4,20457.3
2019-01-03T11:00+01:00,983.1,311.5,22013,225.3,642.3,20412.7
2019-01-03T12:00+01:00,982.1,316.9,21938.8,219.5,643.9,20237.9
2019-01-03T13:00+01:00,983.2,318.1,21613.4,226.1,692.2,20074.5
2019-01-03T14:00+01:00,982.4,318.9,21317.8,283,720.2,20073.2
2019-01-03T15:00+01:00,982.7,318.4,21359.5,251.1,718.1,20056.6
2019-01-03T16:00+01:00,980.1,313.2,21621.8,250.5,694,20304.2
2019-01-03T17:00+01:00,979.1,311.3,21693.3,304.2,699.6,20225.8
2019-01-03T18:00+01:00,978.4,317.2,21592.3,305.2,704.2,20018.6
2019-01-03T19:00+01:00,978.2,316.1,21392.6,305.6,687.6,19717.2
2019-01-03T20:00+01:00,978.1,315.6,20514.7,263.8,684.5,19285.7
2019-01-03T21:00+01:00,977.5,314.9,19314.8,257.2,691.8,18790.2
2019-01-03T22:00+01:00,971.4,331.2,17402.5,243.8,706,18178.5
2019-01-03T23:00+01:00,970.1,331.9,13929.4,266.9,729.6,17296.5
2019-01-04T00:00+01:00,956.4,328.9,13102,304.6,744.5,16874.2
2019-01-04T01:00+01:00,955.4,326.3,11394.6,242.2,722.6,16338
2019-01-04T02:00+01:00,957,329,10431.9,330.7,757.9,16198.5
2019-01-04T03:00+01:00,957.9,327.4,10498.2,308.9,737.8,16161.9
2019-01-04T04:00+01:00,959.3,325.1,10365.4,320.2,773.1,16257.9
2019-01-04T05:00+01:00,964.4,325.7,11212.9,321.6,773.8,16752.6
2019-01-04T06:00+01:00,970.6,327.8,14765.1,322.4,776.4,18154.4
2019-01-04T07:00+01:00,975.9,316.8,18057.3,293,724.6,19408.2
2019-01-04T08:00+01:00,985,327.2,19923.9,279.8,696.2,19856.4
2019-01-04T09:00+01:00,982.7,327.5,19751.2,186.6,646.5,19524
2019-01-04T10:00+01:00,984.6,326.2,19557.3,152.9,628.2,19327.3
2019-01-04T11:00+01:00,988.2,314.4,18622.7,209.4,657.1,19124.2
2019-01-04T12:00+01:00,992.7,322.2,17304,199.1,654,18964.6
2019-01-04T13:00+01:00,994.7,301.2,16641.9,156.6,582.7,18639.4
2019-01-04T14:00+01:00,985.7,296.2,15558.4,157,582.2,18492.6
2019-01-04T15:00+01:00,983.7,214.8,16579.5,193.8,641.9,18806
2019-01-04T16:00+01:00,991.8,217.1,17977.1,132.1,611.9,18600.3
2019-01-04T17:00+01:00,999.9,214.2,18339.7,159.7,617.2,18427.1
2019-01-04T18:00+01:00,1003.7,213.7,18071.1,143.9,587,18471.8
2019-01-04T19:00+01:00,1009.1,216.8,16756.7,131.2,575.9,18151.4
2019-01-04T20:00+01:00,1011.5,216.6,14481.4,97,595.8,17602.2
2019-01-04T21:00+01:00,1009.5,215.6,13303.3,78,546.1,16991.4
2019-01-04T22:00+01:00,1012.4,214.8,12798.3,98.2,611.6,16628.9
2019-01-04T23:00+01:00,1010.4,218.3,11478.4,64.5,517.5,15921.1
2019-01-05T00:00+01:00,1011.3,224.8,11346.8,92.7,536.3,15598.1
2019-01-05T01:00+01:00,1008.2,221.6,10303.3,95.4,520.3,15218.8
2019-01-05T02:00+01:00,1007.2,231.2,9619.6,95.3,498.6,14958.6
2019-01-05T03:00+01:00,1003.4,231.7,9400.3,97.5,478.1,14860.2
2019-01-05T04:00+01:00,1007.5,222.7,9653.9,100.8,460.6,14929.4
2019-01-05T05:00+01:00,1013.2,221.7,10320.8,103.3,436.1,15157.4
2019-01-05T06:00+01:00,1013,223.6,11098.7,103.5,423.6,15486.9
2019-01-05T07:00+01:00,1010.5,218.8,11972.4,102,400.7,15873.2
2019-01-05T08:00+01:00,1007.5,220.7,14095.6,103.5,363.6,16632.5
2019-01-05T09:00+01:00,1009.4,219.8,15997.2,104.8,321.7,17164.6
2019-01-05T10:00+01:00,1006.6,221.1,16712.1,100.5,275.8,17359.7
2019-01-05T11:00+01:00,1010,222.3,17483.2,91.8,252.8,17788.7
2019-01-05T12:00+01:00,1009.5,223,18285.3,86,253.3,17800.2
2019-01-05T13:00+01:00,1008.2,219.5,18089.5,82.2,251.7,17495.8
2019-01-05T14:00+01:00,1006.6,224.9,18457.5,71.7,218.1,17409.4
2019-01-05T15:00+01:00,1005.6,228.2,19843.6,68.8,242.9,17751.7
2019-01-05T16:00+01:00,1004.4,235.4,21438.9,72,243.2,18254.2
2019-01-05T17:00+01:00,1002.9,232,21916.3,60.5,246.9,18428.6
2019-01-05T18:00+01:00,999.5,233.3,21636.5,58.8,293.3,18382.9
2019-01-05T19:00+01:00,997.7,229.2,20745.5,58.2,319.8,17811.7
2019-01-05T20:00+01:00,995.1,221.1,19111.8,78.3,264.7,17361.2
2019-01-05T21:00+01:00,993.4,223.5,17998,83.2,295.2,16910.9
2019-01-05T22:00+01:00,993,228.3,16114.3,83.1,312.4,16407.3
2019-01-05T23:00+01:00,993.2,226.2,14476.9,100.9,339.8,16174.3
2019-01-06T00:00+01:00,1001.8,227,13429.8,116.5,376,15714.3
2019-01-06T01:00+01:00,998,229.8,12342.2,151.7,427.5,15552.9
2019-01-06T02:00+01:00,997.8,219.9,11918.6,114.2,405.5,15289.4
2019-01-06T03:00+01:00,996.3,225.9,11645.2,106.2,398.2,15153.5
2019-01-06T04:00+01:00,995.5,226.7,11139.6,100.4,409,15151.6
2019-01-06T05:00+01:00,997.8,226.8,11533.4,127.1,505.2,15370.2
2019-01-06T06:00+01:00,998.8,224.7,12046.9,114.5,492.1,15548.9
2019-01-06T07:00+01:00,1000.2,225.4,12920.9,115.5,491.7,15783.8
2019-01-06T08:00+01:00,1000.8,226.5,14705.1,115.5,530.9,16301
2019-01-06T09:00+01:00,1002.7,225.4,17960.2,140.5,562.4,16915.8
2019-01-06T10:00+01:00,1004.1,225.9,18885.2,156.7,593,17176.1
2019-01-06T11:00+01:00,1005.1,227.2,19054,187.3,622.4,17499.3
2019-01-06T12:00+01:00,1004.6,226.2,18737.7,199.7,612.6,17382.7
2019-01-06T13:00+01:00,1003.4,222.9,18711.2,191.8,615.1,17499.8
2019-01-06T14:00+01:00,1000.7,215.6,18209.1,152,568.8,17539.9
2019-01-06T15:00+01:00,999.6,210.2,18524.6,119.1,521.8,17834.9
2019-01-06T16:00+01:00,999,204.1,19929.1,112,476.8,18247.6
2019-01-06T17:00+01:00,979,198.7,20456.6,145.9,465.3,18103.8
2019-01-06T18:00+01:00,978.7,205.8,20313.1,119.4,473.5,18015.2
2019-01-06T19:00+01:00,996.6,199.7,19610.8,121.8,474.1,18111.6
2019-01-06T20:00+01:00,998.6,197.5,18805.4,123.2,414.4,17890.1
2019-01-06T21:00+01:00,998,198.5,17680.6,127,427.8,17513.6
2019-01-06T22:00+01:00,999.1,196.3,15733.8,127.1,444.3,16902.4
2019-01-06T23:00+01:00,996.2,197.2,14190.5,132.8,461.2,16311.3
2019-01-07T00:00+01:00,1008.3,196.9,12141,193.4,542.8,16113.7
2019-01-07T01:00+01:00,1002.1,195.5,11276.7,226.3,572.4,15987.3
2019-01-07T02:00+01:00,989.9,196.8,10893.3,160.1,433.2,15539.3
2019-01-07T03:00+01:00,1004.1,195.2,10145,244.8,500.2,15769.1
2019-01-07T04:00+01:00,986.7,194.5,11160.6,188.2,488.1,16044.4
2019-01-07T05:00+01:00,987.4,192.9,14210.7,267,541.7,16870.2
2019-01-07T06:00+01:00,993.2,194.1,19368,190.2,419.3,18058.8
2019-01-07T07:00+01:00,1001.6,196.8,21652,187.7,407.3,19805.7
2019-01-07T08:00+01:00,1021.8,197.3,22397,178.6,415.9,20264.9
2019-01-07T09:00+01:00,1025.2,197.4,22420.2,170.8,394.1,20219.6
2019-01-07T10:00+01:00,1014.1,192.2,22324.5,106.9,405.7,20039
2019-01-07T11:00+01:00,1022.1,189.9,21613.3,112,475.4,20006.6
2019-01-07T12:00+01:00,1021.4,190.8,21355.6,107.6,587.8,20050.1
2019-01-07T13:00+01:00,1020,189.8,20818.9,99.4,652.5,20089
2019-01-07T14:00+01:00,1021.1,191.7,20744.3,110.5,678.4,20158.3
2019-01-07T15:00+01:00,1021.8,155.7,20427.9,126.6,729.5,20272.2
2019-01-07T16:00+01:00,1021.3,157.5,20253.5,122.5,709.2,20413.2
2019-01-07T17:00+01:00,1023,155.9,19797.4,217.2,689.3,20364.4
2019-01-07T18:00+01:00,1022,156.7,18146.6,235.6,694.8,19904.2
2019-01-07T19:00+01:00,1039.7,156,16995.5,203.4,613.3,19559.2
2019-01-07T20:00+01:00,1025.9,157.6,15655.5,173.1,545.7,19139.3
2019-01-07T21:00+01:00,1024.1,156.7,14476.8,176,477,18605
2019-01-07T22:00+01:00,1024.9,159,13098.2,152.7,459.7,18141
2019-01-07T23:00+01:00,1028.3,158.2,11161.1,200.6,521.3,17598
2019-01-08T00:00+01:00,1073.7,157.6,10519.9,170.9,518.1,16894.6
2019-01-08T01:00+01:00,1068.6,163,9958.9,127.2,580.9,16476.4
2019-01-08T02:00+01:00,1070.2,161.3,9435.7,158.8,707.2,16255.6
2019-01-08T03:00+01:00,1065.8,158.1,9662.8,180.3,762.8,16305.8
2019-01-08T04:00+01:00,1063.7,159.6,10314.6,282.5,805.1,16559.5
2019-01-08T05:00+01:00,1062.5,161.9,11759.6,208,809,16874.5
2019-01-08T06:00+01:00,1061.7,158.3,15142,228,747.2,18303.2
2019-01-08T07:00+01:00,1060.2,162.5,17070.6,172.1,737.9,19795
2019-01-08T08:00+01:00,1047.7,159.7,17913.2,257.3,734,20713.3
2019-01-08T09:00+01:00,1045.3,159,17722.5,197.7,653.6,20416.1
2019-01-08T10:00+01:00,1040,160.8,17560.7,184.2,604.5,20275.6
2019-01-08T11:00+01:00,1041.1,160.3,16762.9,181.8,593.8,20041.1
2019-01-08T12:00+01:00,1045,162.5,15338.5,203.6,610.5,19467.8
2019-01-08T13:00+01:00,1043.2,192.7,15306.2,203.9,629.6,19749.2
2019-01-08T14:00+01:00,1042.2,192.2,15796.6,173.4,607.1,19892.5
2019-01-08T15:00+01:00,1038.4,192.2,15668.3,230.7,660.9,19597.8
2019-01-08T16:00+01:00,1041.2,174,16738.8,190.2,722.3,20289.2
2019-01-08T17:00+01:00,1040,193.6,16749,193.6,705.5,20281.5
2019-01-08T18:00+01:00,1037.4,193.9,15889.3,176,635.9,19785.3
2019-01-08T19:00+01:00,1037.7,189.1,15026.1,189,662.1,19616.5
2019-01-08T20:00+01:00,1033.1,191.6,14411.8,209.2,617.1,19391.9
2019-01-08T21:00+01:00,1027.3,193.7,14151.5,204.6,608.2,19073.4
2019-01-08T22:00+01:00,1022.1,195.1,12787.3,201.1,609.3,18328.4
2019-01-08T23:00+01:00,1020.9,186.2,11372.3,243.1,575,17502.9
2019-01-09T00:00+01:00,998.7,194.2,9995.9,339.3,682.1,17087.5
2019-01-09T01:00+01:00,997.8,192.7,9403.5,366.9,607,16689.9
2019-01-09T02:00+01:00,996.4,193.3,9171.4,353.5,581.4,16602.3
2019-01-09T03:00+01:00,995.3,190.3,9113.9,204.2,468.1,16278.1
2019-01-09T04:00+01:00,992.8,195.9,9445.5,239.4,479.1,16569.9
2019-01-09T05:00+01:00,992,196.2,11614,178.4,450.9,17115.2
2019-01-09T06:00+01:00,990.5,194.6,14338,193,418.2,18571.2
2019-01-09T07:00+01:00,993.3,194.2,16692.7,230.5,325.4,20173.1
2019-01-09T08:00+01:00,990.9,195.4,17415.5,229.5,278.1,20533.4
2019-01-09T09:00+01:00,981.2,194.1,17058.2,191.3,275.7,20414.5
2019-01-09T10:00+01:00,981.6,194.9,17330,190.4,257.7,20188.8
2019-01-09T11:00+01:00,979.8,193.3,17076.3,126.1,161.9,19803.7
2019-01-09T12:00+01:00,980.2,191.6,16471,108.3,172.4,19644.8
2019-01-09T13:00+01:00,982.7,190.2,16723.1,134,255.3,19678.3
2019-01-09T14:00+01:00,984,191,17277.7,115.4,237.8,19808.9
2019-01-09T15:00+01:00,983.9,190.9,18650.5,111.9,214.2,20147.5
2019-01-09T16:00+01:00,982.3,189,20120.9,129.5,269,20646.2
2019-01-09T17:00+01:00,978.6,193.6,20796,143.8,248.2,20507.1
2019-01-09T18:00+01:00,977.3,191.1,20482.1,124.7,252.9,20185.9
2019-01-09T19:00+01:00,978.1,192.8,20011,136.8,243.2,19835.1
2019-01-09T20:00+01:00,977.1,194,19111.6,113.6,204.8,19591.8
2019-01-09T21:00+01:00,975.9,193.1,18852.8,141,306.2,19430.8
2019-01-09T22:00+01:00,974.3,190.1,17852.9,158,341,18710.4
2019-01-09T23:00+01:00,970.3,168.3,15789.4,206.2,361.8,17961.3
2019-01-10T00:00+01:00,942.7,191.6,15150.3,229.5,385.6,17446.4
2019-01-10T01:00+01:00,942.3,184.8,14863.9,254.4,390.2,17137.8
2019-01-10T02:00+01:00,941.4,189.1,14277.1,256,417.6,16957.2
2019-01-10T03:00+01:00,939.3,192.1,14559.7,278.7,429.6,16959
2019-01-10T04:00+01:00,937.6,186.5,14710.5,275.1,475.1,17106.1
2019-01-10T05:00+01:00,937.7,187.9,16763.6,293.3,537.4,17381.3
2019-01-10T06:00+01:00,937.6,189.2,20949.8,326.4,539.2,18763.4
2019-01-10T07:00+01:00,938.6,194.7,22424.4,307.9,560.1,20279.6
2019-01-10T08:00+01:00,940.8,190.8,22264.1,320.1,555,20616.3
2019-01-10T09:00+01:00,935.8,185.7,22344.5,327.3,526.2,20401.8
2019-01-10T10:00+01:00,932.4,193.2,22459.4,323.8,545.1,20324
2019-01-10T11:00+01:00,938.4,189.8,22611,313,562.7,20243.5
2019-01-10T12:00+01:00,938,189.6,22627.6,314.1,523.1,20015.7
2019-01-10T13:00+01:00,934.8,188.6,22191.9,316.9,557.1,19901.2
2019-01-10T14:00+01:00,931.9,186.7,21891,332.5,621.3,19840.5
2019-01-10T15:00+01:00,935.3,194.1,21961.8,332.9,643.9,19875.8
2019-01-10T16:00+01:00,937,199.7,22072.2,340.6,695.7,20225
2019-01-10T17:00+01:00,939,198.9,22177.1,362.1,746.5,20175
2019-01-10T18:00+01:00,940.7,232,21285,334.4,786.6,19839
2019-01-10T19:00+01:00,942.9,232.5,20235.8,347.3,824.6,19498.4
2019-01-10T20:00+01:00,948.3,261.1,18619.2,342.2,841.2,19021.1
2019-01-10T21:00+01:00,951.4,265.1,16979.5,331.6,848.7,18556.1
2019-01-10T22:00+01:00,950.8,271.1,14917.2,326.1,870.3,17767.6
2019-01-10T23:00+01:00,952.7,263.3,12786,299.5,886.2,16873.4
2019-01-11T00:00+01:00,938.4,272.4,11526.8,344.9,917,16479.1
2019-01-11T01:00+01:00,937,271.8,9908.4,332.5,966.4,16060.7
2019-01-11T02:00+01:00,941.4,271.2,9582.5,343.4,987.2,15895.4
2019-01-11T03:00+01:00,941.9,271.9,9977.5,346.6,938.1,15867.6
2019-01-11T04:00+01:00,940,266.7,9814.7,314.2,971.9,16040
2019-01-11T05:00+01:00,941.8,266.5,11046.3,307,864.2,16509.5
2019-01-11T06:00+01:00,941.8,269.5,14650.5,297.9,922.6,18077.2
2019-01-11T07:00+01:00,941.9,268.8,17998.3,286.4,852.9,19684
2019-01-11T08:00+01:00,942.8,269.7,19259,329.9,860.9,20339.6
2019-01-11T09:00+01:00,934.5,269,18879.9,365.6,843.4,20082.6
2019-01-11T10:00+01:00,934.1,279.7,18938.6,378.8,835.1,20364.9
2019-01-11T11:00+01:00,927.9,293.2,18403.2,379.5,865.9,19939.4
2019-01-11T12:00+01:00,924.6,292.4,17555.2,381.9,871.9,19790.8
2019-01-11T13:00+01:00,927.3,292.1,15751.8,359.7,841.9,19158.7
2019-01-11T14:00+01:00,918.3,291.7,15180.4,354.3,833.3,19366.8
2019-01-11T15:00+01:00,916.6,295.4,15253.9,343.4,845.9,19499.4
2019-01-11T16:00+01:00,911.8,292.1,15636.3,331.7,788.4,19955.3
2019-01-11T17:00+01:00,907.5,293.6,17057,385.8,754.3,20030.1
2019-01-11T18:00+01:00,911.2,301,16036.1,372.7,686.1,19789.1
2019-01-11T19:00+01:00,907.6,296.4,15250.4,357.6,646.3,19612.1
2019-01-11T20:00+01:00,905.9,294.7,14225.5,306.1,559.6,19056.3
2019-01-11T21:00+01:00,903.3,303.7,13341.9,377.6,570.3,18559
2019-01-11T22:00+01:00,896,287.4,12084.5,228.2,475.2,17775.2
2019-01-11T23:00+01:00,890.9,280.4,10716.9,361.6,549.1,17533.9
2019-01-12T00:00+01:00,938,280.4,11374.1,333,477.9,17036.6
2019-01-12T01:00+01:00,935.1,281.9,11106.6,331.7,425.9,16795.6
2019-01-12T02:00+01:00,932.3,283.6,10928.5,262,361.4,16528.4
2019-01-12T03:00+01:00,928.5,284.8,10182.7,312.8,409.3,16539.5
2019-01-12T04:00+01:00,927.8,286.7,10560.5,225.1,354.4,16617.6
2019-01-12T05:00+01:00,925.9,285.7,10455.6,222,367.1,16866.3
2019-01-12T06:00+01:00,924.8,289.1,10683.4,213.5,355.1,17224.8
2019-01-12T07:00+01:00,926.1,294.3,11996,240.3,335.4,17802.3
2019-01-12T08:00+01:00,922.9,289,13363.5,114.9,316.6,18526.1
2019-01-12T09:00+01:00,918.9,287.3,15086.5,101.7,332.4,19240.4
2019-01-12T10:00+01:00,915.5,287.4,15524,50.6,308.6,19566.5
2019-01-12T11:00+01:00,908.6,284.8,15457.9,32.9,306.5,19652
2019-01-12T12:00+01:00,910.7,287.6,15268,32.8,289.9,19435.6
2019-01-12T13:00+01:00,909.4,286.8,14858.9,35.8,316.1,19173.9
2019-01-12T14:00+01:00,917.1,284.5,14931.3,39.6,304.3,19038.2
2019-01-12T15:00+01:00,917.5,288.9,15807.5,33.6,323.2,19191.3
2019-01-12T16:00+01:00,917.1,287.5,17121.1,29.3,305.9,19616.4
2019-01-12T17:00+01:00,917.5,285.4,18327.1,32.7,249.2,19811.1
2019-01-12T18:00+01:00,915.8,282.4,17224.8,30.4,228.8,19613.4
2019-01-12T19:00+01:00,914.6,283.8,15957.3,31.4,204.6,19436.9
2019-01-12T20:00+01:00,913.3,286.9,14632,32.4,176.4,18977.2
2019-01-12T21:00+01:00,910.1,288.1,14361,34.5,183.1,18490.6
2019-01-12T22:00+01:00,908.3,292,13293.2,34.8,174.1,18000.2
2019-01-12T23:00+01:00,906.8,293.7,12420.7,44.9,204,17589.8
2019-01-13T00:00+01:00,888.5,284.5,12918.3,87,338.4,17204.2
2019-01-13T01:00+01:00,888,292.7,12259.5,123.7,427.1,16922.4
2019-01-13T02:00+01:00,889.7,294.8,11500.4,146.1,459,16638.5
2019-01-13T03:00+01:00,891.6,290.4,11248.8,169.5,537,16524.5
2019-01-13T04:00+01:00,892.2,289.7,10841.6,177.1,628.2,16606.9
2019-01-13T05:00+01:00,894.2,286.6,10770.5,167.3,606.7,16759.6
2019-01-13T06:00+01:00,898.9,288.3,10682.6,229.6,604.9,17128.8
2019-01-13T07:00+01:00,902.5,289.8,11078.3,140,623.2,17095.7
2019-01-13T08:00+01:00,904.5,290,11617.8,105.5,688.7,17435.8
2019-01-13T09:00+01:00,906.9,286.6,11868.4,120.8,745.9,17882.8
2019-01-13T10:00+01:00,909.2,288.6,12873.6,127.9,740.3,18535.3
2019-01-13T11:00+01:00,904.3,290.5,13608.4,221.8,840.7,19001.1
2019-01-13T12:00+01:00,907,290.5,13499.6,234.1,824,18922.7
2019-01-13T13:00+01:00,908,296.2,13006.8,263,817.6,18734
2019-01-13T14:00+01:00,905.8,291.4,12455.6,272.4,802,18817.8
2019-01-13T15:00+01:00,904.4,303.8,13323.4,296.8,825.1,19074
2019-01-13T16:00+01:00,905.6,307.5,14903.7,284,790.3,19587.6
2019-01-13T17:00+01:00,902.2,316.6,14791.6,238.8,809,19767
2019-01-13T18:00+01:00,898.1,314.5,14277.8,117.4,821.4,19429.5
2019-01-13T19:00+01:00,895.3,315.5,14002.2,104.2,881.9,19431
2019-01-13T20:00+01:00,892.7,315.9,12874.9,135.6,862.6,19119.7
2019-01-13T21:00+01:00,890.4,316.9,12082,189.3,869.6,19014.2
2019-01-13T22:00+01:00,886.7,326.5,11733.9,340.1,852.1,18853.8
2019-01-13T23:00+01:00,881.1,324.4,11863,287.9,865.6,18269.8
2019-01-14T00:00+01:00,878.4,343.1,11173.7,345.8,873.4,17774.6
2019-01-14T01:00+01:00,874.4,338.7,11159.2,355.3,868,17681.4
2019-01-14T02:00+01:00,876.1,341,11201.7,246.4,853.7,17575.9
2019-01-14T03:00+01:00,877.4,340.1,10868.9,273.1,761.9,17522
2019-01-14T04:00+01:00,880.1,341.3,10805.1,241.6,691.5,17600.5
2019-01-14T05:00+01:00,878,339.6,11981.9,272.5,661.3,18044.6
2019-01-14T06:00+01:00,881.4,342.6,13891,260.3,778.1,19815.6
2019-01-14T07:00+01:00,890.2,342.4,17761,327.5,785.1,21603.2
2019-01-14T08:00+01:00,894.2,345,18403.2,342.2,788.5,22056.6
2019-01-14T09:00+01:00,901.9,340.6,17489.2,252.6,801.2,21813.7
2019-01-14T10:00+01:00,907.2,340.8,17108.6,321.4,806.7,21692.8
2019-01-14T11:00+01:00,910.6,335.7,16397.2,350.8,792.5,21395.5
2019-01-14T12:00+01:00,906.9,338.2,15522.8,353.6,810.3,21130.8
2019-01-14T13:00+01:00,904.8,333,14870.4,301.6,796.2,20742
2019-01-14T14:00+01:00,905.2,334.7,14482.5,305.9,777,20649.3
2019-01-14T15:00+01:00,904.9,324.4,15342.1,307.4,794.2,20799.6
2019-01-14T16:00+01:00,908.9,335.2,17281.8,249,761.3,21369.3
2019-01-14T17:00+01:00,907.9,332.5,17896,253.4,732,21361.5
2019-01-14T18:00+01:00,905.7,328.5,17558.8,311.7,721,21172.1
2019-01-14T19:00+01:00,904.7,331.8,16712.2,212.9,692.8,20895.5
2019-01-14T20:00+01:00,903.4,335.2,15920.8,345.2,605.8,20544.2
2019-01-14T21:00+01:00,901.6,342.3,14862.2,226.8,510.6,19989.6
2019-01-14T22:00+01:00,901,350.1,13988.1,371.3,530.6,19557.8
2019-01-14T23:00+01:00,899.8,353.5,12738.5,338.4,376.9,18709.5
2019-01-15T00:00+01:00,866.2,350.9,12288.3,307.3,463.1,18235.1
2019-01-15T01:00+01:00,864.4,354.4,11463.1,232.7,399.8,17751
2019-01-15T02:00+01:00,865.1,354.5,11281.6,262.9,310.4,17619
2019-01-15T03:00+01:00,864,357.4,10966,228.8,164.6,17522.3
2019-01-15T04:00+01:00,862.9,355.6,11168.7,170.3,155.3,17795.5
2019-01-15T05:00+01:00,862.9,352.2,12682.4,191.8,240.5,18528
2019-01-15T06:00+01:00,866.2,352.3,16255.1,237.1,226.9,20063.8
2019-01-15T07:00+01:00,872,356,20392,102.8,227.6,21536.6
2019-01-15T08:00+01:00,897.8,355.2,22309.7,77.1,226.3,21873
2019-01-15T09:00+01:00,895.5,351.6,22536,43.6,171.2,21413.1
2019-01-15T10:00+01:00,894.5,356.1,22293.8,43.7,180.1,21269.7
2019-01-15T11:00+01:00,894.9,353.2,21894.5,42.8,302.4,21245.9
2019-01-15T12:00+01:00,897.8,351.6,20455.5,39.2,383.6,20950.2
2019-01-15T13:00+01:00,897.8,352.4,19682.2,51.8,405.1,20826.8
2019-01-15T14:00+01:00,900.9,349.6,19297.7,56.9,392.9,20821.8
2019-01-15T15:00+01:00,901.2,346.5,19120.9,59.5,419.3,21090.6
2019-01-15T16:00+01:00,901.1,338.6,20067.5,54.4,380.2,21422
2019-01-15T17:00+01:00,903.6,337.5,20644.5,50,331.9,21342.8
2019-01-15T18:00+01:00,904.8,348.9,20395.5,32.8,287.4,21193.5
2019-01-15T19:00+01:00,905,347.6,19859.6,31.1,252.8,20977.5
2019-01-15T20:00+01:00,903.6,348.8,18715.8,28.2,223.8,20698.6
2019-01-15T21:00+01:00,902.7,348.6,17316.3,22.7,171.7,20408.2
2019-01-15T22:00+01:00,898.3,349.1,15571.6,31.9,133.7,19828.2
2019-01-15T23:00+01:00,895.4,340.8,13490.6,21.4,81.5,18893
2019-01-16T00:00+01:00,885.4,369.6,13499.8,23.4,43.9,18477.3
2019-01-16T01:00+01:00,886.5,371.5,13263.6,24.5,64.7,18171.2
2019-01-16T02:00+01:00,885.8,369.3,13040.8,26.4,98,17889.5
2019-01-16T03:00+01:00,886.4,364.9,13290.2,30.4,193.7,17786.1
2019-01-16T04:00+01:00,884.9,371.1,13516.6,73.3,305,17913.4
2019-01-16T05:00+01:00,887.4,366.9,15625.3,77.6,387.9,18265.8
2019-01-16T06:00+01:00,891.3,369.7,18721.3,101.4,462.4,19771.3
2019-01-16T07:00+01:00,902.7,374.3,21664,103.9,505.2,21589.4
2019-01-16T08:00+01:00,908.4,373.3,21709.3,112.9,532.4,21848.4
2019-01-16T09:00+01:00,920.9,372.8,20614.3,112.1,535.9,21497.3
2019-01-16T10:00+01:00,927.7,374.6,20359.5,146.6,525.5,21401.2
2019-01-16T11:00+01:00,934.8,354.5,20290.6,122.5,505.7,21188.7
2019-01-16T12:00+01:00,936.6,356.2,19942.9,138.2,491.4,21078.3
2019-01-16T13:00+01:00,938.3,355,19343.4,159.2,437.2,20952.9
2019-01-16T14:00+01:00,942.8,350.7,19837.7,161,403.2,20978.1
2019-01-16T15:00+01:00,946,352.6,20006.2,152.1,374.3,21268.7
2019-01-16T16:00+01:00,949.8,348.4,21009.6,142,349.6,21644.2
2019-01-16T17:00+01:00,951.6,345.7,20395.2,106.5,299.1,21434.3
2019-01-16T18:00+01:00,951.9,351.7,19186.5,55.3,274.9,21065.2
2019-01-16T19:00+01:00,957.8,348.3,18165.2,73.8,239.6,21048.1
2019-01-16T20:00+01:00,956.6,346.1,16640.1,47.6,181.8,20863.9
2019-01-16T21:00+01:00,955,350.9,15143.4,71.7,173.2,20523.2
2019-01-16T22:00+01:00,950.4,351,14273.1,67,183.6,19815.8
2019-01-16T23:00+01:00,947.2,356.3,13939.7,68.2,226,19083.2
2019-01-17T00:00+01:00,940,351.8,13430.8,125,369,18770.1
2019-01-17T01:00+01:00,935.3,341.2,12500.8,121.2,359.9,18416.9
2019-01-17T02:00+01:00,938.2,348,12559.3,125.3,317.6,18257.3
2019-01-17T03:00+01:00,936.8,340,12672.4,168.5,319.2,18223.5
2019-01-17T04:00+01:00,933.1,347.6,13254.8,168,358.2,18501.2
2019-01-17T05:00+01:00,931,347.5,14952.1,111.5,362.2,19118.2
2019-01-17T06:00+01:00,933.8,349.7,18822.2,108.2,290,20524.8
2019-01-17T07:00+01:00,942.6,345.9,21842.5,102.6,288.4,22094.5
2019-01-17T08:00+01:00,946.6,334.2,22122.2,116.9,284.7,22086.8
2019-01-17T09:00+01:00,954.1,339.6,21817.8,147.5,330.9,21685.8
2019-01-17T10:00+01:00,956.7,340.7,22333.9,161.4,364.4,21993.9
2019-01-17T11:00+01:00,950.9,339.7,21869.8,175.5,445.9,21877.4
2019-01-17T12:00+01:00,947.2,348.6,21300.8,243.5,529.5,21578.3
2019-01-17T13:00+01:00,945.4,348.9,20991.3,246.2,495.5,21413.4
2019-01-17T14:00+01:00,944.9,352.6,21232.2,221.5,491.5,21416.5
2019-01-17T15:00+01:00,947.8,346.7,22140.8,222.7,482.7,21598.8
2019-01-17T16:00+01:00,948.1,345.3,23329.3,210,458.9,22172
2019-01-17T17:00+01:00,945.1,349.3,23302.6,250.2,514.7,22250
2019-01-17T18:00+01:00,942,344.8,22398,300.6,536.6,22224.6
2019-01-17T19:00+01:00,938.5,350.9,21281.8,347.2,572.5,22019.8
2019-01-17T20:00+01:00,936,350.4,19436.2,349.5,506.3,21626.5
2019-01-17T21:00+01:00,936.1,351.4,18239.5,347.6,483.5,21127.8
2019-01-17T22:00+01:00,932.2,352.1,16696.9,324.7,384.6,20437.5
2019-01-17T23:00+01:00,931.6,348.1,15567.9,342.9,405.9,19711.4
2019-01-18T00:00+01:00,927.4,352.2,15566.2,216.4,345.6,19038.6
2019-01-18T01:00+01:00,926.2,350.2,14776.6,331.9,351.7,18723.9
2019-01-18T02:00+01:00,925.8,349.7,14566.8,307.6,372.5,18660.2
2019-01-18T03:00+01:00,924.5,350.5,14721,170.4,336.6,18569
2019-01-18T04:00+01:00,922.9,352.8,15358.5,146.2,397.4,18882.3
2019-01-18T05:00+01:00,923.5,351.5,17762,125.1,336.2,19576.3
2019-01-18T06:00+01:00,927.1,349.1,21471,111.2,254.3,20639
2019-01-18T07:00+01:00,934.1,350.4,24203.7,107,256.8,22446.8
2019-01-18T08:00+01:00,927.3,348.8,24209.6,202.9,285.6,22877.3
2019-01-18T09:00+01:00,925,351.6,23890.1,150.8,226,22470.8
2019-01-18T10:00+01:00,926.5,351.8,24175.3,206.8,273.9,22538.7
2019-01-18T11:00+01:00,926.1,350.8,23842.4,259.1,287,22262.9
2019-01-18T12:00+01:00,919.2,348.6,23744.1,220.3,261.5,21838.1
2019-01-18T13:00+01:00,919.6,351,23698.4,192.4,253.2,21483.3
2019-01-18T14:00+01:00,909.4,346.3,23473.2,153.3,342.1,21521.2
2019-01-18T15:00+01:00,903.9,346.3,23522.9,230.9,361.4,21744.8
2019-01-18T16:00+01:00,903.2,346.3,24084.1,111.3,347.6,21918.3
2019-01-18T17:00+01:00,904.9,346.2,24122.1,134.4,414.2,22073.3
2019-01-18T18:00+01:00,904.1,352.3,24030.1,167.5,372.7,21764
2019-01-18T19:00+01:00,900,350.1,23462,164.2,337.4,21229.9
2019-01-18T20:00+01:00,899.4,348.2,22470.1,61,293.3,20512.6
2019-01-18T21:00+01:00,893.1,348.7,21437.5,93.6,335.7,20051
2019-01-18T22:00+01:00,887.5,347.9,20791.1,66.9,295.5,19494.2
2019-01-18T23:00+01:00,883,345.9,18479.5,147.2,303.7,18952
2019-01-19T00:00+01:00,878.3,366.5,17852.5,162.6,284.6,18371
2019-01-19T01:00+01:00,872.8,370.3,17130.7,109.4,237.9,17950.1
2019-01-19T02:00+01:00,872,369.2,17332.4,195.4,279.2,18009.8
2019-01-19T03:00+01:00,870.5,367.1,15879.2,195.4,264.8,17795.4
2019-01-19T04:00+01:00,868.6,367.9,15382.1,189.3,289.9,17774
2019-01-19T05:00+01:00,867.5,368.7,15245.9,161.8,325.9,17869.1
2019-01-19T06:00+01:00,858,369.5,15093.5,238.8,282.4,18246.2
2019-01-19T07:00+01:00,848.1,369.2,17167.6,221.7,274.6,19027
2019-01-19T08:00+01:00,844.8,369.1,19889.5,175.8,205.2,19478.6
2019-01-19T09:00+01:00,841.1,371.2,21536.6,195.8,174.8,20125
2019-01-19T10:00+01:00,840.7,367.1,22436.8,162.9,216.5,20645.4
2019-01-19T11:00+01:00,837.6,368.7,21142.8,149.1,202.1,20492.9
2019-01-19T12:00+01:00,836,363.3,20062.2,75.5,183.9,20125.4
2019-01-19T13:00+01:00,836.5,366.8,18814,108.8,166.5,19978.9
2019-01-19T14:00+01:00,837.4,368,17822,162.7,160.1,19973.8
2019-01-19T15:00+01:00,838.2,363.2,20031.9,216.6,238.6,20139.3
2019-01-19T16:00+01:00,841,369,22375.8,136.6,195.7,20607.1
2019-01-19T17:00+01:00,840.4,368,23015.9,117.7,191.7,20985.1
2019-01-19T18:00+01:00,840.2,368.9,22544.5,115.4,197.2,20828.1
2019-01-19T19:00+01:00,841,366.1,21213.5,82.2,221.7,20427
2019-01-19T20:00+01:00,838.1,363.9,19193.2,99.1,225.8,19916.3
2019-01-19T21:00+01:00,835.9,363.6,17524.5,135.4,214.5,19411.4
2019-01-19T22:00+01:00,835.4,369.5,15765,78.7,181.1,18971.7
2019-01-19T23:00+01:00,830.7,374.2,14823.3,106.1,172.6,18721.5
2019-01-20T00:00+01:00,824.9,372.7,14621.9,102.6,161.1,18268.7
2019-01-20T01:00+01:00,824,373.1,13952.2,82.7,161.2,17900.5
2019-01-20T02:00+01:00,824.3,370.7,13894.2,97,141.5,17731.4
2019-01-20T03:00+01:00,824.1,373.8,13426.3,180.9,181.3,17832
2019-01-20T04:00+01:00,823.8,375.3,13693.1,92.8,149.3,17825.2
2019-01-20T05:00+01:00,823.6,375.2,13698.3,106.7,131.3,17966.7
2019-01-20T06:00+01:00,822.7,369.3,13978.3,105.1,155,18275.3
2019-01-20T07:00+01:00,822.5,369.1,15108.2,98,198.5,18783
2019-01-20T08:00+01:00,825.3,371.5,16154.3,107.6,241.3,19357
2019-01-20T09:00+01:00,829,371.6,17858.7,168.1,267.9,20128.2
2019-01-20T10:00+01:00,827.3,352,18881.1,99.7,298.3,20387.1
2019-01-20T11:00+01:00,827.7,364.1,19258.9,58.6,301.4,20353.5
2019-01-20T12:00+01:00,832.3,364.6,18514.3,51.5,268.2,20118.5
2019-01-20T13:00+01:00,833.4,365.1,18113.8,39.6,276.9,20014.2
2019-01-20T14:00+01:00,833.5,362,18214.8,61.3,288.9,20092.4
2019-01-20T15:00+01:00,833.9,362.4,19991.5,30.4,282.6,20356.2
2019-01-20T16:00+01:00,835.8,361.7,22548.5,33.6,345.6,21025.4
2019-01-20T17:00+01:00,835.6,360.3,23643.2,26.6,381.9,21106.1
2019-01-20T18:00+01:00,834.8,359.8,23528.7,30.4,412.1,21069.5
2019-01-20T19:00+01:00,835.5,358.3,23693.1,39.7,429.3,20945.4
2019-01-20T20:00+01:00,835,359.2,23018.3,45.7,418.7,20707.6
2019-01-20T21:00+01:00,832.8,361.3,21918,37.7,359.9,20191.3
2019-01-20T22:00+01:00,833.7,362.4,21061,42.7,318.4,19488.9
2019-01-20T23:00+01:00,828.4,363.1,18313.8,135.6,345.4,18920.9
2019-01-21T00:00+01:00,822.8,365.8,18270.5,142.3,329.1,18467.4
2019-01-21T01:00+01:00,822,363,16440.1,174.8,369.1,18047
2019-01-21T02:00+01:00,822.2,366.8,15630,177.9,420.9,17964.4
2019-01-21T03:00+01:00,823.9,367.5,15764.6,270.2,479,18235.1
2019-01-21T04:00+01:00,825,369.3,16968.8,164.3,444.4,18207.5
2019-01-21T05:00+01:00,831.3,369.7,19417.6,224.2,489.9,18880.9
2019-01-21T06:00+01:00,837.7,365.6,22628.6,211.1,462.5,20371.5
2019-01-21T07:00+01:00,855.8,365.2,24249.4,175.3,422.6,22024.2
2019-01-21T08:00+01:00,885.5,364.4,24542.2,129.2,384.3,22404.9
2019-01-21T09:00+01:00,894.1,361.6,24495,95.7,405.1,22371.5
2019-01-21T10:00+01:00,899.7,362.7,24610.4,88,402.9,22246
2019-01-21T11:00+01:00,901.8,364.2,23929.7,88.6,309.9,21764.6
2019-01-21T12:00+01:00,902.8,362.9,23509.8,82.2,317,21499
2019-01-21T13:00+01:00,903.4,363,23379.4,78.7,333.1,21549
2019-01-21T14:00+01:00,902.5,349.6,23336.6,99.8,325.2,21709.1
2019-01-21T15:00+01:00,903.5,346.2,23377.6,101.5,361.9,21833.5
2019-01-21T16:00+01:00,907.9,345.5,23595.4,97.1,276.4,22087.7
2019-01-21T17:00+01:00,907.9,347.1,24059.4,69.3,189,22216
2019-01-21T18:00+01:00,907.8,348.9,24276.6,93.4,270.2,22042.5
2019-01-21T19:00+01:00,904.7,349.1,24091.2,122.2,234.9,21891
2019-01-21T20:00+01:00,904.6,349.6,23888.9,82,197.2,21522.9
2019-01-21T21:00+01:00,904.7,347.8,22975.9,75.7,267.2,21200.7
2019-01-21T22:00+01:00,906.8,367.2,21938.5,62.4,315.9,20440.8
2019-01-21T23:00+01:00,901.5,364.6,19886.2,90.5,382.8,19548.4
2019-01-22T00:00+01:00,898.6,367.7,19043.9,69,468.4,19110.8
2019-01-22T01:00+01:00,901.7,368.1,18325.7,38.9,523.1,18670
2019-01-22T02:00+01:00,901.1,368.4,17609.7,36.5,551.2,18549.1
2019-01-22T03:00+01:00,901.6,365.9,16859.8,70.6,567.5,18459.5
2019-01-22T04:00+01:00,901.7,365.7,17695.1,155,597.9,18556.9
2019-01-22T05:00+01:00,904,367.6,19827.7,119,635.4,19053.6
2019-01-22T06:00+01:00,902.7,369,22357.9,150.5,696,20455.2
2019-01-22T07:00+01:00,909.1,364.7,23708.3,176.2,710,22198.6
2019-01-22T08:00+01:00,917.2,358.5,24081.3,178.2,685.1,22613.2
2019-01-22T09:00+01:00,914.2,356.6,23997.2,192.8,684.6,22380.5
2019-01-22T10:00+01:00,916.7,359.9,23982.9,226.5,660.9,22311
2019-01-22T11:00+01:00,923.4,366.8,23924.1,200.1,660.8,22077.6
2019-01-22T12:00+01:00,923.6,368.3,23900.6,184.2,672,22134.9
2019-01-22T13:00+01:00,923.4,369.6,23637.8,192.6,660.4,22179.7
2019-01-22T14:00+01:00,924.6,369,23922.4,169,635.6,22178.3
2019-01-22T15:00+01:00,924.4,365.3,24207.9,139.6,626,22300.6
2019-01-22T16:00+01:00,927.8,350.2,24355.2,143.2,616.5,22756.5
2019-01-22T17:00+01:00,927.7,336.7,24276.8,133,617.8,22447.5
2019-01-22T18:00+01:00,929,348.3,23638.1,145.4,623.4,21999.2
2019-01-22T19:00+01:00,928.1,352.9,23169.9,153,608,21764.4
2019-01-22T20:00+01:00,927.8,352,22401.8,167.6,596.1,21450.2
2019-01-22T21:00+01:00,926.8,352.2,21305.1,176.4,587.2,20927.7
2019-01-22T22:00+01:00,923.9,354.8,20565.5,220.4,591.9,20279.3
2019-01-22T23:00+01:00,915.5,351.1,18127.5,148.3,594,19397.8
2019-01-23T00:00+01:00,906.5,365.9,17965.1,162.2,628.1,18749.1
2019-01-23T01:00+01:00,905.9,365.1,17332.6,148.3,630,18093.7
2019-01-23T02:00+01:00,906.4,366,16895.7,106.7,599.5,17882.4
2019-01-23T03:00+01:00,905.5,365.4,16532.1,112.7,606.9,17999.2
2019-01-23T04:00+01:00,906,365.5,17391.5,108.9,602.9,18145.2
2019-01-23T05:00+01:00,909.9,365.9,20042.9,126.6,623.4,18876.2
2019-01-23T06:00+01:00,911.4,368.4,22508.1,117.8,566,20292.9
2019-01-23T07:00+01:00,917.5,361.1,24000.9,112.4,603,21849.3
2019-01-23T08:00+01:00,912.3,353.8,23974.9,108.9,575.7,22251.5
2019-01-23T09:00+01:00,910.6,333.7,24093.9,100.2,562.2,21983.3
2019-01-23T10:00+01:00,909,333.1,24265.1,82.5,490.9,21698.2
2019-01-23T11:00+01:00,909.7,331,24275.5,74.6,461.8,21761.1
2019-01-23T12:00+01:00,910,334.6,24126.3,55.2,423.7,21580.7
2019-01-23T13:00+01:00,912.2,332.6,24275.4,67.1,430.3,21581.2
2019-01-23T14:00+01:00,911.3,331.7,24448.7,70.5,371.5,21619.7
2019-01-23T15:00+01:00,913.9,333.6,24608.9,79.6,334.4,21553.1
2019-01-23T16:00+01:00,914.7,333.9,25343.8,106.1,331.9,21915.5
2019-01-23T17:00+01:00,913.3,334.6,24803.1,123.6,378,21888.3
2019-01-23T18:00+01:00,912.8,331.8,24114.3,136.8,397.6,21526.9
2019-01-23T19:00+01:00,912.3,332.1,23682.9,145,432.3,21223.8
2019-01-23T20:00+01:00,912.4,335.3,23329.1,228.3,455.5,21176.4
2019-01-23T21:00+01:00,911.2,334.2,22914.9,272.5,449.2,20793.3
2019-01-23T22:00+01:00,906.9,360.9,21985.1,274.4,455,20092.9
2019-01-23T23:00+01:00,903.8,360.8,20562.8,214.2,420.9,19093.3
2019-01-24T00:00+01:00,905.8,370.2,20074.4,298.4,488.1,18538.7
2019-01-24T01:00+01:00,905.2,368.9,19520,294.1,525.9,18211.4
2019-01-24T02:00+01:00,905.3,364.1,19225.7,146.5,461.8,17793.4
2019-01-24T03:00+01:00,905.1,366.6,18718.2,151.3,461.2,17747.5
2019-01-24T04:00+01:00,903.6,368.2,19742.7,155.3,461.5,17925.9
2019-01-24T05:00+01:00,902.8,363.3,21308.7,186.2,509.9,18622.9
2019-01-24T06:00+01:00,901.9,363.3,23214.3,176.2,478.9,20002.6
2019-01-24T07:00+01:00,911.5,365.9,24221.4,191.8,533.6,21702.1
2019-01-24T08:00+01:00,919.6,365.3,24671.5,162.5,522.8,22215.3
2019-01-24T09:00+01:00,916.2,332.6,24772.8,164.2,491.8,21981.5
2019-01-24T10:00+01:00,916.5,342.4,24914.1,146.7,490.3,21896.9
2019-01-24T11:00+01:00,920.1,336.3,24369.7,141.7,494,21672.2
2019-01-24T12:00+01:00,920,338.8,24237.1,125.4,405.4,21467.4
2019-01-24T13:00+01:00,921.6,336.1,24250.2,124.6,431,21387.5
2019-01-24T14:00+01:00,922.3,337.4,24312.2,139.2,430.4,21522.4
2019-01-24T15:00+01:00,921.7,337.8,24527.5,174.1,402.9,21594.8
2019-01-24T16:00+01:00,922.3,333.2,24752.3,160.7,386.2,21847.5
2019-01-24T17:00+01:00,921.9,340.7,24602.8,138.5,430.9,21822.2
2019-01-24T18:00+01:00,920,363.1,24274.2,150.8,402.9,21531.7
2019-01-24T19:00+01:00,919.4,364.3,24340.2,146.9,439.4,21229.1
2019-01-24T20:00+01:00,919.6,366.5,23844.2,182,476,21008.6
2019-01-24T21:00+01:00,918.2,366.3,23400.6,185.1,504.6,20585.5
2019-01-24T22:00+01:00,915.7,366.8,22335.2,195.5,515.6,19901.9
2019-01-24T23:00+01:00,915.5,371.1,21456,151.8,487.1,19052.6
2019-01-25T00:00+01:00,922.9,370.2,20964.2,125.7,458.2,18417.3
2019-01-25T01:00+01:00,921.3,369.7,19768.4,129,467,18017.8
2019-01-25T02:00+01:00,921.6,376.2,19114.4,151.8,511.2,17833.2
2019-01-25T03:00+01:00,921.4,376,18388.6,149.1,520.6,17767.8
2019-01-25T04:00+01:00,921.9,375.1,18550.7,154.4,525.4,17931.6
2019-01-25T05:00+01:00,921.6,371.8,20811.5,156.8,548.7,18571.4
2019-01-25T06:00+01:00,920.4,376.2,22676.8,129.6,598.9,19882.2
2019-01-25T07:00+01:00,924.8,359.9,23682.8,140.3,611.2,21490.3
2019-01-25T08:00+01:00,926,362.3,24149.3,201.8,656,22001.7
2019-01-25T09:00+01:00,926.4,345.7,24312.5,211.2,640.2,21793.7
2019-01-25T10:00+01:00,926.3,344.3,24657.8,215,687.7,21966.8
2019-01-25T11:00+01:00,922.7,341,24347.8,207,706.2,21733.5
2019-01-25T12:00+01:00,922.8,345.3,24078.9,206.6,703.5,21440.1
2019-01-25T13:00+01:00,922.3,348.8,23829,240.2,720.4,21526.6
2019-01-25T14:00+01:00,912.3,349.2,23687.7,254.7,745.7,21591.6
2019-01-25T15:00+01:00,904.5,343.6,23458.5,277.4,760.5,21583.4
2019-01-25T16:00+01:00,903.7,333.8,23900.7,275.3,770.6,21806.2
2019-01-25T17:00+01:00,902.9,361,23883.3,291.3,778.3,21831.1
2019-01-25T18:00+01:00,894.3,369.8,23198.9,315.5,780.3,21561.5
2019-01-25T19:00+01:00,883.4,360.6,21483.2,295.6,747.5,21102.8
2019-01-25T20:00+01:00,876.1,363.1,19135.2,287.7,720.8,20487.6
2019-01-25T21:00+01:00,860.5,361.5,17749.6,317.3,721.8,20161.6
2019-01-25T22:00+01:00,851.3,358.3,17192.8,313.4,720,19603.8
2019-01-25T23:00+01:00,850.7,362.6,15657,309.6,730.5,19087.3
2019-01-26T00:00+01:00,843.2,359.8,14818,297,689.6,18659.7
2019-01-26T01:00+01:00,842.2,357.4,14503.8,306.8,687.6,18271.8
2019-01-26T02:00+01:00,842.5,357.3,13941.1,308.8,689.8,18012.2
2019-01-26T03:00+01:00,842.6,356.9,14076.3,307.8,665.5,17937.9
2019-01-26T04:00+01:00,841.1,358.3,14560.5,306.5,661.7,18050.9
2019-01-26T05:00+01:00,841.1,362.3,14943,303.1,681.4,18223.9
2019-01-26T06:00+01:00,840,358.3,15622.3,301.8,674.4,18549
2019-01-26T07:00+01:00,839.3,363.4,16788,294.2,650.6,19030.7
2019-01-26T08:00+01:00,839.4,370.7,18028.9,276.5,629.3,19704.3
2019-01-26T09:00+01:00,839.7,365.7,20405.8,203.2,604.8,20261.2
2019-01-26T10:00+01:00,839.9,362.4,21896.9,201,635.3,20645.6
2019-01-26T11:00+01:00,841.9,362.5,22017.6,272.5,692.1,20776
2019-01-26T12:00+01:00,840.5,362.9,21225,203.5,704.5,20539.3
2019-01-26T13:00+01:00,840.6,364.7,20430.4,208,691.8,20376.7
2019-01-26T14:00+01:00,840.3,365,19254,208.2,692.1,20297.6
2019-01-26T15:00+01:00,843.1,362.8,19239.4,276.5,736.7,20447
2019-01-26T16:00+01:00,841.4,370.2,20089.7,280.7,746.9,20827.7
2019-01-26T17:00+01:00,841.1,352.1,21429,215.8,730.6,21090.3
2019-01-26T18:00+01:00,841.6,346.2,21143,219.8,734.5,20906.7
2019-01-26T19:00+01:00,841.4,340.2,18844.7,224.5,752.6,20433
2019-01-26T20:00+01:00,840.9,340,17399.8,221.6,747.8,19984.7
2019-01-26T21:00+01:00,840.1,340.2,16105.3,218.4,761.4,19615.6
2019-01-26T22:00+01:00,840,340.8,15273.3,220.9,755.4,19294.1
2019-01-26T23:00+01:00,839.3,344,14140.3,275.8,802.2,18937.1
2019-01-27T00:00+01:00,836.1,333.2,13871.1,250.1,767.2,18422.5
2019-01-27T01:00+01:00,836,335.4,13632.2,248.4,792.5,18148.2
2019-01-27T02:00+01:00,837,346.9,13322,307.1,823.6,18048.6
2019-01-27T03:00+01:00,836.5,349.7,13306.7,236.9,791.7,17939.4
2019-01-27T04:00+01:00,836.1,348.1,13458.1,240.2,776.4,17957
2019-01-27T05:00+01:00,835.9,349.8,13464.4,243.9,790.6,18130.3
2019-01-27T06:00+01:00,835.6,345.5,14076.6,237.9,830.4,18420.5
2019-01-27T07:00+01:00,835,349.5,14417.1,242.8,821.5,18815.8
2019-01-27T08:00+01:00,835.2,349.9,14912.3,244.9,793,19335.2
2019-01-27T09:00+01:00,834.8,351.6,15619.6,317.1,801.5,20142.7
2019-01-27T10:00+01:00,834.9,350.9,16630.8,319.2,781.3,20736.8
2019-01-27T11:00+01:00,834.5,349.6,16454,295.9,749.3,20788.4
2019-01-27T12:00+01:00,835.9,348.1,16148.2,279.1,710.5,20605.9
2019-01-27T13:00+01:00,836,348.4,15933,259.7,668.5,20517.5
2019-01-27T14:00+01:00,836.3,347.2,15842.7,249.4,645,20546.7
2019-01-27T15:00+01:00,835.7,350.7,16008.6,247.4,615.7,20584.7
2019-01-27T16:00+01:00,836.1,355.8,17560.6,244.9,595.8,20940
2019-01-27T17:00+01:00,836.2,352.8,18712.2,270,574,21169
2019-01-27T18:00+01:00,836.3,353,18565.2,288.7,523.3,21015
2019-01-27T19:00+01:00,836.2,352.9,18105.8,287.6,486.6,20879.4
2019-01-27T20:00+01:00,835.7,352.9,16987.9,212.4,435,20624.1
2019-01-27T21:00+01:00,835.3,356.1,15965.2,212,396.9,20411.8
2019-01-27T22:00+01:00,840,358.7,15232.5,214.7,373.4,19871.8
2019-01-27T23:00+01:00,842.3,356.5,14287,205.8,358.8,19223.3
2019-01-28T00:00+01:00,841.4,357.1,14018.8,269.5,416.4,18757.4
2019-01-28T01:00+01:00,843.9,353.5,13485.1,251.8,377.6,18498.4
2019-01-28T02:00+01:00,845.2,352,13346.8,204,289.8,18284.5
2019-01-28T03:00+01:00,845.9,354.3,13391.3,210.8,269.4,18372.2
2019-01-28T04:00+01:00,846.5,355.9,14101.8,227.1,302.8,18707.8
2019-01-28T05:00+01:00,850.8,355.4,16304.7,177.2,253.8,19228.2
2019-01-28T06:00+01:00,852.9,355.2,18749.8,198.4,283.8,20695.7
2019-01-28T07:00+01:00,862.8,353.9,22747.1,185.1,284.7,22264.4
2019-01-28T08:00+01:00,887.9,353.8,23251.8,225.7,320.8,22687.3
2019-01-28T09:00+01:00,901.6,350.1,22683,157.4,318.8,22377.7
2019-01-28T10:00+01:00,905.5,351.7,22151.6,180.3,368.2,22369.6
2019-01-28T11:00+01:00,912.6,352.1,21982,118.2,340.9,22240
2019-01-28T12:00+01:00,915.6,345.1,21553.5,106.8,338.3,22044.9
2019-01-28T13:00+01:00,914.8,346.1,21560.2,111.9,337.3,21932.6
2019-01-28T14:00+01:00,914.8,350,21909.2,109.2,364.9,21981.5
2019-01-28T15:00+01:00,914.6,350.6,21924,168,410.7,22146.9
2019-01-28T16:00+01:00,915,349.6,22530.8,142.4,364.6,22299.3
2019-01-28T17:00+01:00,915.3,349.5,23452,85.4,399.7,22451.4
2019-01-28T18:00+01:00,914.6,350.6,23253.1,109.7,374.8,22312.7
2019-01-28T19:00+01:00,914.1,347.4,21832.4,119.8,329.4,22022.9
2019-01-28T20:00+01:00,912.5,346.9,20331.5,169.8,328.9,21794.3
2019-01-28T21:00+01:00,912.2,348.2,19462.7,109.2,310.4,21430.4
2019-01-28T22:00+01:00,905.4,348.4,17804.7,125.8,343.6,20708.7
2019-01-28T23:00+01:00,904.2,348,16355,214,401.8,20099.1
2019-01-29T00:00+01:00,895.7,358.4,14844.9,252.5,441.1,19498.5
2019-01-29T01:00+01:00,896.7,361.4,14057.5,245.6,436.2,19162.8
2019-01-29T02:00+01:00,897.7,362.9,13988.5,227.8,487.6,19072.4
2019-01-29T03:00+01:00,898.9,359.4,14228.4,230.7,487.3,19092.6
2019-01-29T04:00+01:00,902.9,359.7,15220.7,253.7,540,19434
2019-01-29T05:00+01:00,903.8,362.9,18284.1,185.3,503.9,19901.4
2019-01-29T06:00+01:00,904.4,358.2,21166.9,187,562.3,21343.3
2019-01-29T07:00+01:00,911.4,358.2,23604.4,160.6,541.7,23015.7
2019-01-29T08:00+01:00,912.6,371,23618.4,161.5,581.9,23299.8
2019-01-29T09:00+01:00,913.5,365.3,23933.1,189.5,600.1,23065
2019-01-29T10:00+01:00,913.6,368.6,23908.4,207.9,578,22957.3
2019-01-29T11:00+01:00,913.4,364.1,23895.9,193.2,616.1,22780.4
2019-01-29T12:00+01:00,913.7,363.9,24115,186.5,635.3,22654.6
2019-01-29T13:00+01:00,913.4,358.4,23659.5,189.9,609.4,22391.6
2019-01-29T14:00+01:00,913.4,357.5,23884.6,216.4,584.5,22387
2019-01-29T15:00+01:00,913.1,361.7,24261.6,163.7,570.5,22545.4
2019-01-29T16:00+01:00,914.7,362.8,24421.9,181.4,567.9,22934.3
2019-01-29T17:00+01:00,917.3,360.2,24327.4,206.6,597.1,23196.8
2019-01-29T18:00+01:00,913.7,364.2,24057.5,231.5,569.6,22898.4
2019-01-29T19:00+01:00,911,357.9,23858.6,204,542.6,22458.6
2019-01-29T20:00+01:00,908.7,360.4,23094.5,205.6,575.8,22162.3
2019-01-29T21:00+01:00,909.1,358.6,21444.1,217.3,597,21637.7
2019-01-29T22:00+01:00,905.4,361.5,19057.7,237.4,635.6,20872.1
2019-01-29T23:00+01:00,903,359.1,17019.9,219.3,695,20064.4
2019-01-30T00:00+01:00,896.2,359,16250.7,203.7,781.4,19660
2019-01-30T01:00+01:00,892.8,353.4,15802.1,213.5,783.3,19323.6
2019-01-30T02:00+01:00,893.1,354.9,15671.1,218.7,802.2,19222.1
2019-01-30T03:00+01:00,893.8,357.7,15699.8,215.9,828.9,19242.8
2019-01-30T04:00+01:00,896,360.4,16697,208.4,815.8,19566.6
2019-01-30T05:00+01:00,898.1,351.1,19433.8,195.6,826.5,20186.6
2019-01-30T06:00+01:00,898.9,352.3,22254.3,180.1,818.5,21457.8
2019-01-30T07:00+01:00,906.3,362.9,24683.9,132.8,808.5,22986.5
2019-01-30T08:00+01:00,888,364.8,24625.1,181.5,794.8,23101.7
2019-01-30T09:00+01:00,878.5,350.7,24258.2,177.1,804.1,22823.3
2019-01-30T10:00+01:00,854,350.6,24386.5,160.6,825.7,22886.2
2019-01-30T11:00+01:00,868.5,347.1,23501.6,186.5,874.4,22720.3
2019-01-30T12:00+01:00,889.2,348.1,22931.2,240.6,854.1,22601.9
2019-01-30T13:00+01:00,891.9,351.6,22815.7,207.3,829.6,22469.7
2019-01-30T14:00+01:00,892.3,345.2,22678.2,203.3,804.8,22427.2
2019-01-30T15:00+01:00,892.9,347.1,22403.7,184.5,813,22541.7
2019-01-30T16:00+01:00,892.6,348.7,23300.2,185.8,857,22936.4
2019-01-30T17:00+01:00,894.8,346.1,24142.5,149.4,838.6,22927.9
2019-01-30T18:00+01:00,893.6,348.2,23930,156,826.2,22657.2
2019-01-30T19:00+01:00,892.4,345.6,22934.3,228.5,850,22358.9
2019-01-30T20:00+01:00,891.5,344.8,20777.3,265.9,843.7,21928.6
2019-01-30T21:00+01:00,892,343.5,19377,228.3,907.4,21520.1
2019-01-30T22:00+01:00,884.2,343.5,17500.4,249.6,894.7,20773.1
2019-01-30T23:00+01:00,880.9,347.2,15651.1,287.1,876.2,19992.9
2019-01-31T00:00+01:00,879.1,348.7,15004.2,14.9,1167.2,19297.4
2019-01-31T01:00+01:00,878.5,347.2,14297.4,15.1,1046.3,18813.4
2019-01-31T02:00+01:00,879,349.6,14168.7,15.7,1080.7,18750.3
2019-01-31T03:00+01:00,879.2,348.7,14320,16.4,1035.4,18685.8
2019-01-31T04:00+01:00,879.4,347.5,15163.3,17.5,881,18741.1
2019-01-31T05:00+01:00,884.7,348.2,18294.6,18.6,1106.2,19674.5
2019-01-31T06:00+01:00,884.5,350.6,22285.6,20.3,1010.8,20976.6
2019-01-31T07:00+01:00,888.6,351.8,23776.5,21.4,1026.6,22468
2019-01-31T08:00+01:00,890.2,350.3,23851.4,22.8,1027.4,22941.8
2019-01-31T09:00+01:00,888.8,343.8,23977.1,23.4,972.7,22719.1
2019-01-31T10:00+01:00,899.7,347.7,24069.4,22.7,890.5,22660.4
2019-01-31T11:00+01:00,904,342.3,23861.5,22.4,828.3,22330.7
2019-01-31T12:00+01:00,903.7,345.3,23809.3,21.8,882.5,22383
2019-01-31T13:00+01:00,902.7,347.3,23559,21.8,958.7,22281.8
2019-01-31T14:00+01:00,902.7,350.6,23704,23.9,1069,22342.5
2019-01-31T15:00+01:00,902.7,349.7,23734.4,28.9,1049,22395.8
2019-01-31T16:00+01:00,904.5,349.3,24169.8,34.4,1013.8,23079.2
2019-01-31T17:00+01:00,902.3,349.3,24780.7,39.3,1015.9,23671.8
2019-01-31T18:00+01:00,900.5,347.4,24293.9,46.5,1009.8,23196.5
2019-01-31T19:00+01:00,899.9,347.4,23534.8,54.7,1061.6,22677.1
2019-01-31T20:00+01:00,898.8,343.6,22192.8,59.8,901.1,21491.2
2019-01-31T21:00+01:00,898,341.7,20139.7,60.6,906.2,20670.7
2019-01-31T22:00+01:00,889,342.8,17894.6,62.3,902.1,19813.4
2019-01-31T23:00+01:00,886.5,340.5,15936.3,63,1111.8,18637.7
2019-02-01T00:00+01:00,884,339.7,15215.7,2.5,965.3,17635.5
2019-02-01T01:00+01:00,880.8,336.1,14309.2,2.5,988.7,17240.5
2019-02-01T02:00+01:00,878.1,345,13803.3,2.5,1110.5,17017.3
2019-02-01T03:00+01:00,876.4,343.2,13866,2.5,987,16884.2
2019-02-01T04:00+01:00,876.1,346.1,14857.4,2.5,971.1,17218.2
2019-02-01T05:00+01:00,880.3,350,16978.5,2.5,973.5,17873.8
2019-02-01T06:00+01:00,881.6,347.5,19430.8,2.5,962.1,19215.2
2019-02-01T07:00+01:00,887.8,348.8,21965.6,2.5,1129.9,21606.8
2019-02-01T08:00+01:00,888.3,345.4,23219.1,2.5,1086.1,22317.5
2019-02-01T09:00+01:00,889.9,344.1,23379.8,2.5,1083.8,22026.9
2019-02-01T10:00+01:00,893,346.9,23205.2,2.5,1095.5,21729.7
2019-02-01T11:00+01:00,889.9,347.3,23323.7,2.5,989.1,21629.5
2019-02-01T12:00+01:00,887.9,343.8,22973.5,2.5,1072.6,21126.1
2019-02-01T13:00+01:00,874,343.6,22631.6,2.5,1071.4,21012.4
2019-02-01T14:00+01:00,870.9,343.6,22819.5,2.5,1082.1,21537.2
2019-02-01T15:00+01:00,861.8,347.9,22856.5,2.5,1080.8,21806.3
2019-02-01T16:00+01:00,860.6,346.5,23402,2.5,1093.6,21649.8
2019-02-01T17:00+01:00,859.7,356,24019.3,2.5,1086.6,21834.8
2019-02-01T18:00+01:00,858.3,356.6,23557.3,2.5,1084,21699.9
2019-02-01T19:00+01:00,856.8,358.1,22665.1,2.5,1075.8,21358.8
2019-02-01T20:00+01:00,857.9,357.5,20860.2,2.5,1097.8,20793.8
2019-02-01T21:00+01:00,852.8,355.8,19417.6,2.5,1085.5,20255.7
2019-02-01T22:00+01:00,844.2,353.9,17611.9,2.5,1096.3,19624.2
2019-02-01T23:00+01:00,840.6,350.7,15374.8,2.5,1078.2,18935.3
2019-02-02T00:00+01:00,829.4,355.3,14601.5,2.5,1049.7,18501.2
2019-02-02T01:00+01:00,829.2,357.1,13180,2.5,1071.2,18147.9
2019-02-02T02:00+01:00,828.4,357.4,12692.1,2.5,988,17964.4
2019-02-02T03:00+01:00,828.9,354.8,12633.4,2.5,949.3,17788.7
2019-02-02T04:00+01:00,828.7,360.3,12907.6,2.5,882.2,17799.7
2019-02-02T05:00+01:00,828.5,361.6,13360,2.5,864.4,18052.8
2019-02-02T06:00+01:00,829.3,360.5,13882.4,2.5,807.3,18364.8
2019-02-02T07:00+01:00,831.7,359.3,14968.5,2.5,788.3,19020.1
2019-02-02T08:00+01:00,829.9,360.1,17442.1,2.5,770.2,19814.1
2019-02-02T09:00+01:00,830.9,357.6,20693.3,2.5,819.5,20577.6
2019-02-02T10:00+01:00,830.2,357.1,22123.2,2.5,747.1,20935.9
2019-02-02T11:00+01:00,830.7,356,21941.8,2.5,755,20947.3
2019-02-02T12:00+01:00,833.5,357.9,21143.4,2.5,733.2,20818.9
2019-02-02T13:00+01:00,834.7,358.9,18774.8,2.5,657.9,20455.7
2019-02-02T14:00+01:00,831.2,354,16933.8,2.5,700.8,20383.4
2019-02-02T15:00+01:00,831.3,358.7,16985.2,2.5,717.5,20547.4
2019-02-02T16:00+01:00,837.2,360,19264.5,2.5,714.7,20812.6
2019-02-02T17:00+01:00,838.1,359.6,22144,2.5,696.2,21416
2019-02-02T18:00+01:00,837.8,362.1,22555.2,2.5,690.1,21236
2019-02-02T19:00+01:00,832.9,357.3,20608.5,2.5,660,20763.8
2019-02-02T20:00+01:00,828.5,356.5,17735.2,2.5,688.1,20207.2
2019-02-02T21:00+01:00,828.3,350.5,15670.6,2.5,638.7,19935.7
2019-02-02T22:00+01:00,828.6,353.4,14631.4,2.5,648.3,19431.1
2019-02-02T23:00+01:00,827.6,355.6,13322.2,2.5,638.9,18911.4
2019-02-03T00:00+01:00,821.1,357.2,13011,2.5,539.2,18436.9
2019-02-03T01:00+01:00,821.3,361.3,12465,2.5,540.9,18115.6
2019-02-03T02:00+01:00,821.2,365.4,12097.5,2.5,585.9,17930.8
2019-02-03T03:00+01:00,820.7,362.5,11985.3,2.5,576.6,17884.8
2019-02-03T04:00+01:00,821,361.4,12072.6,2.5,528.1,17892.1
2019-02-03T05:00+01:00,821.2,361.4,12255.7,2.5,552,17996.3
2019-02-03T06:00+01:00,820.6,361.2,12938.4,2.5,563.4,18316.9
2019-02-03T07:00+01:00,823.1,364.6,13419.3,2.5,589.9,18715.9
2019-02-03T08:00+01:00,824,363.5,14334.1,2.5,566.7,19077.5
2019-02-03T09:00+01:00,823.5,358.1,15888.7,2.5,546.5,19796.6
2019-02-03T10:00+01:00,823.8,363.8,16904.8,2.5,476.9,20163.3
2019-02-03T11:00+01:00,823,360.7,17701.8,2.5,483.6,20157.2
2019-02-03T12:00+01:00,822.8,351.3,17306.4,2.5,540.5,19975.7
2019-02-03T13:00+01:00,822.6,359.9,16494,2.5,569.6,19755.2
2019-02-03T14:00+01:00,822.5,362.3,16155.9,2.5,509.4,19593.9
2019-02-03T15:00+01:00,822.4,358.9,16383.1,2.5,401.3,19595.5
2019-02-03T16:00+01:00,822.6,353.8,18135.2,2.5,487,20250.2
2019-02-03T17:00+01:00,822.6,354.8,21151.1,2.5,562.6,20958.4
2019-02-03T18:00+01:00,823.1,353.8,22273.4,2.5,581.6,21077.4
2019-02-03T19:00+01:00,821.9,353.9,22302.9,2.5,449.8,20851.4
2019-02-03T20:00+01:00,817.3,361,21012.2,2.5,390.4,20612.5
2019-02-03T21:00+01:00,817.2,358.8,18395.3,2.5,389.4,20237.4
2019-02-03T22:00+01:00,817.4,363.6,16471.4,2.5,420.3,19752.4
2019-02-03T23:00+01:00,816.1,362.5,14893.1,2.5,470.9,19171.7
2019-02-04T00:00+01:00,817.1,360.2,14791.5,2.5,598.8,18825.4
2019-02-04T01:00+01:00,817.6,358.9,14344.8,2.5,592,18528.7
2019-02-04T02:00+01:00,818.5,358.3,14121.2,2.5,562.8,18538.1
2019-02-04T03:00+01:00,817.7,358.8,14230.4,2.5,560.1,18610.3
2019-02-04T04:00+01:00,817.3,359.6,15184.2,2.5,532,18771.6
2019-02-04T05:00+01:00,817.9,358.6,17296.2,2.5,520.2,19260.2
2019-02-04T06:00+01:00,825.5,356.9,20573.5,2.5,512,20798.9
2019-02-04T07:00+01:00,836.6,362.3,22695.1,2.5,511.7,22248.9
2019-02-04T08:00+01:00,853,358.6,22711.4,2.5,500.4,22493.4
2019-02-04T09:00+01:00,869.1,353.8,22614.4,2.5,509.8,22506.7
2019-02-04T10:00+01:00,879,352.1,22060.6,2.5,514.4,22502.9
2019-02-04T11:00+01:00,877.7,351.5,21026.6,2.5,458.1,22211
2019-02-04T12:00+01:00,878.6,358.1,20735.9,2.5,470.3,21984.6
2019-02-04T13:00+01:00,878.3,356.4,20625.9,2.5,473.9,21980.8
2019-02-04T14:00+01:00,880.2,350.8,20802.2,2.5,460.4,22013.4
2019-02-04T15:00+01:00,883.3,349.3,20734.8,2.5,473.2,22099.9
2019-02-04T16:00+01:00,883,345.9,21216.5,2.5,529.5,22335.2
2019-02-04T17:00+01:00,883.3,342.9,21709.9,2.5,512.4,22506.8
2019-02-04T18:00+01:00,881.5,347.9,21067.4,2.5,498.4,22195
2019-02-04T19:00+01:00,880.6,347.6,19934.8,2.5,432.4,21854.8
2019-02-04T20:00+01:00,873.4,349.6,18660.6,2.5,347.5,21458.4
2019-02-04T21:00+01:00,874.1,349.8,17558.1,2.5,299.2,20851.6
2019-02-04T22:00+01:00,869.1,350,15457.4,2.5,343.4,20220.7
2019-02-04T23:00+01:00,868.5,351.4,13564.6,2.5,348.6,19242.3
2019-02-05T00:00+01:00,865.5,345.1,13079.2,2.5,481.3,18707.5
2019-02-05T01:00+01:00,865.7,353.4,12929.5,2.5,547.6,18465.4
2019-02-05T02:00+01:00,865.4,351.5,12415,2.5,493.3,18052.5
2019-02-05T03:00+01:00,865.7,309.2,12497.2,2.5,451.8,17942.7
2019-02-05T04:00+01:00,865.6,309.3,13388.9,2.5,424.8,18067.2
2019-02-05T05:00+01:00,866.1,305.4,14978.2,2.5,399.3,18710.5
2019-02-05T06:00+01:00,868.3,347.1,18428.8,2.5,426.9,20271.5
2019-02-05T07:00+01:00,874.9,345.2,22337,2.5,341.9,21840.5
2019-02-05T08:00+01:00,886.2,348.5,23481.5,2.5,339.6,22294.9
2019-02-05T09:00+01:00,881.5,346.8,23424.3,2.5,275.3,22045.9
2019-02-05T10:00+01:00,883.2,349,23405.5,2.5,240.7,21851.4
2019-02-05T11:00+01:00,886.9,349.5,22913.2,2.5,219.7,21634
2019-02-05T12:00+01:00,887.3,325.9,22422.9,2.5,202.7,21415.1
2019-02-05T13:00+01:00,887.6,331.8,22093.2,2.5,184.3,21062.6
2019-02-05T14:00+01:00,887.6,344.3,22260.4,2.5,220.6,21105.3
2019-02-05T15:00+01:00,888.5,348.6,22553.2,2.5,206.5,21177.6
2019-02-05T16:00+01:00,889.2,348.1,23333.2,2.5,197.3,21404.7
2019-02-05T17:00+01:00,890.4,348.6,24462.5,2.5,144.3,21710.5
2019-02-05T18:00+01:00,889.4,346,24394.8,2.5,135.4,21669.2
2019-02-05T19:00+01:00,887.4,344.7,23628.5,2.5,137.9,21420.4
2019-02-05T20:00+01:00,883.3,346.1,22451.7,2.5,124.7,21111.6
2019-02-05T21:00+01:00,872.3,346,20942.7,2.5,123.1,20819.8
2019-02-05T22:00+01:00,863.5,343.9,17580.8,2.5,157.9,20232
2019-02-05T23:00+01:00,861.6,342.3,15342.7,2.5,167,19336.8
2019-02-06T00:00+01:00,866.8,347.8,14913.6,2.5,315.2,18801.5
2019-02-06T01:00+01:00,865.8,350.4,14696.3,2.5,368.6,18571.4
2019-02-06T02:00+01:00,866.2,350.4,14878.7,2.5,448.2,18537.2
2019-02-06T03:00+01:00,866.2,351.7,15065.6,2.5,485.8,18483.3
2019-02-06T04:00+01:00,865.9,350.9,15777.5,2.5,573,18720.3
2019-02-06T05:00+01:00,865.5,349.2,17466.6,2.5,593.9,19190.2
2019-02-06T06:00+01:00,866.5,347.4,20450.1,2.5,604.5,20523.5
2019-02-06T07:00+01:00,873.7,350.1,23252.2,2.5,616.6,22317.7
2019-02-06T08:00+01:00,877.7,349.2,24070.8,2.5,641.4,22699.3
2019-02-06T09:00+01:00,878.9,348.9,23717.4,2.5,587.9,22509.9
2019-02-06T10:00+01:00,876.8,369.6,22927.3,2.5,566.1,22346
2019-02-06T11:00+01:00,876.3,365.2,22563.9,2.5,494.9,22126.7
2019-02-06T12:00+01:00,878.4,325.5,22421.9,2.5,444.5,21914.5
2019-02-06T13:00+01:00,879.1,324.9,21989.1,2.5,386.9,21641.2
2019-02-06T14:00+01:00,878.6,324,22243.8,2.5,388.3,21840.1
2019-02-06T15:00+01:00,877.9,324,22846.5,2.5,543.2,21930.7
2019-02-06T16:00+01:00,879.6,343.9,23731.5,2.5,554.1,21927.2
2019-02-06T17:00+01:00,879.8,344,24400.4,2.5,449,22047.6
2019-02-06T18:00+01:00,878,342.1,24210.2,2.5,456.5,21802.6
2019-02-06T19:00+01:00,878.5,343.2,24078.5,2.5,416.9,21417.3
2019-02-06T20:00+01:00,875.2,343.1,22540.6,2.5,520.5,21107
2019-02-06T21:00+01:00,870.9,362.1,19145.1,2.5,599.8,20592.8
2019-02-06T22:00+01:00,866.4,361.1,16529.5,2.5,656,19870.2
2019-02-06T23:00+01:00,866.5,365.1,14055.3,2.5,765.3,19127.6
2019-02-07T00:00+01:00,845.7,359.2,13628.9,2.5,677,18359.4
2019-02-07T01:00+01:00,841.3,362,12919.1,2.5,620.9,17894.4
2019-02-07T02:00+01:00,840,364.8,12649,2.5,757.8,17907.3
2019-02-07T03:00+01:00,838,363.3,12556.9,2.5,859.8,17926.4
2019-02-07T04:00+01:00,838.4,363.4,13568.3,2.5,899.5,18080.2
2019-02-07T05:00+01:00,838.7,362.2,15589.9,2.5,741.1,18470.4
2019-02-07T06:00+01:00,838,364.4,18207,2.5,749.1,20183.7
2019-02-07T07:00+01:00,838.8,364.8,21734.9,2.5,664.3,21393.1
2019-02-07T08:00+01:00,844.8,362.2,22420.4,2.5,636.5,21753.3
2019-02-07T09:00+01:00,847.2,336.7,22425.8,2.5,585,21525.5
2019-02-07T10:00+01:00,846,340.3,21592.3,2.5,633.9,21513.4
2019-02-07T11:00+01:00,846.5,341.3,20992,2.5,540.5,21196.8
2019-02-07T12:00+01:00,849.7,343.9,20329.6,2.5,462.6,20976.7
2019-02-07T13:00+01:00,849.5,348.6,20169,2.5,481.5,21076.1
2019-02-07T14:00+01:00,848.5,342.2,19769.5,2.5,560.5,20962
2019-02-07T15:00+01:00,850.1,339.9,19638.7,2.5,583.3,21013.1
2019-02-07T16:00+01:00,851,337.1,19789.3,2.5,562.3,21093
2019-02-07T17:00+01:00,850.6,341.2,21075.4,2.5,669.7,21511.5
2019-02-07T18:00+01:00,849.1,339.9,20886,2.5,656.6,21411.6
2019-02-07T19:00+01:00,848.4,334.9,18741.9,2.5,667.8,21069.5
2019-02-07T20:00+01:00,846.4,336.8,17108.5,2.5,590.5,20864
2019-02-07T21:00+01:00,842.4,337.5,15395.6,2.5,451.6,20196.1
2019-02-07T22:00+01:00,838.8,335.3,14469.2,2.5,436.8,19538.1
2019-02-07T23:00+01:00,838.2,338.2,12838.9,2.5,398.8,18699.9
2019-02-08T00:00+01:00,838.3,342.9,12432.9,2.5,382.3,18103.1
2019-02-08T01:00+01:00,839,347.1,11934.2,2.5,376.9,17768.2
2019-02-08T02:00+01:00,839.5,343.4,11900,2.5,377,17520.3
2019-02-08T03:00+01:00,839.2,343.8,11665.3,2.5,460.2,17496.9
2019-02-08T04:00+01:00,839.1,343.4,11856.1,2.5,589.2,17798.4
2019-02-08T05:00+01:00,838.7,341.9,13180.3,2.5,381.1,18181.9
2019-02-08T06:00+01:00,838.1,344.9,16592.2,2.5,380.4,19660.4
2019-02-08T07:00+01:00,842,343.5,20728,2.5,348,21090.4
2019-02-08T08:00+01:00,848.5,344.8,21777.5,2.5,375.1,21441.7
2019-02-08T09:00+01:00,846.1,344,21632,2.5,469.1,21452.4
2019-02-08T10:00+01:00,846.8,345.3,19893.5,2.5,395.2,20887.7
2019-02-08T11:00+01:00,846.3,337.8,18107,2.5,418.1,20390.3
2019-02-08T12:00+01:00,849.8,321.4,16609,2.5,489.6,19944.7
2019-02-08T13:00+01:00,850.5,321.6,16259.7,2.5,542.5,19821.1
2019-02-08T14:00+01:00,838.2,321.1,16314.6,2.5,606.4,19761.8
2019-02-08T15:00+01:00,828.2,340.3,16031.7,2.5,645.9,19824.5
2019-02-08T16:00+01:00,827.7,344.6,16500.5,2.5,627.8,20039.6
2019-02-08T17:00+01:00,823.5,367.7,17993,2.5,642.5,20501
2019-02-08T18:00+01:00,823.9,365.1,18108.5,2.5,654.4,20342.9
2019-02-08T19:00+01:00,823,365.2,15861.3,2.5,653.6,19949.2
2019-02-08T20:00+01:00,821.7,363.3,14482.1,2.5,672,19318.4
2019-02-08T21:00+01:00,814.2,364,13154.3,2.5,729.6,18680.6
2019-02-08T22:00+01:00,808.5,365.6,12680,2.5,879.6,18226.6
2019-02-08T23:00+01:00,811.4,367.1,11912.9,2.5,959.3,17611.4
2019-02-09T00:00+01:00,838.6,367.4,12367.1,2.5,948.5,17019.8
2019-02-09T01:00+01:00,840.7,362.8,11399.6,2.5,1010.3,16606.8
2019-02-09T02:00+01:00,842.1,365.6,11167,2.5,994.5,16450.1
2019-02-09T03:00+01:00,842.9,366.7,10949.7,2.5,1018.2,16324.2
2019-02-09T04:00+01:00,844.1,366.6,11102.1,2.5,948.6,16310
2019-02-09T05:00+01:00,843.9,366.6,11421.8,2.5,989.3,16679.9
2019-02-09T06:00+01:00,843.8,365.2,11584.3,2.5,944.8,16716.5
2019-02-09T07:00+01:00,844.5,360.2,12125.5,2.5,925.2,17172
2019-02-09T08:00+01:00,844.5,360.2,12663.2,2.5,961.4,17831.2
2019-02-09T09:00+01:00,849.1,363.2,14868.5,2.5,820.9,18630.5
2019-02-09T10:00+01:00,842,359.1,15602.6,2.5,750.1,18726.4
2019-02-09T11:00+01:00,844.7,362.9,15378.8,2.5,775.8,18720.4
2019-02-09T12:00+01:00,845.6,362,14946.4,2.5,753.9,18538.2
2019-02-09T13:00+01:00,846.1,348.4,14458.4,2.5,727.3,18395.7
2019-02-09T14:00+01:00,848.4,338.9,13679.4,2.5,650.3,18145.9
2019-02-09T15:00+01:00,846.4,342.8,13531.9,2.5,563.2,18245.1
2019-02-09T16:00+01:00,854.5,345.6,14874.6,2.5,550.4,18459.2
2019-02-09T17:00+01:00,854.9,347,16620.4,2.5,527,18888.3
2019-02-09T18:00+01:00,855.8,344.8,16398.5,2.5,542.9,18976.2
2019-02-09T19:00+01:00,855.6,341.2,14675.4,2.5,580.9,18737.1
2019-02-09T20:00+01:00,855.5,352,13470.3,2.5,581.3,18356.8
2019-02-09T21:00+01:00,855.8,364.1,12984.6,2.5,530.1,17783.5
2019-02-09T22:00+01:00,860.8,362.4,13261.4,2.5,563.2,17447.2
2019-02-09T23:00+01:00,860.8,366.5,12525.4,2.5,526,16933.8
2019-02-10T00:00+01:00,853.4,369.8,11622.6,2.5,564.3,16539.8
2019-02-10T01:00+01:00,849,372.7,10880.9,2.5,555,16237.4
2019-02-10T02:00+01:00,850.9,374,10425.4,2.5,588.1,16044.7
2019-02-10T03:00+01:00,851.9,372,10262.3,2.5,601.4,16026.3
2019-02-10T04:00+01:00,857.8,373.1,10285,2.5,601.6,15994.5
2019-02-10T05:00+01:00,859.5,375.5,10393.4,2.5,631.6,16149.2
2019-02-10T06:00+01:00,860.6,374.7,11306.6,2.5,571.5,16346.9
2019-02-10T07:00+01:00,860.8,373,11189.9,2.5,523,16514.3
2019-02-10T08:00+01:00,858.3,348.9,11715.4,2.5,514.5,17075.5
2019-02-10T09:00+01:00,863.6,352.7,12931.3,2.5,499.2,17575
2019-02-10T10:00+01:00,862.2,352,13696.9,2.5,450.3,17903.4
2019-02-10T11:00+01:00,864.9,349.8,13824.9,2.5,451.7,17907.7
2019-02-10T12:00+01:00,864.9,349.6,14073.1,2.5,394.3,17963.7
2019-02-10T13:00+01:00,868.6,348.7,13751.1,2.5,379.7,17853.9
2019-02-10T14:00+01:00,877.4,348.7,13524.4,2.5,353.3,17768.1
2019-02-10T15:00+01:00,875.9,347.9,13940.5,2.5,299.7,17957
2019-02-10T16:00+01:00,875.8,347.8,15488.2,2.5,327.2,18018
2019-02-10T17:00+01:00,874.1,344.1,16922.2,2.5,309.4,18115.2
2019-02-10T18:00+01:00,873.8,364.2,17741.2,2.5,329,18411.2
2019-02-10T19:00+01:00,877.9,366.5,16810.8,2.5,423,18411.2
2019-02-10T20:00+01:00,877.3,369,14954,2.5,381.5,18272
2019-02-10T21:00+01:00,875.4,370.7,13999.7,2.5,396.6,18133
2019-02-10T22:00+01:00,874.6,368.6,13069.2,2.5,465.8,17572.3
2019-02-10T23:00+01:00,876,370.1,12036.5,2.5,607.4,17193.5
2019-02-11T00:00+01:00,874.1,369.4,11399.8,2.7,627.2,16803.2
2019-02-11T01:00+01:00,873.7,366.8,10684,2.7,693,16499.2
2019-02-11T02:00+01:00,872.3,366.5,10397.8,2.7,720.8,16454.8
2019-02-11T03:00+01:00,873,369.5,10301.9,2.7,803.6,16487
2019-02-11T04:00+01:00,871.1,365,10509,2.7,824.8,16774.1
2019-02-11T05:00+01:00,872.4,364.7,12153.6,2.7,812.2,17382.5
2019-02-11T06:00+01:00,878.3,363.1,15146.8,2.7,792.3,19109.9
2019-02-11T07:00+01:00,894.9,367.5,17835.8,2.7,724.2,20649.3
2019-02-11T08:00+01:00,906.6,363.9,18707.6,2.7,700.8,20843.5
2019-02-11T09:00+01:00,917,337.9,17710.2,2.7,696.5,20551.5
2019-02-11T10:00+01:00,926,336.5,17151.6,2.7,749.3,20195.8
2019-02-11T11:00+01:00,930.6,338.4,16791.2,2.7,772.8,19857.1
2019-02-11T12:00+01:00,928.2,339.9,16760.9,2.7,767.5,19751.4
2019-02-11T13:00+01:00,928.1,344.3,16404.7,2.7,800.2,19424.3
2019-02-11T14:00+01:00,922.2,339.5,16073.4,2.7,736.4,19101.8
2019-02-11T15:00+01:00,924.5,339.6,16100.1,2.7,947,19371.7
2019-02-11T16:00+01:00,923.6,341.8,16692.7,2.7,878.5,19639.1
2019-02-11T17:00+01:00,923.9,340.3,17821.5,2.7,916.5,20073.6
2019-02-11T18:00+01:00,920.4,340.4,18012.8,2.7,895.9,20057.8
2019-02-11T19:00+01:00,914.7,337.5,17624.4,2.7,990.2,19952
2019-02-11T20:00+01:00,913.6,338,15617.8,2.7,851.9,19466.9
2019-02-11T21:00+01:00,910.1,340.4,14330.5,2.7,982.9,19327.5
2019-02-11T22:00+01:00,900,327.7,13250,2.7,929.5,18711.8
2019-02-11T23:00+01:00,894,332.3,11961.6,2.7,879.8,17971.1
2019-02-12T00:00+01:00,911.3,332.3,11565.7,3.2,913.5,17540.7
2019-02-12T01:00+01:00,911.4,334,11264.7,3.2,862.3,17353.2
2019-02-12T02:00+01:00,912.6,335.5,10929.1,3.2,718.5,17115.2
2019-02-12T03:00+01:00,911.5,338,11076.7,3.2,661.1,17219.1
2019-02-12T04:00+01:00,910.8,322,11652.7,3.2,592,17497.5
2019-02-12T05:00+01:00,910.6,321.6,13628.1,3.2,585.1,18115.5
2019-02-12T06:00+01:00,911.8,321.6,16910.6,3.2,520.8,19579.5
2019-02-12T07:00+01:00,922.9,321.8,21290.1,3.2,424.2,21333
2019-02-12T08:00+01:00,924.9,341.5,21960.9,3.2,419,21128.8
2019-02-12T09:00+01:00,931.2,338.8,22271,3.2,453.3,20872.7
2019-02-12T10:00+01:00,932.6,338.8,22117,3.2,532,20802.3
2019-02-12T11:00+01:00,932.1,341.6,21686.2,3.2,560.4,20642.2
2019-02-12T12:00+01:00,930.1,340.6,20869.9,3.2,511.7,20319.3
2019-02-12T13:00+01:00,930,340.4,19963.5,3.2,493.9,19893.7
2019-02-12T14:00+01:00,930.4,339.8,20509.8,3.2,545.6,19927.5
2019-02-12T15:00+01:00,930.8,343.5,20778.9,3.2,610.3,20352.8
2019-02-12T16:00+01:00,931.7,345.3,21074,3.2,725.1,20480
2019-02-12T17:00+01:00,930.9,346,21469.3,3.2,728.1,20438.4
2019-02-12T18:00+01:00,929.8,340.7,21070.2,3.2,887.4,20222.7
2019-02-12T19:00+01:00,927.7,341,19644.9,3.2,949.1,19777.4
2019-02-12T20:00+01:00,928,340.4,16309,3.2,977.6,19283.8
2019-02-12T21:00+01:00,927.5,341.8,14127.3,3.2,974.1,18816.3
2019-02-12T22:00+01:00,920.6,344.9,13415.8,3.2,968.2,18265.8
2019-02-12T23:00+01:00,923.1,345.4,11209.1,3.2,996.8,17226.3
2019-02-13T00:00+01:00,919.2,344.6,10797.9,2.7,1199.4,16741.3
2019-02-13T01:00+01:00,920.4,339.1,10179.1,2.7,1135.4,16247.9
2019-02-13T02:00+01:00,927.5,343.9,9965.9,2.7,1087.7,16050.9
2019-02-13T03:00+01:00,929.7,343.3,9926.8,2.7,1064.8,16092.5
2019-02-13T04:00+01:00,932.6,342.6,9995.3,2.7,1042.9,16284
2019-02-13T05:00+01:00,937,341.6,10643.9,2.7,971.7,16649.4
2019-02-13T06:00+01:00,940.4,345.5,13294.1,2.7,952.6,17871
2019-02-13T07:00+01:00,948.7,343.2,16411.6,2.7,927.6,19231.6
2019-02-13T08:00+01:00,955.5,344.7,16807.2,2.7,878.9,19157
2019-02-13T09:00+01:00,961.2,351.2,15980.9,2.7,868.5,18927.2
2019-02-13T10:00+01:00,967.1,350.8,15280.3,2.7,826.1,18541.5
2019-02-13T11:00+01:00,972.2,352.8,14653,2.7,794.1,18294.1
2019-02-13T12:00+01:00,973.1,353.8,13968.8,2.7,761.3,18250.9
2019-02-13T13:00+01:00,977.8,348.4,13976.7,2.7,745.3,18087.9
2019-02-13T14:00+01:00,979.2,351.9,14744.8,2.7,722.9,18086.4
2019-02-13T15:00+01:00,978.5,355.4,15467.6,2.7,757.1,18115.8
2019-02-13T16:00+01:00,981.3,357.4,17208.3,2.7,754.3,18551.8
2019-02-13T17:00+01:00,976.7,352.1,19033.8,2.7,746.1,18864.4
2019-02-13T18:00+01:00,980.3,357.3,18930,2.7,646,18709.5
2019-02-13T19:00+01:00,983.6,360.7,17856.9,2.7,625.9,18328
2019-02-13T20:00+01:00,981.9,376.5,16736,2.7,695.5,18561.9
2019-02-13T21:00+01:00,978.5,375.4,15139.4,2.7,636.6,17899
2019-02-13T22:00+01:00,972.7,376.6,14313.6,2.7,654.8,17269
2019-02-13T23:00+01:00,970.6,375,12154.8,2.7,809.5,16612.2
2019-02-14T00:00+01:00,1035.7,372.5,11605.6,3.7,1025.6,16284.7
2019-02-14T01:00+01:00,1029.4,376.4,11242.6,3.7,1067.8,16026.7
2019-02-14T02:00+01:00,1032.3,373.1,11207.5,3.7,1067.5,15801.5
2019-02-14T03:00+01:00,1031.1,372.5,10968.3,3.7,1076.3,15774.7
2019-02-14T04:00+01:00,1031.4,370.2,11463.8,3.7,1075.3,15902
2019-02-14T05:00+01:00,1039.3,370.1,13582,3.7,1110.5,16493.8
2019-02-14T06:00+01:00,1034.1,370.2,16536.5,3.7,1076.7,17793.4
2019-02-14T07:00+01:00,1042,370.4,18458.9,3.7,1008.5,19133.4
2019-02-14T08:00+01:00,1041.5,369.9,18745,3.7,1050.6,19306.8
2019-02-14T09:00+01:00,1044.2,343.8,19078,3.7,977.5,19212.2
2019-02-14T10:00+01:00,1043.6,347.2,19179.3,3.7,934.2,19174.4
2019-02-14T11:00+01:00,1049.8,336.3,17639.7,3.7,802.4,18640.5
2019-02-14T12:00+01:00,1062.8,342.6,15490.4,3.7,757.7,18370.9
2019-02-14T13:00+01:00,1068.6,339.6,15191.6,3.7,749.6,18299.4
2019-02-14T14:00+01:00,1077.4,341.1,16358.6,3.7,871,18560.1
2019-02-14T15:00+01:00,1080,342.1,17260.1,3.7,988.7,18653.7
2019-02-14T16:00+01:00,1083,339.1,17937.2,3.7,906.3,18667.2
2019-02-14T17:00+01:00,1084.2,340.1,18503.9,3.7,900.1,18909
2019-02-14T18:00+01:00,1089,344.3,18215.1,3.7,906.4,18785.4
2019-02-14T19:00+01:00,1097.3,342.1,17376.8,3.7,893.8,18560.1
2019-02-14T20:00+01:00,1094,345.7,15891.4,3.7,926.7,18321.3
2019-02-14T21:00+01:00,1097.2,344.1,14922.9,3.7,941.2,18025.4
2019-02-14T22:00+01:00,1093.6,345.2,13783.2,3.7,957.1,17337.8
2019-02-14T23:00+01:00,1093.1,346.7,12366.8,3.7,897.6,16460.4
2019-02-15T00:00+01:00,1105.8,344,12118.1,3.7,839.3,15782.8
2019-02-15T01:00+01:00,1099.7,341.8,11122.6,3.7,820.9,15383.6
2019-02-15T02:00+01:00,1105.3,342.6,10767.3,3.7,841.8,15343.1
2019-02-15T03:00+01:00,1107,343.2,10695.2,3.7,758.5,15259.9
2019-02-15T04:00+01:00,1106.6,344.8,11123.9,3.7,829.7,15637.9
2019-02-15T05:00+01:00,1108.3,350,13709.7,3.7,943,16208.8
2019-02-15T06:00+01:00,1103.8,348.4,15530.3,3.7,932.7,17147.6
2019-02-15T07:00+01:00,1107.9,356.7,17067.5,3.7,893.9,18596.1
2019-02-15T08:00+01:00,1110.4,356.2,17655.3,3.7,927.8,18977.8
2019-02-15T09:00+01:00,1102.7,354.1,17792,3.7,966.6,18918.8
2019-02-15T10:00+01:00,1100.3,354.9,17648.7,3.7,971.5,18766.3
2019-02-15T11:00+01:00,1102.1,355.2,16160.8,3.7,921.7,18341
2019-02-15T12:00+01:00,1108.3,352.7,14662,3.7,847.3,18019.7
2019-02-15T13:00+01:00,1093.2,345.3,13861.9,3.7,781.6,17743.7
2019-02-15T14:00+01:00,1094.5,359.2,14235.1,3.7,741,17784.5
2019-02-15T15:00+01:00,1086,363.1,15560.7,3.7,688.8,17698.4
2019-02-15T16:00+01:00,1090,364.6,16727.7,3.7,684.1,17781
2019-02-15T17:00+01:00,1089.8,364.1,17556.7,3.7,727.4,18259.8
2019-02-15T18:00+01:00,1091.5,366.6,17547.3,3.7,747,18487.8
2019-02-15T19:00+01:00,1088.2,364.9,16305.4,3.7,738.5,18241.4
2019-02-15T20:00+01:00,1088.1,367.1,14230.1,3.7,707.6,17698.3
2019-02-15T21:00+01:00,1085.5,367.5,12662.5,3.7,718.8,17175.4
2019-02-15T22:00+01:00,1079.7,368.6,12104.7,3.7,747.9,16734.8
2019-02-15T23:00+01:00,1076.5,366.1,10760.9,3.7,841.4,16216.8
2019-02-16T00:00+01:00,1125,364.8,10186.6,3.8,889.7,15709.6
2019-02-16T01:00+01:00,1119.3,364.2,9604.4,3.8,951.1,15460.8
2019-02-16T02:00+01:00,1118,365.3,9518.2,3.8,1016.4,15556.5
2019-02-16T03:00+01:00,1117.3,362.1,9412.8,3.8,1018.6,15514.5
2019-02-16T04:00+01:00,1113.5,362,9322.6,3.8,1023.7,15513.3
2019-02-16T05:00+01:00,1113.3,361.5,9317.3,3.8,1007.7,15640.7
2019-02-16T06:00+01:00,1112.1,363.5,9825.2,3.8,976.2,16066.1
2019-02-16T07:00+01:00,1110.8,366,10876.7,3.8,926.2,16493.8
2019-02-16T08:00+01:00,1110.3,366.9,11480.7,3.8,904.2,16999.4
2019-02-16T09:00+01:00,1110.4,365,11717.4,3.8,864.5,17528.4
2019-02-16T10:00+01:00,1105.3,365.7,11996.2,3.8,873.2,17960.1
2019-02-16T11:00+01:00,1104.4,369.4,11602.5,3.8,870.5,17713.4
2019-02-16T12:00+01:00,1106.6,373.8,11402.8,3.8,914.4,17711
2019-02-16T13:00+01:00,1113.1,371.3,11301.9,3.8,858.8,17550.3
2019-02-16T14:00+01:00,1119.1,373.9,11397.5,3.8,852.2,17492.4
2019-02-16T15:00+01:00,1122.6,375.1,11687.8,3.8,818.4,17502
2019-02-16T16:00+01:00,1130.2,372.6,12976.7,3.8,723.9,17631.5
2019-02-16T17:00+01:00,1130.6,374.3,14676.7,3.8,692.8,17981.1
2019-02-16T18:00+01:00,1134.4,373.3,15497.8,3.8,638.3,18422
2019-02-16T19:00+01:00,1132.3,376.1,14364.4,3.8,695.8,18172.5
2019-02-16T20:00+01:00,1133.6,373,13308.8,3.8,665.2,17709.8
2019-02-16T21:00+01:00,1131,365.2,12622.7,3.8,701.1,17287.5
2019-02-16T22:00+01:00,1128.3,366.4,11901.5,3.8,651.9,16828.2
2019-02-16T23:00+01:00,1126.7,366,11910,3.8,595.4,16396.1
2019-02-17T00:00+01:00,1114.6,370.3,10516.2,3.3,640.5,16174.9
2019-02-17T01:00+01:00,1111.1,367.5,10397.2,3.3,596.7,15990.3
2019-02-17T02:00+01:00,1110.6,365.4,10322,3.3,512.5,15793.9
2019-02-17T03:00+01:00,1106.9,361.8,10243.7,3.3,443.9,15799.4
2019-02-17T04:00+01:00,1105.6,359,10062.6,3.3,393.4,15765.5
2019-02-17T05:00+01:00,1105.5,357,10177.5,3.3,378.4,15804.3
2019-02-17T06:00+01:00,1105.5,357,10414.8,3.3,424,16036.5
2019-02-17T07:00+01:00,1108.1,358.4,10919.8,3.3,482,16327.6
2019-02-17T08:00+01:00,1097.7,360.2,11433.3,3.3,550.5,16628.6
2019-02-17T09:00+01:00,1097.4,359.1,12416.2,3.3,596.5,17217.2
2019-02-17T10:00+01:00,1093.8,355.3,13064,3.3,613.2,17509.9
2019-02-17T11:00+01:00,1091.2,349.5,13289.6,3.3,665.1,17525.7
2019-02-17T12:00+01:00,1094.8,348.4,13194.2,3.3,718.2,17434
2019-02-17T13:00+01:00,1094.7,349.2,13236.5,3.3,775.2,17394.1
2019-02-17T14:00+01:00,1094.5,350.4,13298,3.3,837.2,17440
2019-02-17T15:00+01:00,1091.8,355.1,13277.3,3.3,891.6,17504.5
2019-02-17T16:00+01:00,1092,352.4,14580.7,3.3,945.7,17756.3
2019-02-17T17:00+01:00,1093.5,354.2,16753.8,3.3,1001.2,18008.6
2019-02-17T18:00+01:00,1092.9,356.2,18040.2,3.3,985.5,18039
2019-02-17T19:00+01:00,1092.5,354.6,17587.7,3.3,996.3,17882.1
2019-02-17T20:00+01:00,1092,352.5,15691.9,3.3,1005.1,17689.7
2019-02-17T21:00+01:00,1093.7,352,13265.9,3.3,1002.2,17389.2
2019-02-17T22:00+01:00,1093.4,353.6,12643.9,3.3,890.1,16886.4
2019-02-17T23:00+01:00,1092.6,355,11169.8,3.3,858.9,16269
2019-02-18T00:00+01:00,1092.5,351.2,10183.8,3.7,886.2,15756.1
2019-02-18T01:00+01:00,1089.6,352,9768.5,3.7,833,15347.9
2019-02-18T02:00+01:00,1088.8,350.8,9773.7,3.7,722.4,15228.7
2019-02-18T03:00+01:00,1089.2,350.9,9938.4,3.7,693.8,15341.5
2019-02-18T04:00+01:00,1088.7,348.8,10542.3,3.7,681.1,15507.7
2019-02-18T05:00+01:00,1089.4,349.5,13517,3.7,625.2,16012.3
2019-02-18T06:00+01:00,1091.8,350.3,16822.7,3.7,519.5,17170.5
2019-02-18T07:00+01:00,1094.6,348.8,18152.1,3.7,536.2,18296
2019-02-18T08:00+01:00,1105.5,353.4,18271.4,3.7,551.7,18765.5
2019-02-18T09:00+01:00,1108.1,356.8,18248,3.7,565,18761.1
2019-02-18T10:00+01:00,1111.9,356.4,18313.6,3.7,647.8,18790.6
2019-02-18T11:00+01:00,1108.9,358.3,16885.8,3.7,618.6,18597.8
2019-02-18T12:00+01:00,1105.3,352.6,15328.5,3.7,634,18299
2019-02-18T13:00+01:00,1106.1,350.6,15095.2,3.7,675.5,18178.7
2019-02-18T14:00+01:00,1105.9,352.7,16511.2,3.7,703.5,18421.5
2019-02-18T15:00+01:00,1108.9,349.3,17172.6,3.7,729.6,18356.9
2019-02-18T16:00+01:00,1109.5,348.1,17761.2,3.7,737,18484.4
2019-02-18T17:00+01:00,1107.3,350.8,18245.5,3.7,821.7,18755.5
2019-02-18T18:00+01:00,1104.9,348.3,18117.2,3.7,842.3,18797.6
2019-02-18T19:00+01:00,1100.2,358.6,16781.2,3.7,966.5,18621.8
2019-02-18T20:00+01:00,1100.8,369.9,15363.2,3.7,894.4,18258.4
2019-02-18T21:00+01:00,1101.9,367.7,13817.8,3.7,838.2,17596.8
2019-02-18T22:00+01:00,1101.5,354.5,12316.1,3.7,842.2,17011.8
2019-02-18T23:00+01:00,1100,357.3,10934.4,3.7,831,16377.6
2019-02-19T00:00+01:00,1123.2,351.2,10572.1,3.7,720.7,15836.2
2019-02-19T01:00+01:00,1119,349.1,10571.7,3.7,692.9,15571.4
2019-02-19T02:00+01:00,1122.7,351.6,10427.5,3.7,650.1,15269.4
2019-02-19T03:00+01:00,1123.1,348.7,9967.6,3.7,620.8,15230.6
2019-02-19T04:00+01:00,1124.1,365.3,9919.4,3.7,629.4,15330.6
2019-02-19T05:00+01:00,1126.5,359.7,10758.5,3.7,654.1,15816.4
2019-02-19T06:00+01:00,1128.2,360.4,14438.5,3.7,630.2,17301.1
2019-02-19T07:00+01:00,1134.6,355.4,16669.6,3.7,607.1,18449.5
2019-02-19T08:00+01:00,1142,351.1,16532.7,3.7,579.9,18526.6
2019-02-19T09:00+01:00,1144.5,348.2,15363.4,3.7,571.4,18497.3
2019-02-19T10:00+01:00,1155,364.8,14411.7,3.7,594.2,18182.5
2019-02-19T11:00+01:00,1158.9,367.8,13987.2,3.7,661,17934.2
2019-02-19T12:00+01:00,1158.1,381.9,13960.6,3.7,781.4,17887.5
2019-02-19T13:00+01:00,1160.8,359.3,14033.4,3.7,849.4,17989.3
2019-02-19T14:00+01:00,1161.2,359.2,14439.7,3.7,933.5,18028.8
2019-02-19T15:00+01:00,1160.7,359.1,14463.5,3.7,978.1,17987.7
2019-02-19T16:00+01:00,1159.3,359.2,14762.3,3.7,1028.5,18176.8
2019-02-19T17:00+01:00,1163.2,359.7,16283.8,3.7,1043.4,18514.5
2019-02-19T18:00+01:00,1162.4,356.4,16078.4,3.7,1096.2,18628.6
2019-02-19T19:00+01:00,1155.5,356.5,14857.9,3.7,1017.2,18387.3
2019-02-19T20:00+01:00,1153.4,356,13784.3,3.7,917.3,18301.1
2019-02-19T21:00+01:00,1152.5,356.2,12542.5,3.7,894.9,17890.3
2019-02-19T22:00+01:00,1149.3,356.6,11993.9,3.7,831.6,17372.2
2019-02-19T23:00+01:00,1147.6,361.3,11144.6,3.7,754.2,16741
2019-02-20T00:00+01:00,1080.1,364.7,10828.2,3.8,663.2,16192.5
2019-02-20T01:00+01:00,1074.6,366.3,10648.4,3.8,581.2,15830.6
2019-02-20T02:00+01:00,1076.8,369.8,10664.2,3.8,525.1,15798.6
2019-02-20T03:00+01:00,1072.7,371.1,10731.3,3.8,474.6,15895.7
2019-02-20T04:00+01:00,1070,368.5,10900,3.8,386.6,16059.4
2019-02-20T05:00+01:00,1070.1,369.8,11878.9,3.8,368.1,16650.6
2019-02-20T06:00+01:00,1070.1,370.9,15120.1,3.8,242.4,18069.2
2019-02-20T07:00+01:00,1085.7,369.2,17658.9,3.8,203.5,19654.6
2019-02-20T08:00+01:00,1091.3,370.5,18789,3.8,147.9,19747
2019-02-20T09:00+01:00,1092.4,369.8,18535.3,3.8,187.2,19714.7
2019-02-20T10:00+01:00,1091.3,359.1,18255.3,3.8,219.3,19373.2
2019-02-20T11:00+01:00,1089.7,364.2,17037.3,3.8,185.8,18853.1
2019-02-20T12:00+01:00,1090.2,365.2,15992.6,3.8,216.9,18598.2
2019-02-20T13:00+01:00,1115,369,16271.1,3.8,272.7,18408.7
2019-02-20T14:00+01:00,1114.4,369.3,16955.6,3.8,371.6,18522.8
2019-02-20T15:00+01:00,1108.7,366.2,17631.2,3.8,439,18564.4
2019-02-20T16:00+01:00,1109.8,368.6,19067.6,3.8,562.2,19041.1
2019-02-20T17:00+01:00,1111.2,370.1,20251.5,3.8,603.2,19236.8
2019-02-20T18:00+01:00,1111.1,369.5,20493.7,3.8,764.4,19391.2
2019-02-20T19:00+01:00,1113.2,371.3,18998.3,3.8,811.9,19227.7
2019-02-20T20:00+01:00,1115.3,371.4,17807.7,3.8,804,18989.7
2019-02-20T21:00+01:00,1116.4,370.4,16218.7,3.8,786.1,18709.2
2019-02-20T22:00+01:00,1119.5,371.4,14807.3,3.8,836.4,18252.8
2019-02-20T23:00+01:00,1122.8,375.2,13063.6,3.8,796.8,17357.3
2019-02-21T00:00+01:00,1107,368.5,12087.5,3.5,807.2,16871.8
2019-02-21T01:00+01:00,1105.8,370.5,11182.7,3.5,783.4,16415.4
2019-02-21T02:00+01:00,1110.6,374,11108.5,3.5,713.8,16193.4
2019-02-21T03:00+01:00,1112.6,377.4,11371.9,3.5,724.7,16190.6
2019-02-21T04:00+01:00,1117.7,368.9,12037,3.5,723.4,16291.4
2019-02-21T05:00+01:00,1122.8,372,13768.6,3.5,657.7,16644.6
2019-02-21T06:00+01:00,1124.8,373,16962.4,3.5,663.5,17864
2019-02-21T07:00+01:00,1144.3,370.5,19222.3,3.5,628.9,19081.8
2019-02-21T08:00+01:00,1149.8,366.9,20104.5,3.5,653.6,19549
2019-02-21T09:00+01:00,1155.9,366.4,19450,3.5,634.9,19623.7
2019-02-21T10:00+01:00,1149.8,364.4,18356.1,3.5,644.7,19545.3
2019-02-21T11:00+01:00,1152.2,367.6,18006.4,3.5,682.8,19393.3
2019-02-21T12:00+01:00,1154.2,360.1,17280.1,3.5,712,19196.4
2019-02-21T13:00+01:00,1158.3,372.8,16687.7,3.5,759.6,18878.7
2019-02-21T14:00+01:00,1156.8,372.9,16951.6,3.5,675.3,18969.7
2019-02-21T15:00+01:00,1157.6,371.5,17718.3,3.5,681.8,19049
2019-02-21T16:00+01:00,1162.2,369.5,18840.6,3.5,660.6,19171.4
2019-02-21T17:00+01:00,1164.5,368.2,20838.7,3.5,635.1,19554.3
2019-02-21T18:00+01:00,1163.8,372.2,20755.1,3.5,613.9,19717.3
2019-02-21T19:00+01:00,1160.2,371,20487.2,3.5,595,19482
2019-02-21T20:00+01:00,1160.2,367.2,19223.9,3.5,528.4,18961.9
2019-02-21T21:00+01:00,1156.9,365.5,18127.6,3.5,420.2,18547
2019-02-21T22:00+01:00,1152.5,369.8,16936.7,3.5,447.4,17985.2
2019-02-21T23:00+01:00,1146.3,369,14523,3.5,483.1,17169.2
2019-02-22T00:00+01:00,1129.2,369.4,12764.1,3.9,495.4,16597.8
2019-02-22T01:00+01:00,1125,374.7,11894.6,3.9,567.3,16255.6
2019-02-22T02:00+01:00,1126.9,373.2,11499.8,3.9,650.8,15995.3
2019-02-22T03:00+01:00,1128.9,375,11460.7,3.9,756.3,16110.5
2019-02-22T04:00+01:00,1132,375.4,12446.4,3.9,854.6,16329.7
2019-02-22T05:00+01:00,1131.2,373.1,14866.9,3.9,935,16975
2019-02-22T06:00+01:00,1131.3,376,18627.2,3.9,920.5,18389.2
2019-02-22T07:00+01:00,1132.5,377.7,19237.6,3.9,927.8,19323.7
2019-02-22T08:00+01:00,1127.5,288,19751.6,3.9,886.5,19451.7
2019-02-22T09:00+01:00,1131.3,287.1,19588.6,3.9,905.2,19648.8
2019-02-22T10:00+01:00,1129.4,287.2,18801.7,3.9,865.8,19583.1
2019-02-22T11:00+01:00,1133.4,287.1,18122.4,3.9,837.6,19381.9
2019-02-22T12:00+01:00,1134.3,289.2,16777.9,3.9,799.2,19080.3
2019-02-22T13:00+01:00,1137.2,290.7,16554.8,3.9,758,19048.6
2019-02-22T14:00+01:00,1129.2,289.6,17076.9,3.9,775.8,19014
2019-02-22T15:00+01:00,1122.2,291.8,16881.3,3.9,856.1,18509.2
2019-02-22T16:00+01:00,1122.5,271.9,17423.3,3.9,939.6,18264.3
2019-02-22T17:00+01:00,1132.7,290.1,18351.5,3.9,987.1,18367.3
2019-02-22T18:00+01:00,1132.2,289.9,18485.3,3.9,1098.5,18444.9
2019-02-22T19:00+01:00,1125.6,297.8,17009.4,3.9,1130.7,18139.2
2019-02-22T20:00+01:00,1127.5,295.4,14806.2,3.9,1078.8,17606
2019-02-22T21:00+01:00,1129.1,294.9,13274.3,3.9,1121.4,17131.6
2019-02-22T22:00+01:00,1124.1,295.6,12788.9,3.9,1105.5,16683.1
2019-02-22T23:00+01:00,1124.3,300.8,11796.6,3.9,1124.6,16170.3
2019-02-23T00:00+01:00,1123.3,297.1,11147,3.8,1092.7,15801.9
2019-02-23T01:00+01:00,1117,298.1,10636.4,3.8,1017,15337.3
2019-02-23T02:00+01:00,1115.6,297.4,10391.9,3.8,970.3,15138.8
2019-02-23T03:00+01:00,1114.5,297.6,10444.6,3.8,916.8,15092.9
2019-02-23T04:00+01:00,1114.4,300,10310.3,3.8,844.3,15103.6
2019-02-23T05:00+01:00,1114.3,297.4,10393.8,3.8,865.8,15358.9
2019-02-23T06:00+01:00,1116,297.5,10923,3.8,786.3,15668
2019-02-23T07:00+01:00,1121.9,299.9,11806.1,3.8,668.6,15945.6
2019-02-23T08:00+01:00,1122.8,294,13140.6,3.8,671.9,16360.8
2019-02-23T09:00+01:00,1120.3,292,13288.7,3.8,597.6,16864.2
2019-02-23T10:00+01:00,1119.6,291.1,12940.1,3.8,758.1,17333.5
2019-02-23T11:00+01:00,1122.3,293.7,12488.2,3.8,738.9,17168.9
2019-02-23T12:00+01:00,1124.2,292.9,12158.1,3.8,769.6,17031.2
2019-02-23T13:00+01:00,1125.4,294.5,11692.4,3.8,800.8,16768.8
2019-02-23T14:00+01:00,1126.9,297.8,11693.5,3.8,865,16806.9
2019-02-23T15:00+01:00,1128,295.5,11863.8,3.8,878.3,16884.5
2019-02-23T16:00+01:00,1129.1,296.6,13040.8,3.8,790.7,16910.9
2019-02-23T17:00+01:00,1133.2,296.1,14651.5,3.8,741,17292.9
2019-02-23T18:00+01:00,1131.6,294.4,15072.9,3.8,675.3,17455.2
2019-02-23T19:00+01:00,1137.3,297.5,13866.3,3.8,674.7,17158
2019-02-23T20:00+01:00,1135.8,294.3,12830.6,3.8,797.8,16909
2019-02-23T21:00+01:00,1137,291.4,12059,3.8,772,16486.5
2019-02-23T22:00+01:00,1138.5,298.3,11787.9,3.8,802.9,16084.5
2019-02-23T23:00+01:00,1135.3,296.6,11179.6,3.8,833.5,15581.1
2019-02-24T00:00+01:00,1152.2,292.7,10388.5,3.5,858.3,15117.6
2019-02-24T01:00+01:00,1148.5,296.2,10232,3.5,973.4,14959.1
2019-02-24T02:00+01:00,1151.2,299.8,10017.8,3.5,1018.3,14891.1
2019-02-24T03:00+01:00,1151.4,295.2,9780.7,3.5,1000,14809.2
2019-02-24T04:00+01:00,1152,296.2,10176.1,3.5,983.2,14888
2019-02-24T05:00+01:00,1150.4,298.2,10223.5,3.5,975.1,15036.5
2019-02-24T06:00+01:00,1152.5,294.9,9822.9,3.5,954.3,15175.7
2019-02-24T07:00+01:00,1155.2,293.9,10105.8,3.5,943.6,15343.2
2019-02-24T08:00+01:00,1155.9,297.9,10922.4,3.5,961.1,15833.1
2019-02-24T09:00+01:00,1164.3,384.9,11738.9,3.5,949.9,16543
2019-02-24T10:00+01:00,1164.6,385.5,11953.1,3.5,915.9,16719.6
2019-02-24T11:00+01:00,1164.7,381.7,11873.4,3.5,867.5,16603
2019-02-24T12:00+01:00,1165.8,385.5,11896.8,3.5,903.8,16368.6
2019-02-24T13:00+01:00,1169.4,382.5,11597.1,3.5,908.8,16315.7
2019-02-24T14:00+01:00,1169.9,384.8,11422,3.5,933.1,16296.6
2019-02-24T15:00+01:00,1173,385.6,11479.6,3.5,907.1,16245.6
2019-02-24T16:00+01:00,1174.1,382.5,12035.3,3.5,841.2,16325.7
2019-02-24T17:00+01:00,1173.3,377.5,13371.2,3.5,871,16650.5
2019-02-24T18:00+01:00,1173.5,385.8,14588.6,3.5,923.1,17290.6
2019-02-24T19:00+01:00,1177,384.5,14258.4,3.5,935.8,17373
2019-02-24T20:00+01:00,1176.6,388.5,13818.9,3.5,951.8,17289.7
2019-02-24T21:00+01:00,1175.5,385.3,13373.8,3.5,963.9,17048.8
2019-02-24T22:00+01:00,1162.3,384.7,12820.2,3.5,921.2,16560.3
2019-02-24T23:00+01:00,1165.8,378.9,12023.2,3.5,964.9,16011.3
2019-02-25T00:00+01:00,1172.5,383.7,11000.2,3.2,911,15416.8
2019-02-25T01:00+01:00,1167.5,363.3,10787.3,3.2,893.6,15219.1
2019-02-25T02:00+01:00,1168.2,370.8,10747.1,3.2,880.6,15108
2019-02-25T03:00+01:00,1165.7,383.4,10762.4,3.2,845.3,15218.2
2019-02-25T04:00+01:00,1164.3,382.4,10712,3.2,840.5,15502.4
2019-02-25T05:00+01:00,1164.2,387.5,12261.4,3.2,828.9,16192.4
2019-02-25T06:00+01:00,1164.2,382.7,15655.6,3.2,683.7,17546.7
2019-02-25T07:00+01:00,1167.2,384.3,17679.7,3.2,717.1,18909.7
2019-02-25T08:00+01:00,1168.1,387.4,18020.6,3.2,712,19118.5
2019-02-25T09:00+01:00,1168.3,385.1,18069.5,3.2,599.4,19002
2019-02-25T10:00+01:00,1156.9,385.3,17681.3,3.2,653.6,18691.4
2019-02-25T11:00+01:00,1159.4,385.2,15354.6,3.2,779.5,18459.1
2019-02-25T12:00+01:00,1164.5,297,13935.1,3.2,721.5,18387
2019-02-25T13:00+01:00,1159,294.8,13715.6,3.2,722.1,18491.7
2019-02-25T14:00+01:00,1162.3,292.9,14154,3.2,711.3,18444.5
2019-02-25T15:00+01:00,1160.2,297.4,15175.7,3.2,714.4,18399.8
2019-02-25T16:00+01:00,1161.1,298,16347.7,3.2,673.3,18360
2019-02-25T17:00+01:00,1155.1,295.1,17638.3,3.2,667.8,18381.9
2019-02-25T18:00+01:00,1155.6,294.4,17796.9,3.2,685.4,18693
2019-02-25T19:00+01:00,1153.6,299.5,16298.3,3.2,691.4,18382.4
2019-02-25T20:00+01:00,1152.6,297.2,15074,3.2,672.1,17971.7
2019-02-25T21:00+01:00,1156,287.1,14098.5,3.2,664.4,17452.2
2019-02-25T22:00+01:00,1157.4,294,12831.6,3.2,721.1,16862.9
2019-02-25T23:00+01:00,1153.1,295.5,11807,3.2,620.5,16012.4
2019-02-26T00:00+01:00,1130.5,294.1,11087,3.4,657.6,15452.1
2019-02-26T01:00+01:00,1131.4,296.6,10846.3,3.4,663.4,15256
2019-02-26T02:00+01:00,1128.1,296.8,10621.3,3.4,622.6,15147.9
2019-02-26T03:00+01:00,1129.8,295,10264.3,3.4,583.6,15155.4
2019-02-26T04:00+01:00,1127.2,298.3,10512.5,3.4,584.6,15397.5
2019-02-26T05:00+01:00,1129.2,294.1,12143.1,3.4,486.7,15952.9
2019-02-26T06:00+01:00,1131.8,298.5,16267.4,3.4,330.6,17478.8
2019-02-26T07:00+01:00,1141.5,298.7,18056.1,3.4,280.4,18726.7
2019-02-26T08:00+01:00,1139.8,287.6,18698.4,3.4,322.4,18636.2
2019-02-26T09:00+01:00,1136.4,291.7,18831.2,3.4,250.3,18435.7
2019-02-26T10:00+01:00,1138.2,381.4,18977.7,3.4,301.6,18385.9
2019-02-26T11:00+01:00,1139.1,380.5,16842.7,3.4,391.8,17823.8
2019-02-26T12:00+01:00,1136.3,379,15408.3,3.4,447.7,17431.7
2019-02-26T13:00+01:00,1139.3,380.2,15052.1,3.4,540.5,17094.8
2019-02-26T14:00+01:00,1138.3,381.6,15297.2,3.4,672.5,17232
2019-02-26T15:00+01:00,1137.9,379.5,16005.3,3.4,793.2,17321.9
2019-02-26T16:00+01:00,1139,378.9,16923.8,3.4,814.8,17274.9
2019-02-26T17:00+01:00,1142.3,383.2,17547.9,3.4,809.8,17663.5
2019-02-26T18:00+01:00,1152.8,383.6,17595.6,3.4,818.4,18020.8
2019-02-26T19:00+01:00,1160.3,383.4,16611.6,3.4,822.1,17885.7
2019-02-26T20:00+01:00,1159.7,383.8,15222.1,3.4,799.1,17684.6
2019-02-26T21:00+01:00,1161.8,387.7,14115.9,3.4,795.3,17447.7
2019-02-26T22:00+01:00,1159.9,379.7,12741.2,3.4,754.1,16727.7
2019-02-26T23:00+01:00,1162.2,384.3,12049.6,3.4,682.9,15895.7
2019-02-27T00:00+01:00,1166.2,295.4,11269.2,3.1,779.1,15348.9
2019-02-27T01:00+01:00,1160.7,296.6,10713.4,3.1,780.2,15166.6
2019-02-27T02:00+01:00,1161.5,297.2,10546.4,3.1,790.7,15135.6
2019-02-27T03:00+01:00,1161,295.3,10359.5,3.1,780.6,15237.4
2019-02-27T04:00+01:00,1159.7,288.2,10812.8,3.1,804,15436.2
2019-02-27T05:00+01:00,1157.2,297.2,12599.3,3.1,810.4,16008.9
2019-02-27T06:00+01:00,1158.5,297.3,15025.5,3.1,843.6,17351.4
2019-02-27T07:00+01:00,1168.4,299.1,16782.1,3.1,879,18702.4
2019-02-27T08:00+01:00,1168.7,299.8,17469.4,3.1,849.8,19215.8
2019-02-27T09:00+01:00,1166.1,302.3,16939.9,3.1,813.3,18849.2
2019-02-27T10:00+01:00,1164.2,298.7,15978.8,3.1,765.8,18489.9
2019-02-27T11:00+01:00,1161.5,296.9,14430.4,3.1,754.5,18257.9
2019-02-27T12:00+01:00,1162.2,301.3,13646.2,3.1,757.4,18100
2019-02-27T13:00+01:00,1158,298.5,13535.6,3.1,763.2,17883.1
2019-02-27T14:00+01:00,1156.3,299.4,13136.8,3.1,794.7,17900.7
2019-02-27T15:00+01:00,1156.5,300.1,13468.8,3.1,830.7,17967.3
2019-02-27T16:00+01:00,1158.5,299.1,15042.9,3.1,846.3,18251.1
2019-02-27T17:00+01:00,1158.8,301.4,16319.6,3.1,871.2,18367.1
2019-02-27T18:00+01:00,1157.9,303.2,16559.2,3.1,876,18515.1
2019-02-27T19:00+01:00,1159.5,301.5,15096.2,3.1,891.1,18507.6
2019-02-27T20:00+01:00,1155.9,301.6,13689.8,3.1,914.4,18102.8
2019-02-27T21:00+01:00,1155.5,303.4,12746.7,3.1,951.4,17822.4
2019-02-27T22:00+01:00,1150.9,301.9,11476.7,3.1,1001.2,17269.5
2019-02-27T23:00+01:00,1150.7,301.5,10307.8,3.1,1032.5,16529.6
2019-02-28T00:00+01:00,1150.2,299.6,10073.6,3.1,1126.1,16094.7
2019-02-28T01:00+01:00,1151.1,106.1,9436,3.1,1163.6,15531
2019-02-28T02:00+01:00,1147.5,107.3,9299.8,3.1,1133.8,15530.5
2019-02-28T03:00+01:00,1150,110.4,9243,3.1,1120.4,15558.1
2019-02-28T04:00+01:00,1148.8,102,9548.5,3.1,1045.9,15697
2019-02-28T05:00+01:00,1148.1,106,10199.6,3.1,952.9,16078.9
2019-02-28T06:00+01:00,1146.9,104.9,13246,3.1,792.1,17416.4
2019-02-28T07:00+01:00,1149,93.5,16324.8,3.1,728.7,19021.7
2019-02-28T08:00+01:00,1139.2,93.6,17249.1,3.1,686.4,19218.8
2019-02-28T09:00+01:00,1142,90.6,15513.1,3.1,586.3,18884.2
2019-02-28T10:00+01:00,1141.1,277.6,14596.2,3.1,548.2,18612.2
2019-02-28T11:00+01:00,1139,283.8,13192.2,3.1,485.9,17979
2019-02-28T12:00+01:00,1139.2,291.1,12456.3,3.1,485.1,17571.7
2019-02-28T13:00+01:00,1135.9,286.6,12646.3,3.1,468,17639.2
2019-02-28T14:00+01:00,1135.2,287.4,13459.1,3.1,439.8,17639
2019-02-28T15:00+01:00,1134.5,291.1,13729.8,3.1,405.4,17435.1
2019-02-28T16:00+01:00,1133.9,291.9,15110.3,3.1,384,17620.8
2019-02-28T17:00+01:00,1132.1,294.7,18879.3,3.1,387.1,18417.4
2019-02-28T18:00+01:00,1134.5,291.1,20326.8,3.1,330.3,18726.8
2019-02-28T19:00+01:00,1131.7,289.7,19953.8,3.1,318.5,18630.5
2019-02-28T20:00+01:00,1132.8,291.9,18636.7,3.1,268.8,18346.2
2019-02-28T21:00+01:00,1132.3,291.5,17086.5,3.1,309.3,18115.4
2019-02-28T22:00+01:00,1133.2,381.1,15849.5,3.1,303.4,17664.8
2019-02-28T23:00+01:00,1129.7,382.9,13252,3.1,287.1,16819.6
2019-03-01T00:00+01:00,1103.2,293.2,11658.7,3.1,393.5,16374.9
2019-03-01T01:00+01:00,1095.4,295.2,10579.7,3.1,402.3,15955
2019-03-01T02:00+01:00,1092.8,291.3,10257.8,3.1,396.5,15852.2
2019-03-01T03:00+01:00,1089.8,298.1,10646,3.1,396.1,15882
2019-03-01T04:00+01:00,1090.9,296.3,12170,3.1,387,16049.2
2019-03-01T05:00+01:00,1090.3,286.1,14486.9,3.1,371.1,16629.6
2019-03-01T06:00+01:00,1088.5,287.9,18772.6,3.1,317.6,18109.3
2019-03-01T07:00+01:00,1090.1,295.3,20948.8,3.1,371.9,19465.5
2019-03-01T08:00+01:00,1090,295.3,21674.4,3.1,352.2,20033.6
2019-03-01T09:00+01:00,1089.5,295.1,21707.4,3.1,289.2,19783.1
2019-03-01T10:00+01:00,1088.9,295.6,21292.5,3.1,212.8,19113.2
2019-03-01T11:00+01:00,1090.2,298.4,20631.1,3.1,156.3,18570
2019-03-01T12:00+01:00,1085.2,297.8,20085.6,3.1,214,18307.7
2019-03-01T13:00+01:00,1084.6,274.6,19810.2,3.1,183,18053.2
2019-03-01T14:00+01:00,1086.4,296.2,19065.2,3.1,195.5,17773.5
2019-03-01T15:00+01:00,1079.2,293,19038.4,3.1,281.7,17634.8
2019-03-01T16:00+01:00,1079.5,294.9,19338.1,3.1,245.8,17713.3
2019-03-01T17:00+01:00,1078.4,368.5,20103,3.1,305.4,18075.5
2019-03-01T18:00+01:00,1075.8,371.7,20786.8,3.1,465.5,18852.9
2019-03-01T19:00+01:00,1070.2,372.7,20477.8,3.1,396.3,18651.6
2019-03-01T20:00+01:00,1068.6,368.6,18889.2,3.1,504.5,18309.7
2019-03-01T21:00+01:00,1065.1,364,17911.3,3.1,609.4,18067.1
2019-03-01T22:00+01:00,1063.1,371.6,17034.7,3.1,624.5,17486.9
2019-03-01T23:00+01:00,1060.4,368.4,15340.8,3.1,600.4,17047
2019-03-02T00:00+01:00,1029.2,369,14178.1,3,623.6,16414.5
2019-03-02T01:00+01:00,1027.8,371.7,12744.4,3,691.4,16237.4
2019-03-02T02:00+01:00,1023.1,368.5,11537.7,3,636.6,16120.4
2019-03-02T03:00+01:00,1022,368.6,10687.1,3,621.1,16071.9
2019-03-02T04:00+01:00,1023,374.6,10852.7,3,570.5,16169.9
2019-03-02T05:00+01:00,1018.9,371.4,10770.9,3,663.3,16323.2
2019-03-02T06:00+01:00,1018.5,369.6,11552,3,624.9,16770.2
2019-03-02T07:00+01:00,1022,376.4,12998.2,3,560.8,17253.7
2019-03-02T08:00+01:00,1024,374.5,15324.1,3,554,18103.8
2019-03-02T09:00+01:00,1020.6,375.5,15947.3,3,471.9,18591
2019-03-02T10:00+01:00,1015.3,374.9,15956,3,427.8,18586.3
2019-03-02T11:00+01:00,1010.5,301.7,15141.2,3,391.7,18153.9
2019-03-02T12:00+01:00,1007.1,312.7,13998.1,3,375.2,17840.5
2019-03-02T13:00+01:00,1001.8,378.4,12152,3,400.2,17287.9
2019-03-02T14:00+01:00,998.4,371.5,11383.2,3,405.5,17298.8
2019-03-02T15:00+01:00,997.8,366.8,11669.9,3,438.4,17404.1
2019-03-02T16:00+01:00,998.6,378.2,12662.3,3,475.9,17721.2
2019-03-02T17:00+01:00,1002.1,376,14829,3,485,18017.5
2019-03-02T18:00+01:00,997.4,380.1,15932.2,3,498.3,18289.2
2019-03-02T19:00+01:00,997.1,373.9,14372.9,3,534.1,18144.5
2019-03-02T20:00+01:00,992.8,368.1,12038.9,3,561.2,17670.5
2019-03-02T21:00+01:00,990.8,374.1,10980.9,3,596.6,17336.5
2019-03-02T22:00+01:00,991.4,375,10575.5,3,610.5,16879.9
2019-03-02T23:00+01:00,987.9,375.2,9955.1,3,667.6,16406.6
2019-03-03T00:00+01:00,964.6,374.2,9557.7,2.7,765,16036.2
2019-03-03T01:00+01:00,959,372.6,9444.9,2.7,873.9,15778.5
2019-03-03T02:00+01:00,959.1,373.3,9216.4,2.7,927.6,15739
2019-03-03T03:00+01:00,958.2,376,9232,2.7,940.7,15760.8
2019-03-03T04:00+01:00,958.2,375.1,9655.1,2.7,913.3,15721.9
2019-03-03T05:00+01:00,961.8,370.1,9428.5,2.7,921.7,15766.6
2019-03-03T06:00+01:00,963.2,375,9314,2.7,934.9,16000.4
2019-03-03T07:00+01:00,967.7,373.1,10235.5,2.7,951.7,16252.2
2019-03-03T08:00+01:00,970.1,373.7,10975.3,2.7,964.1,16723.5
2019-03-03T09:00+01:00,976.5,389.1,11695,2.7,979.6,17239.4
2019-03-03T10:00+01:00,979.9,382.8,11925.2,2.7,972.1,17454
2019-03-03T11:00+01:00,985.3,380.4,11925.2,2.7,952.5,17424.5
2019-03-03T12:00+01:00,987,382.3,11997.3,2.7,917.1,17256.1
2019-03-03T13:00+01:00,988.3,383.7,11812.8,2.7,901.8,17156.4
2019-03-03T14:00+01:00,996,384.2,11080.3,2.7,879.7,16994.7
2019-03-03T15:00+01:00,996,382.1,10979.9,2.7,866.9,17159.6
2019-03-03T16:00+01:00,999.2,379.9,11026.1,2.7,786.3,17398.6
2019-03-03T17:00+01:00,1005.2,382.6,12043.9,2.7,743,17606.4
2019-03-03T18:00+01:00,1009.8,382.4,13362.5,2.7,644,17814.8
2019-03-03T19:00+01:00,1012.9,384,13608.2,2.7,602.7,17827.1
2019-03-03T20:00+01:00,1014.8,383.8,12743,2.7,621.8,17598.3
2019-03-03T21:00+01:00,1015.5,383.2,11918.7,2.7,634.1,17512.7
2019-03-03T22:00+01:00,1012.4,381.7,11412.7,2.7,636,17065.3
2019-03-03T23:00+01:00,1009.3,382.6,10960.5,2.7,580.1,16438
2019-03-04T00:00+01:00,988.6,367.8,10961.8,2.7,547.9,15816.9
2019-03-04T01:00+01:00,979.3,369.5,10860,2.7,547.8,15493.6
2019-03-04T02:00+01:00,980.6,369.1,10187.5,2.7,547.1,15346.3
2019-03-04T03:00+01:00,977.3,367.7,10468.5,2.7,589.9,15519.2
2019-03-04T04:00+01:00,976.5,370.9,10762,2.7,674.7,15822.1
2019-03-04T05:00+01:00,976.6,367.8,12063.9,2.7,737.3,16354
2019-03-04T06:00+01:00,975.1,368.1,14454.3,2.7,702.6,17837.9
2019-03-04T07:00+01:00,987.4,371.5,16231.8,2.7,702.4,19211.3
2019-03-04T08:00+01:00,985.4,378.3,17618.5,2.7,767.6,19800.3
2019-03-04T09:00+01:00,992.7,383.7,18102.3,2.7,833.1,19496.7
2019-03-04T10:00+01:00,992,384.6,18075.6,2.7,825,19342.1
2019-03-04T11:00+01:00,1001.5,384.2,17272.2,2.7,837.2,19139.7
2019-03-04T12:00+01:00,1006.1,383.6,15814.7,2.7,785.1,19002.6
2019-03-04T13:00+01:00,1006.9,382.1,15815.5,2.7,719.8,18635.7
2019-03-04T14:00+01:00,1005.1,379.6,16226.6,2.7,742.6,18860.8
2019-03-04T15:00+01:00,1004.2,379.1,16330.1,2.7,750.9,18951.8
2019-03-04T16:00+01:00,1001.7,385.9,15580.4,2.7,755.5,18820.9
2019-03-04T17:00+01:00,998.4,383.6,16444.3,2.7,758.5,18980.2
2019-03-04T18:00+01:00,996.5,386.6,17181,2.7,802.6,19307.8
2019-03-04T19:00+01:00,994.8,389.6,16835.7,2.7,750.2,19205.2
2019-03-04T20:00+01:00,998.5,386.1,15167,2.7,688.8,18896.4
2019-03-04T21:00+01:00,994.3,392,14009.4,2.7,667.9,18627.1
2019-03-04T22:00+01:00,991,387.4,12737.2,3.2,652,17908.4
2019-03-04T23:00+01:00,983.9,391,11814.6,3.2,647.7,17238.9
2019-03-05T00:00+01:00,992.5,375.4,11074.1,4.6,584.1,16694
2019-03-05T01:00+01:00,986.5,369,10649.5,4.6,554.4,16386.4
2019-03-05T02:00+01:00,987.5,369.9,10437.8,4.6,498,16198.7
2019-03-05T03:00+01:00,984.7,372.3,10424.3,4.6,520,16299.2
2019-03-05T04:00+01:00,983.9,377.3,11043.3,4.6,522.9,16694.4
2019-03-05T05:00+01:00,986.1,376.4,11670.4,4.6,522.9,17291.8
2019-03-05T06:00+01:00,988.6,373.4,13518.9,4.6,572.5,18836.4
2019-03-05T07:00+01:00,995.5,375,17020.5,4.6,531.4,20408.4
2019-03-05T08:00+01:00,1010.1,375,18170.7,4.6,531.1,20765.7
2019-03-05T09:00+01:00,1014.5,373.3,18272.8,4.6,473.2,20481.9
2019-03-05T10:00+01:00,1016.5,375.1,18485.2,4.6,446.6,20223
2019-03-05T11:00+01:00,1017.6,375.1,17846.7,4.6,498.5,19851.1
2019-03-05T12:00+01:00,1009.1,374.3,17076.9,4.6,499.2,19694.5
2019-03-05T13:00+01:00,1011.6,354.6,16738.8,4.6,528,19684.1
2019-03-05T14:00+01:00,1013.1,360.8,17008.3,4.4,533.9,19671.1
2019-03-05T15:00+01:00,1011.7,359.2,17585.9,4.4,529.5,19647.5
2019-03-05T16:00+01:00,1011.6,358.8,19226.7,4.1,673.2,20127.1
2019-03-05T17:00+01:00,1014.9,359.9,20882.1,4.3,642.1,20187.7
2019-03-05T18:00+01:00,1013.6,362.1,21756.5,4.3,631.5,20283.5
2019-03-05T19:00+01:00,1010.9,360,21608.2,4.5,611.5,20223.6
2019-03-05T20:00+01:00,1011,356.6,21009,4.4,599,19940.8
2019-03-05T21:00+01:00,1010.5,354.6,19608,4.5,613.9,19552.7
2019-03-05T22:00+01:00,1003.5,352,17029,4.4,604.7,18855.9
2019-03-05T23:00+01:00,997.4,350.6,14509.3,4.4,589.9,18125.3
2019-03-06T00:00+01:00,1000.8,351.3,13444.4,3.4,626.7,17636.5
2019-03-06T01:00+01:00,1005.1,353.9,12849,3.4,711,17390.8
2019-03-06T02:00+01:00,1007,354.5,12439.9,3.4,689.3,17231.3
2019-03-06T03:00+01:00,1006.4,355.6,12526.1,3.4,688.5,17230.8
2019-03-06T04:00+01:00,1008.7,358.3,14092.8,3.3,611.5,17404.3
2019-03-06T05:00+01:00,1008.3,357.2,15941.1,3.4,678.1,17898.7
2019-03-06T06:00+01:00,1007.3,356.5,17774.6,3.3,670.9,19310.1
2019-03-06T07:00+01:00,1013.8,361.5,20043.6,3.4,672.1,20782.9
2019-03-06T08:00+01:00,1015.9,357.6,20944.2,3.3,683.8,21004.7
2019-03-06T09:00+01:00,982.2,362.8,21343.3,3.4,695,20778.7
2019-03-06T10:00+01:00,994.2,358.8,20869.1,3.3,678.5,20409.6
2019-03-06T11:00+01:00,992.3,358.2,20192.5,3.3,641.9,20077.1
2019-03-06T12:00+01:00,993.9,357,18915.5,3.4,640.3,19806.7
2019-03-06T13:00+01:00,993.1,359.7,18131.9,3.4,738.7,19660.3
2019-03-06T14:00+01:00,996,356.3,18029,3.2,760.8,19724.2
2019-03-06T15:00+01:00,995.6,362,17709.3,3.2,808.1,19772.4
2019-03-06T16:00+01:00,982.5,333.4,17557.2,3.3,857.6,19869.3
2019-03-06T17:00+01:00,970.9,357.9,17967,3.3,875.6,19958.2
2019-03-06T18:00+01:00,974.5,355.7,18118.2,3.3,882.8,19957.6
2019-03-06T19:00+01:00,973.8,356.6,16996.1,3.3,975.4,19990.1
2019-03-06T20:00+01:00,1013.6,356.8,15470.9,3.2,911,19660.3
2019-03-06T21:00+01:00,1011.4,356.4,13540.7,3.3,844.5,19166.8
2019-03-06T22:00+01:00,1005.3,353.7,12523.4,3.3,817.3,18546
2019-03-06T23:00+01:00,1003.5,356.9,11788.2,3.3,882.4,17831.4
2019-03-07T00:00+01:00,1000.9,372.4,10832.5,3,764.9,17129.5
2019-03-07T01:00+01:00,998.9,372.1,10348.1,3.1,834.6,16858.3
2019-03-07T02:00+01:00,1001.1,372.1,10234.3,3.1,837.8,16671.3
2019-03-07T03:00+01:00,999.3,374.7,10146.5,3,853,16717.9
2019-03-07T04:00+01:00,997,373,10285.3,3,859.4,16792.5
2019-03-07T05:00+01:00,1002.7,370.8,12074.3,3,871.2,17342.7
2019-03-07T06:00+01:00,1003.5,370.3,14955.3,3.1,864.3,18602.2
2019-03-07T07:00+01:00,990.1,368.1,18189.6,3,928.2,20030.3
2019-03-07T08:00+01:00,969.7,354,19546,3,891.6,20131.4
2019-03-07T09:00+01:00,974.2,349.3,19445.6,3.1,787.3,20074.6
2019-03-07T10:00+01:00,972,358.9,18939.5,3,584.9,19569.1
2019-03-07T11:00+01:00,1013.3,354.6,18300.2,3.1,497.1,19487.5
2019-03-07T12:00+01:00,994.4,353.5,17365.2,3.1,492.4,19252.5
2019-03-07T13:00+01:00,1011.1,353.2,16395,3.2,527.3,19155.7
2019-03-07T14:00+01:00,1016.1,348.8,15653.2,3,468.7,19238.2
2019-03-07T15:00+01:00,1017.5,350.1,15044.5,3,374,19347.1
2019-03-07T16:00+01:00,1019.6,351.9,14715,3.1,388.1,19575.6
2019-03-07T17:00+01:00,1020.8,358.1,15541.5,3,442.3,19732.2
2019-03-07T18:00+01:00,1020.3,358.1,15853.9,3.1,365.5,19823.4
2019-03-07T19:00+01:00,1022.4,364,15428,3.1,363.4,19747.9
2019-03-07T20:00+01:00,1021.5,363.9,13134.6,3,216.4,19193.9
2019-03-07T21:00+01:00,1020.9,366.1,12304.2,3,257.3,18898.4
2019-03-07T22:00+01:00,1016,365.2,11567.9,3,308.2,18273.7
2019-03-07T23:00+01:00,1017.9,367.7,11019.7,3,247.9,17413.3
2019-03-08T00:00+01:00,1015.7,369.7,10687,2.8,418.7,16892.9
2019-03-08T01:00+01:00,1014.1,371.5,10305.1,3.4,516.6,16489
2019-03-08T02:00+01:00,1014.4,369.5,9987.7,3.4,628.7,16240.1
2019-03-08T03:00+01:00,1015.3,372.7,9841,3.1,748.8,16323.9
2019-03-08T04:00+01:00,1016.5,366.9,9856.8,3.1,814.9,16518
2019-03-08T05:00+01:00,1016.2,370.3,10377.1,3.1,878.8,17247.1
2019-03-08T06:00+01:00,1011.1,369.6,11792.2,3.1,781.4,18421.7
2019-03-08T07:00+01:00,1014.9,368.6,13533.6,3.2,807.2,19890.3
2019-03-08T08:00+01:00,1016.2,367.2,14363.2,3,798.5,20290.5
2019-03-08T09:00+01:00,1031.8,370.2,14182.6,3.1,757.1,20088.2
2019-03-08T10:00+01:00,1034.6,370.5,13913,3.1,804.9,19950.5
2019-03-08T11:00+01:00,1039.1,371.2,13419,3.1,756.5,19719.4
2019-03-08T12:00+01:00,1037.6,362.3,12644.9,3,776.4,19440.7
2019-03-08T13:00+01:00,1037.4,362.3,11973.2,3,791.8,19121.2
2019-03-08T14:00+01:00,1030.3,366.8,11589.4,3.1,783,18937.8
2019-03-08T15:00+01:00,1027,361.7,11441.1,3.1,779.6,18663.2
2019-03-08T16:00+01:00,1014,358.6,12036.6,3,745,18760.1
2019-03-08T17:00+01:00,1009.5,362.6,13214.2,3,664.2,18938.5
2019-03-08T18:00+01:00,1009.2,367.1,14638.8,3,607.2,19549
2019-03-08T19:00+01:00,1004.9,364.1,14905.9,3,514.5,19641.5
2019-03-08T20:00+01:00,996.4,370.1,14180.1,3,464.2,19134.9
2019-03-08T21:00+01:00,993.4,364.5,12787.6,3,494.5,18605.7
2019-03-08T22:00+01:00,985.8,366.8,11714.5,3,382.3,17988.1
2019-03-08T23:00+01:00,986.8,362.7,11447,3,395,17538.3
2019-03-09T00:00+01:00,983.8,367.8,10873.1,3.4,539.7,16816.3
2019-03-09T01:00+01:00,983.4,366.8,10772.8,3.4,590.6,16731.8
2019-03-09T02:00+01:00,979.3,367.3,10502.1,3.4,609.8,16602.5
2019-03-09T03:00+01:00,977.9,367.2,10342.1,3.4,560.1,16522.5
2019-03-09T04:00+01:00,977.2,366.8,10471.2,3.4,466.4,16480.2
2019-03-09T05:00+01:00,976.1,367.2,10661.1,3.4,441.2,16685.1
2019-03-09T06:00+01:00,975.3,364.5,11070.5,3.4,416.2,17285
2019-03-09T07:00+01:00,975,367,11472.5,3.4,567.7,17862.3
2019-03-09T08:00+01:00,976.4,363.9,12434.8,3.4,369.1,18418.9
2019-03-09T09:00+01:00,979,364,13381.1,3.4,388.4,18864.7
2019-03-09T10:00+01:00,977.1,362.5,13709.5,3.4,371.3,18806
2019-03-09T11:00+01:00,977.9,368.3,12723.4,3.4,395.8,18506.4
2019-03-09T12:00+01:00,977,370.2,12063.9,3.4,403.4,18276.6
2019-03-09T13:00+01:00,977,371.1,12149.4,3.4,394.3,18245.6
2019-03-09T14:00+01:00,974.8,367.6,12227.4,3.4,426.9,18056.9
2019-03-09T15:00+01:00,975.9,368.1,12182.1,3.4,472.3,18130.3
2019-03-09T16:00+01:00,978.5,369.2,12339.1,3.4,527.1,18303.8
2019-03-09T17:00+01:00,981.1,366.4,12975.7,3.4,576.4,18743.8
2019-03-09T18:00+01:00,983.9,371.4,13877.5,3.4,574.9,19400.8
2019-03-09T19:00+01:00,983.5,368.2,13701.2,3.3,677,19452.2
2019-03-09T20:00+01:00,981.6,368.1,13071.5,3.4,733.6,19042.2
2019-03-09T21:00+01:00,980.5,366.1,13351.4,3.3,693.7,18517.4
2019-03-09T22:00+01:00,979,368.5,13001.7,3.3,701.8,18081.9
2019-03-09T23:00+01:00,978.1,368.6,12495,3.3,655.9,17610.9
2019-03-10T00:00+01:00,941.1,369.1,12114.1,3,712.3,17375.3
2019-03-10T01:00+01:00,932.6,369.3,12301.3,3,701.8,17261.5
2019-03-10T02:00+01:00,927.6,367.2,12248.1,3.1,684.2,17047.9
2019-03-10T03:00+01:00,923.9,367,12070.5,3,640.4,16991.3
2019-03-10T04:00+01:00,922,366.4,12138.4,3,580.5,17182.8
2019-03-10T05:00+01:00,921.6,366,11933.2,2.9,479.8,17297
2019-03-10T06:00+01:00,919.6,365.5,11725,2.9,386.5,17609.7
2019-03-10T07:00+01:00,910.9,360.9,11732,2.9,313.2,17877.4
2019-03-10T08:00+01:00,905.1,363.4,12162.7,3,276.2,18325.4
2019-03-10T09:00+01:00,902,362.5,12726.7,3,205.4,18426.1
2019-03-10T10:00+01:00,900,350.6,12233.3,2.9,181.8,18285.4
2019-03-10T11:00+01:00,899.8,348.9,12182.6,2.9,163.5,18003.8
2019-03-10T12:00+01:00,897.1,352.6,11906.5,2.9,143.5,17655.1
2019-03-10T13:00+01:00,897.9,351.8,11586.5,2.9,126,17455.8
2019-03-10T14:00+01:00,898.1,342.4,11703.9,2.9,146.9,17395.9
2019-03-10T15:00+01:00,897.3,343.8,11640.5,2.9,117.2,17312.8
2019-03-10T16:00+01:00,895.6,352.7,11642.1,2.9,129.7,17417
2019-03-10T17:00+01:00,895.5,355.4,12563.8,2.9,147.4,17760
2019-03-10T18:00+01:00,896,357.5,13995.1,2.9,193.8,18485.8
2019-03-10T19:00+01:00,892.6,364.4,13602.6,2.9,154.9,18688.1
2019-03-10T20:00+01:00,892,362.7,12466.4,2.9,103.9,18756.9
2019-03-10T21:00+01:00,872,365.8,12260.8,2.9,113.7,18688.5
2019-03-10T22:00+01:00,872,358.7,12123.4,2.9,119.7,18271.4
2019-03-10T23:00+01:00,871.1,354.1,11572.8,2.9,110.4,17782.8
2019-03-11T00:00+01:00,856.1,358.3,11363.5,2.7,121.4,17412.1
2019-03-11T01:00+01:00,855.1,358.2,10825.9,2.7,139.5,17216
2019-03-11T02:00+01:00,856.4,359.3,10959.5,2.7,142.3,17293.4
2019-03-11T03:00+01:00,855.3,357.1,10839.4,2.7,185.4,17431.1
2019-03-11T04:00+01:00,854.8,356.8,11081.9,2.7,205,17755.5
2019-03-11T05:00+01:00,854.6,359.4,13168.2,2.7,217.7,18549.6
2019-03-11T06:00+01:00,854.1,362.6,16605.8,2.7,221.9,20023.3
2019-03-11T07:00+01:00,872.1,353.6,19929.8,2.7,223.9,21473
2019-03-11T08:00+01:00,876.5,358.2,20629.3,2.7,200.5,21577.4
2019-03-11T09:00+01:00,882.9,357.8,20106.9,2.7,209.7,21149.6
2019-03-11T10:00+01:00,896.2,356.4,19535.5,3.4,237.9,20566.6
2019-03-11T11:00+01:00,900,347.1,17951.3,2.7,258.2,19861.2
2019-03-11T12:00+01:00,900.2,356.4,17005.9,2.7,290.8,19560.6
2019-03-11T13:00+01:00,901.8,334.5,16063.1,2.7,316.1,19082.4
2019-03-11T14:00+01:00,901.6,339.2,15283.4,2.7,343.8,18955
2019-03-11T15:00+01:00,902.4,275.5,14640.5,2.7,309.4,18650.4
2019-03-11T16:00+01:00,903.5,279.2,15130,2.7,379,18973.9
2019-03-11T17:00+01:00,903.1,277.4,17366.3,2.7,337.5,19134.4
2019-03-11T18:00+01:00,903.9,281.7,20137.2,2.7,285.5,19645.4
2019-03-11T19:00+01:00,902.4,278.6,20160.8,2.7,227.9,19815.4
2019-03-11T20:00+01:00,901.5,285.2,18891.6,2.7,208.6,19539.6
2019-03-11T21:00+01:00,900.2,284.4,17837.5,2.7,229.8,19413.3
2019-03-11T22:00+01:00,893.4,293,17024.5,2.7,237.4,18923
2019-03-11T23:00+01:00,888.8,293.6,13752.3,2.7,269.3,18121.7
2019-03-12T00:00+01:00,881.3,288.9,11805,2.6,216.6,17602
2019-03-12T01:00+01:00,879.9,276.7,11123.1,2.6,265.9,17360.5
2019-03-12T02:00+01:00,880,288.7,11106,2.6,327.9,17295.8
2019-03-12T03:00+01:00,879.3,288.8,11039.2,2.6,410,17321.3
2019-03-12T04:00+01:00,878.6,291.7,11950.3,2.6,542.5,17522.7
2019-03-12T05:00+01:00,878.8,281.8,14125.2,2.6,809.7,18293.1
2019-03-12T06:00+01:00,878.1,297.9,17771.3,2.6,813.3,19590
2019-03-12T07:00+01:00,886,298.7,21214.2,2.6,902.5,21042.9
2019-03-12T08:00+01:00,888.2,300.9,21477.4,2.6,1008.2,21282
2019-03-12T09:00+01:00,888.7,292.4,20018.7,2.6,1024.4,20894.6
2019-03-12T10:00+01:00,889,260,19190.9,2.6,1023.5,20739.7
2019-03-12T11:00+01:00,886.9,259.8,17716.9,2.6,1057,20573.5
2019-03-12T12:00+01:00,886.9,259.2,16920.1,2.6,1035,20394.3
2019-03-12T13:00+01:00,890,235.7,16570,2.6,1033.1,20295.4
2019-03-12T14:00+01:00,888.3,244.6,16067.6,2.6,1088.7,20401.1
2019-03-12T15:00+01:00,890,259.7,15712.2,2.6,1158.4,20635.2
2019-03-12T16:00+01:00,888.8,260.6,15315.8,2.6,1186.3,20754.4
2019-03-12T17:00+01:00,891.1,265.7,15371.3,2.6,1095.1,20492
2019-03-12T18:00+01:00,893.4,282.7,15981.9,2.6,867.7,20450.5
2019-03-12T19:00+01:00,892.8,282.7,15315.4,2.6,796.3,20490.6
2019-03-12T20:00+01:00,892.6,294.8,14010.7,2.6,760.6,20198
2019-03-12T21:00+01:00,894,308.5,12693.5,2.6,776.5,19763.3
2019-03-12T22:00+01:00,887.9,311.2,11548.7,2.6,741.6,18973.8
2019-03-12T23:00+01:00,885.8,312.8,10970.5,2.6,740.6,18107
2019-03-13T00:00+01:00,894.3,314,10296.6,2.5,770,17548.5
2019-03-13T01:00+01:00,891.9,309.6,10123.2,2.5,846.6,17323.5
2019-03-13T02:00+01:00,889,316.9,9824.6,2.5,849.1,17175.4
2019-03-13T03:00+01:00,887.4,317.6,9457.6,2.5,852.5,16760.6
2019-03-13T04:00+01:00,888,328.7,9790,2.5,814.2,17004.1
2019-03-13T05:00+01:00,888,329.7,10609.3,2.5,842.1,17440
2019-03-13T06:00+01:00,889.1,333.7,12247.5,2.5,855.2,19017.8
2019-03-13T07:00+01:00,897.6,331.3,14602.2,2.5,854.8,20146.5
2019-03-13T08:00+01:00,896.5,330.5,15696.8,2.5,876.5,20384.6
2019-03-13T09:00+01:00,897.1,330.3,15640.5,2.5,801.8,20170.2
2019-03-13T10:00+01:00,900.1,333.4,15013.7,2.5,687.9,19622.2
2019-03-13T11:00+01:00,892.3,335.8,14675.7,2.5,754.5,19555.3
2019-03-13T12:00+01:00,888.5,333.4,13935.4,2.5,690,19087.9
2019-03-13T13:00+01:00,886.2,314.9,13631.5,2.5,707.9,18956.2
2019-03-13T14:00+01:00,884.5,315.8,13281.9,2.5,609.9,18707.7
2019-03-13T15:00+01:00,884.4,317.1,13332.5,2.5,591.4,18762.4
2019-03-13T16:00+01:00,883.5,315.8,13888.9,2.5,579.3,18996.1
2019-03-13T17:00+01:00,884.3,315,14957.2,2.5,535.1,18917.8
2019-03-13T18:00+01:00,883.9,314.4,15698.7,2.5,488.3,19092.8
2019-03-13T19:00+01:00,881.7,311.2,14870.8,2.5,441.8,19221.3
2019-03-13T20:00+01:00,880.8,312.9,12869.1,2.5,495.4,18998.9
2019-03-13T21:00+01:00,881.8,311.9,12170.1,2.5,516.6,18768.5
2019-03-13T22:00+01:00,875.2,314.4,11560.8,2.5,515,18367.4
2019-03-13T23:00+01:00,871.5,310.8,10930.5,2.5,525.7,17922.9
2019-03-14T00:00+01:00,856.1,308.9,10799.7,2.5,454.1,17455.1
2019-03-14T01:00+01:00,856.5,312.8,10526.8,2.5,483.8,16928
2019-03-14T02:00+01:00,856.3,314.6,10261.5,2.5,461.8,16712.6
2019-03-14T03:00+01:00,856.5,313.5,10212.8,2.5,439.2,16740.3
2019-03-14T04:00+01:00,855.5,317,10187.1,2.5,424.6,16790.3
2019-03-14T05:00+01:00,854,316.4,10826.5,2.5,484.4,17479.7
2019-03-14T06:00+01:00,856.6,312.2,12862.6,2.5,480.8,19093.9
2019-03-14T07:00+01:00,867.1,307.8,16677,2.5,380.6,20425.3
2019-03-14T08:00+01:00,871.8,306,18085.5,2.5,432.6,20629.4
2019-03-14T09:00+01:00,870,302.4,17833.8,2.5,406.9,20374.5
2019-03-14T10:00+01:00,869.5,310.3,17764.2,2.5,374.7,20103.8
2019-03-14T11:00+01:00,868.6,308.1,16738.8,2.5,421.9,19627.9
2019-03-14T12:00+01:00,868.4,310.8,16284.8,2.5,439.5,19421.6
2019-03-14T13:00+01:00,868.2,306.4,15752.9,2.5,441.5,19166.8
2019-03-14T14:00+01:00,868.2,305.7,15649.6,2.5,388.5,18990
2019-03-14T15:00+01:00,868.3,311.3,15886.8,2.5,339.8,18940
2019-03-14T16:00+01:00,868.4,305.4,16188,2.5,335.3,19011.1
2019-03-14T17:00+01:00,868.8,305.3,17288.4,2.5,336,19018.7
2019-03-14T18:00+01:00,868.8,312,18356.4,2.5,304.2,19268.8
2019-03-14T19:00+01:00,869,311.8,17811.8,2.5,346.3,19464
2019-03-14T20:00+01:00,866,310.2,16065.7,2.5,384.5,19222
2019-03-14T21:00+01:00,860.7,309.3,14560.8,2.5,364.6,18784.8
2019-03-14T22:00+01:00,856.5,311.1,13171.9,2.5,326.8,18068.8
2019-03-14T23:00+01:00,851.2,311.1,11394.4,2.5,276.2,17313.3
2019-03-15T00:00+01:00,851.3,315.7,10657.6,2.5,224.9,16560.4
2019-03-15T01:00+01:00,855.4,312.4,10501.8,2.5,240.3,16276.3
2019-03-15T02:00+01:00,855,313,10515.5,2.5,237.3,16164
2019-03-15T03:00+01:00,853.6,313.4,10798.1,2.5,254.5,16247.8
2019-03-15T04:00+01:00,853.9,311.4,11479.1,2.5,268.2,16361.1
2019-03-15T05:00+01:00,855.3,275.2,12918.1,2.5,267.3,16953.3
2019-03-15T06:00+01:00,857.6,299.1,15232,2.5,420.3,18431.4
2019-03-15T07:00+01:00,866.9,298.8,18193.1,2.5,439.2,19884
2019-03-15T08:00+01:00,868,296.5,18847.9,2.5,396,20225.8
2019-03-15T09:00+01:00,868.2,298.9,18337.4,2.5,361.1,20056.8
2019-03-15T10:00+01:00,864,300.9,17918.5,2.5,343.3,19750
2019-03-15T11:00+01:00,864.6,295.6,17599.8,2.5,248.9,19406.7
2019-03-15T12:00+01:00,866.5,296.8,17333,2.5,231.2,19259.8
2019-03-15T13:00+01:00,867.3,299.1,16776.7,2.5,153.9,19028.6
2019-03-15T14:00+01:00,863.3,293.2,15861.6,2.5,162.5,18752.1
2019-03-15T15:00+01:00,857.8,295.3,15461.1,2.5,141.9,18610.7
2019-03-15T16:00+01:00,855.7,300.5,15535.7,2.5,154.4,18427.2
2019-03-15T17:00+01:00,854.2,354.5,16260.8,2.5,243.7,18728.3
2019-03-15T18:00+01:00,854.6,368.3,16746.9,2.5,271.5,18935.8
2019-03-15T19:00+01:00,855.1,362.5,15503.7,2.5,387.9,19046.9
2019-03-15T20:00+01:00,851.4,359.8,13768.7,2.5,404.3,18669.9
2019-03-15T21:00+01:00,846,361.3,12569.4,2.5,475.1,18102.5
2019-03-15T22:00+01:00,841.2,360.2,11447.3,2.5,403.6,17510.4
2019-03-15T23:00+01:00,833.5,372.2,11181.5,2.5,338.5,17017.8
2019-03-16T00:00+01:00,829,360.5,10959.7,2.5,352.8,16477.6
2019-03-16T01:00+01:00,829,369,10750.5,2.5,345.2,16222.3
2019-03-16T02:00+01:00,826.9,366.6,10430.7,2.5,356.3,15991.6
2019-03-16T03:00+01:00,824.6,366.9,10081.4,2.5,330.8,15918.1
2019-03-16T04:00+01:00,825.3,354.9,10241,2.5,310.1,16005.9
2019-03-16T05:00+01:00,826.4,346,10486.4,2.5,290.4,16168.2
2019-03-16T06:00+01:00,828.9,350.8,10740.5,2.5,263.5,16423.6
2019-03-16T07:00+01:00,829.1,361.2,11338.8,2.5,242.6,16860.8
2019-03-16T08:00+01:00,832.4,364.4,11895.4,2.5,257.3,17526.4
2019-03-16T09:00+01:00,831.8,363.1,12478.2,2.5,194.3,17992.2
2019-03-16T10:00+01:00,831.4,365.7,12712.5,2.5,176.6,18074
2019-03-16T11:00+01:00,830.3,365.3,12472.8,2.5,205.7,17784.3
2019-03-16T12:00+01:00,828.4,367.3,12067.7,2.5,178.7,17479.9
2019-03-16T13:00+01:00,826.7,377.8,11847,2.5,281.6,17326.2
2019-03-16T14:00+01:00,827,376.4,11637.5,2.5,321.6,17177.3
2019-03-16T15:00+01:00,830.2,376.9,11690.6,2.5,292.5,17174.3
2019-03-16T16:00+01:00,832.6,372.4,12121.4,2.5,432,17458.8
2019-03-16T17:00+01:00,834.6,374.6,12974.8,2.5,476.9,17675.6
2019-03-16T18:00+01:00,834.6,371.4,14079.5,2.5,543.4,18217.7
2019-03-16T19:00+01:00,833.7,375.9,13099,2.5,700.7,18253.4
2019-03-16T20:00+01:00,833.5,371,11780.9,2.5,761.1,17828
2019-03-16T21:00+01:00,832.1,370.1,10937.3,2.5,827.9,17426.7
2019-03-16T22:00+01:00,829.6,369.1,10546.2,2.5,880,17021.9
2019-03-16T23:00+01:00,830.5,374,9753.1,2.5,868.6,16660
2019-03-17T00:00+01:00,819.5,382.3,9521.5,2.6,1029.4,16440
2019-03-17T01:00+01:00,814.6,376.6,9115.9,2.6,1095.3,16219.5
2019-03-17T02:00+01:00,812.6,379,9004.8,2.6,1138.8,16129.4
2019-03-17T03:00+01:00,809,385,8904.3,2.6,1185.1,16073.9
2019-03-17T04:00+01:00,809,387.2,9129.2,2.6,1151.3,16074.9
2019-03-17T05:00+01:00,803.6,382,9211.3,2.6,1153.7,16239.6
2019-03-17T06:00+01:00,803.6,385,9385.3,2.6,1137.8,16479.2
2019-03-17T07:00+01:00,804,370.8,9586.2,2.6,1147.1,16589.3
2019-03-17T08:00+01:00,804.1,370.9,10292.5,2.6,1110.7,16905.3
2019-03-17T09:00+01:00,808.8,368,10796.9,2.6,1049.2,17267.5
2019-03-17T10:00+01:00,801.8,367.1,10808.5,2.6,1141.4,17549.7
2019-03-17T11:00+01:00,806,372.2,10642,2.6,1164.7,17677
2019-03-17T12:00+01:00,807.2,367.1,10432.6,2.6,1147.1,17575.8
2019-03-17T13:00+01:00,807.2,370.6,10514.8,2.6,1124.7,17567.8
2019-03-17T14:00+01:00,806.4,368,10235.1,2.6,1123.6,17317.2
2019-03-17T15:00+01:00,807.5,371.5,10107.4,2.6,1116,17252.5
2019-03-17T16:00+01:00,806.7,369.1,10409.6,2.6,1145.3,17394.2
2019-03-17T17:00+01:00,810.1,370,11179.9,2.6,1107.8,17549.4
2019-03-17T18:00+01:00,809.2,370.6,11700.4,2.6,1102.1,17858
2019-03-17T19:00+01:00,809.8,370,12518,2.6,1152.3,18214.5
2019-03-17T20:00+01:00,809.5,365.5,12260.1,2.6,1068.7,18031.7
2019-03-17T21:00+01:00,809.4,365.9,11642.2,2.6,1010.9,17689.5
2019-03-17T22:00+01:00,809.2,369.1,11080.7,2.6,942.8,17301.7
2019-03-17T23:00+01:00,806.7,359.3,10632.7,2.6,832.5,16689.7
2019-03-18T00:00+01:00,808.4,370,9893.6,2.6,883,16284.5
2019-03-18T01:00+01:00,803.5,368.7,9609.1,2.6,895.6,16063.6
2019-03-18T02:00+01:00,800.5,366.3,9708,2.6,896.7,15966.4
2019-03-18T03:00+01:00,799.2,366.9,9687.6,2.6,874.9,15970.2
2019-03-18T04:00+01:00,799.2,368.8,9822.5,2.6,852.9,16054.3
2019-03-18T05:00+01:00,796.9,362.6,11347.9,2.6,959.2,16810.2
2019-03-18T06:00+01:00,798.4,370.9,14228.8,2.6,1095.8,18347.4
2019-03-18T07:00+01:00,812.3,368.7,18265.2,2.6,928.6,19540.5
2019-03-18T08:00+01:00,813.9,365.1,16891,2.6,991,19402.5
2019-03-18T09:00+01:00,805.8,357.2,14988.5,2.6,1143.3,19100.1
2019-03-18T10:00+01:00,802.6,374.5,14806.2,2.6,1041.7,18717.2
2019-03-18T11:00+01:00,801.1,380.3,13789.4,2.6,1119.7,18361.3
2019-03-18T12:00+01:00,797.1,371.2,13872.2,2.6,1079,18160.4
2019-03-18T13:00+01:00,794.1,362.8,13764.9,2.6,1094.9,17860.2
2019-03-18T14:00+01:00,791.2,383.1,13475.2,2.6,1141.6,17920.8
2019-03-18T15:00+01:00,791.7,367.6,13706.4,2.6,1126.7,18030.9
2019-03-18T16:00+01:00,792.3,365.9,13850,2.6,974.7,17978.1
2019-03-18T17:00+01:00,793.2,363.9,15676.2,2.6,1004.2,17988.1
2019-03-18T18:00+01:00,793.5,365.3,17919.7,2.6,891.4,18344.2
2019-03-18T19:00+01:00,793.2,370.3,18408.5,2.6,834.6,18856.6
2019-03-18T20:00+01:00,791.5,374.1,17139.2,2.6,745.1,18719.1
2019-03-18T21:00+01:00,792.9,373.3,15174.9,2.6,627.9,18519
2019-03-18T22:00+01:00,787.6,372.6,13104.4,2.6,555.6,17869
2019-03-18T23:00+01:00,785.2,372.4,11771.6,2.6,376.6,17016.2
2019-03-19T00:00+01:00,785.4,366.8,10976.6,2.6,373.4,16653.4
2019-03-19T01:00+01:00,784.2,369.2,10714.1,2.6,303.3,16361.7
2019-03-19T02:00+01:00,784,369.3,10701.1,2.6,237.5,16214
2019-03-19T03:00+01:00,783.7,368.5,10895,2.6,237.6,16311
2019-03-19T04:00+01:00,783.8,371.1,11523.1,2.6,249.8,16532.7
2019-03-19T05:00+01:00,785.1,360.7,13566.6,2.6,231.7,17158
2019-03-19T06:00+01:00,782.5,360.6,18079.6,2.6,209.3,18509.7
2019-03-19T07:00+01:00,796,371.3,19750,2.6,181.6,19766.3
2019-03-19T08:00+01:00,800.9,369.5,19804.7,2.6,177,19744.4
2019-03-19T09:00+01:00,805.3,364.2,19312.2,2.6,198.8,19069.8
2019-03-19T10:00+01:00,808.1,368.6,18602.8,2.6,200.1,18512.5
2019-03-19T11:00+01:00,808,368.7,17670.2,2.6,223.2,18026.8
2019-03-19T12:00+01:00,808.8,343,17171.4,2.6,253,17735.8
2019-03-19T13:00+01:00,807.2,340.1,16808.8,2.6,284,17496.7
2019-03-19T14:00+01:00,806.8,342.1,15819.5,2.6,306.6,17231.6
2019-03-19T15:00+01:00,807.2,342,16085.8,2.6,372.9,17269.1
2019-03-19T16:00+01:00,808.4,336.8,17978.5,2.6,479.2,17751.8
2019-03-19T17:00+01:00,809.8,336.6,20110.9,2.6,618.9,18060.3
2019-03-19T18:00+01:00,809.8,340.2,20850,2.6,718.3,18323.2
2019-03-19T19:00+01:00,809.4,337.2,20852.1,2.6,818.1,18656.1
2019-03-19T20:00+01:00,809.1,344.3,19834.3,2.6,866.6,18170.5
2019-03-19T21:00+01:00,810.7,342.7,17940.5,2.6,921.5,17719
2019-03-19T22:00+01:00,810.7,341.2,15490.8,2.6,1010.4,17043.2
2019-03-19T23:00+01:00,807.1,348.1,12119.7,2.6,1103.7,16277.2
2019-03-20T00:00+01:00,814.4,343.6,10606.1,2.6,1048.8,15803.2
2019-03-20T01:00+01:00,815.1,344.3,9434.4,2.6,1032,15527.7
2019-03-20T02:00+01:00,816.5,343.4,8810.9,2.6,1089,15442.5
2019-03-20T03:00+01:00,818.5,341.3,8801.4,2.6,1057.2,15318.8
2019-03-20T04:00+01:00,820.7,345,9487,2.6,1065.9,15393.1
2019-03-20T05:00+01:00,822.9,348.6,11195.4,2.6,1037.9,15951.4
2019-03-20T06:00+01:00,826.3,345.8,14424.3,2.6,1056.5,17114.2
2019-03-20T07:00+01:00,838.7,346.5,17315.1,2.6,1011.6,18477.5
2019-03-20T08:00+01:00,846.8,345.2,17045.2,2.6,1055.4,18265
2019-03-20T09:00+01:00,848.3,356.6,15204.9,2.6,1040.6,17894.5
2019-03-20T10:00+01:00,853,364,14404,2.6,1084.1,17607.7
2019-03-20T11:00+01:00,853.2,363.2,13700,2.6,1112.4,17232.8
2019-03-20T12:00+01:00,850.4,361.1,12811.4,2.6,1145.3,17012.8
2019-03-20T13:00+01:00,849.7,388.5,12451.8,2.6,1056.3,16914.2
2019-03-20T14:00+01:00,852.7,362.5,12187.9,2.6,1028.2,16709.5
2019-03-20T15:00+01:00,861.7,362.4,12718.5,2.6,903.4,16683.3
2019-03-20T16:00+01:00,863.5,357.6,14562.8,2.6,884.1,16982.4
2019-03-20T17:00+01:00,864,361.5,17158.5,2.6,820.9,17037.1
2019-03-20T18:00+01:00,865.7,382,19028.2,2.6,839.8,17388.9
2019-03-20T19:00+01:00,870.2,383.9,18388.2,2.6,896.5,17684.3
2019-03-20T20:00+01:00,873,387.1,16898.3,2.6,843.6,17522.7
2019-03-20T21:00+01:00,875.6,386.1,15437.1,2.6,716,17196.5
2019-03-20T22:00+01:00,872.5,384.3,13187.8,2.6,752,16580.1
2019-03-20T23:00+01:00,872.5,364.4,11001.7,2.6,793.1,15889.6
2019-03-21T00:00+01:00,882.1,375.2,9153.1,2.8,780,15297.1
2019-03-21T01:00+01:00,886.1,376.5,8555.2,2.8,850.2,14952.1
2019-03-21T02:00+01:00,891.9,371.1,8341,2.8,930.1,14671.5
2019-03-21T03:00+01:00,895.2,378.6,8204.8,3.2,1015.8,14653.5
2019-03-21T04:00+01:00,908.1,378.8,8334.8,3.8,1043,14719.4
2019-03-21T05:00+01:00,916.7,375.7,10046.4,3.8,1047.6,15328.7
2019-03-21T06:00+01:00,928.5,375.2,13272.4,7.5,1048,16491.2
2019-03-21T07:00+01:00,949,374.8,15926.2,8.2,986,17524.7
2019-03-21T08:00+01:00,955.2,372.6,16118.7,8.2,929,17711.9
2019-03-21T09:00+01:00,956.1,364,13623.7,8.2,881.2,17218.6
2019-03-21T10:00+01:00,968.3,346.8,11719.6,8.2,922.2,17198.1
2019-03-21T11:00+01:00,976.4,336.8,10993.7,8.2,886.7,16908.4
2019-03-21T12:00+01:00,976.3,344.3,10707.1,8.2,875.2,16674
2019-03-21T13:00+01:00,978.6,349.9,10350.8,8.2,825.5,16437
2019-03-21T14:00+01:00,979,338.7,10363,8.2,832.7,16319.8
2019-03-21T15:00+01:00,973.3,356.4,10558,8.2,770.4,16198.8
2019-03-21T16:00+01:00,979.1,352.2,11853.5,8.2,737.2,16316.2
2019-03-21T17:00+01:00,982.9,351,13982.1,8.2,695.4,16192.9
2019-03-21T18:00+01:00,992.1,357,15655.1,8.2,654,16730.4
2019-03-21T19:00+01:00,992,357,15703.6,8.2,656.9,17188.8
2019-03-21T20:00+01:00,994.1,363.5,14940.2,8.2,636.6,17497.1
2019-03-21T21:00+01:00,986.3,363.1,14172,8.2,459.2,16956.4
2019-03-21T22:00+01:00,983.4,379.1,13221,8.2,374,16330.9
2019-03-21T23:00+01:00,979.6,381.1,11714.4,8.2,482.3,15797.4
2019-03-22T00:00+01:00,1044.4,380.8,10271.1,8.9,441.5,15524.2
2019-03-22T01:00+01:00,1039,376.6,9617.3,8.9,450.5,15297.5
2019-03-22T02:00+01:00,1038,378.1,9589.8,8.9,650.9,15337.7
2019-03-22T03:00+01:00,1034.6,374.5,9687,8.9,614.5,15200.4
2019-03-22T04:00+01:00,1038.8,375.4,10639.3,8.8,855.4,15613.1
2019-03-22T05:00+01:00,1037.7,379.4,13229.8,8.9,899.4,16023
2019-03-22T06:00+01:00,1037.5,379.6,17472.3,8.9,953.7,17461.4
2019-03-22T07:00+01:00,1044,381.6,19871.3,8.8,896.5,18792.4
2019-03-22T08:00+01:00,1042.5,381.7,19631.5,8.9,930,18874
2019-03-22T09:00+01:00,1036.7,381.3,18689.2,8.8,1010.5,18439.8
2019-03-22T10:00+01:00,1041.8,381.7,16791.6,8.8,1117.6,18098.9
2019-03-22T11:00+01:00,1037.9,379,14800.4,8.8,1129.9,17774.9
2019-03-22T12:00+01:00,1041.9,379.4,13611.2,8.5,1190,17942.4
2019-03-22T13:00+01:00,1037.3,383.9,12508.1,8.5,1211.1,17661.8
2019-03-22T14:00+01:00,1033.4,385,12233,8.5,1237.7,17800.7
2019-03-22T15:00+01:00,1030,380.3,11997.3,8.5,1192.9,17613.1
2019-03-22T16:00+01:00,1029.2,384.8,12672.7,8.5,1280.3,17694.5
2019-03-22T17:00+01:00,1031.4,380.5,14795.9,8.5,1218.8,17687.3
2019-03-22T18:00+01:00,1032.4,379.9,15776.8,8.5,1270,17829.8
2019-03-22T19:00+01:00,1035.7,379.3,14321,8.5,1342.6,18069.8
2019-03-22T20:00+01:00,1042.2,364.3,12931.4,8.5,1262.6,17514
2019-03-22T21:00+01:00,1044.8,363.8,11323.6,8.5,1177.6,16508.6
2019-03-22T22:00+01:00,1053.7,365.8,10296.4,8.5,1270.8,15904.4
2019-03-22T23:00+01:00,1063.3,364.5,9090.5,8.5,1334.7,15319.5
2019-03-23T00:00+01:00,1097.1,369.8,8415.2,9.2,1286.1,14968.2
2019-03-23T01:00+01:00,1099,371.4,8236.3,9.2,1333,14818.8
2019-03-23T02:00+01:00,1100.9,372.1,8107.6,9.2,1420.8,14768
2019-03-23T03:00+01:00,1094.7,372.2,8135.6,9.2,1415.4,14651.3
2019-03-23T04:00+01:00,1099.9,372.1,8124.6,9.2,1448.1,14615
2019-03-23T05:00+01:00,1095,373.5,8270.8,9.2,1453.2,14939.4
2019-03-23T06:00+01:00,1094.8,371.4,8589.6,9.2,1364.9,15121.6
2019-03-23T07:00+01:00,1090.5,373.4,9907.3,9.2,1281.6,15583.4
2019-03-23T08:00+01:00,1088.7,371.5,10737.3,9.2,1360,16294.2
2019-03-23T09:00+01:00,1094.3,369.8,10807,9.2,1291.8,16652.6
2019-03-23T10:00+01:00,1100.2,370.5,10390.8,9.2,1279.1,16699.2
2019-03-23T11:00+01:00,1097.6,370.9,10061.2,9.2,1265,16516.8
2019-03-23T12:00+01:00,1101.1,370.2,9757.3,9.2,1301.9,16461.8
2019-03-23T13:00+01:00,1095.2,373.1,9726.5,9.2,1439.2,16530.2
2019-03-23T14:00+01:00,1095.1,370,9516.6,9.2,1388.2,16312.7
2019-03-23T15:00+01:00,1091.3,369,9309.9,9.2,1312,16137
2019-03-23T16:00+01:00,1091,371.2,9683.9,9.2,1314.8,16387.9
2019-03-23T17:00+01:00,1088.5,369.8,10185.6,9.2,1286.5,16630.8
2019-03-23T18:00+01:00,1083.3,369.9,11847.3,9.2,1229.7,17049
2019-03-23T19:00+01:00,1080.7,370.6,12679.3,9.2,1239.8,17415.5
2019-03-23T20:00+01:00,1079.2,365.4,12159.7,9.2,1138.6,17092.2
2019-03-23T21:00+01:00,1077.3,371.8,10987.1,9.2,1098.1,16697.3
2019-03-23T22:00+01:00,1073.2,368,10634.3,9.2,1006.9,16232.1
2019-03-23T23:00+01:00,1067.3,368.1,10191.1,9.2,1010.8,15855.2
2019-03-24T00:00+01:00,1077.2,373.9,9309.6,9.3,992.7,15311
2019-03-24T01:00+01:00,1076.5,371.2,8331.9,9.3,998.4,14995.8
2019-03-24T02:00+01:00,1074.7,371.5,8111.7,9.3,1009.4,15002.9
2019-03-24T03:00+01:00,1069.7,370.4,8305.8,9.3,1011.9,15123.2
2019-03-24T04:00+01:00,1069.1,371.1,8345.2,9.3,1024.7,15246.3
2019-03-24T05:00+01:00,1067,370.3,8433.5,9.3,1007,15384.2
2019-03-24T06:00+01:00,1065.4,372.2,8516.2,9.3,799.1,15406.3
2019-03-24T07:00+01:00,1068.1,373.2,9019.7,9.3,762.5,15702
2019-03-24T08:00+01:00,1070.9,371.1,9406.3,9.3,769.2,16098.6
2019-03-24T09:00+01:00,995,366.7,9613.9,9.2,743.2,16440.2
2019-03-24T10:00+01:00,994.2,371.9,9519.6,9.1,768.5,16551
2019-03-24T11:00+01:00,1067.2,368.9,9361,8.8,770.7,16410.3
2019-03-24T12:00+01:00,1061.3,371.1,9255.9,8.9,794,16363.3
2019-03-24T13:00+01:00,1059,369.9,9124.5,8.7,848.3,16438.8
2019-03-24T14:00+01:00,1058.1,370.1,9341.8,8.7,735.3,16353.4
2019-03-24T15:00+01:00,1059.9,372.9,9781.6,8.5,749.2,16458.1
2019-03-24T16:00+01:00,1065.9,370.8,10097,8.4,739.5,16528.2
2019-03-24T17:00+01:00,1067.2,372.1,10082.4,8.5,702.6,16786.3
2019-03-24T18:00+01:00,1069.2,372.6,11794.1,8.3,706.4,17274.8
2019-03-24T19:00+01:00,1069.3,374.9,13258.1,8.2,708.7,17641.3
2019-03-24T20:00+01:00,1068.4,374.4,11594.4,8.1,647.8,17383.3
2019-03-24T21:00+01:00,1066.2,374.7,10713.9,8,634.4,17231.3
2019-03-24T22:00+01:00,1064.7,373.9,10588.3,7.9,633.5,16832.7
2019-03-24T23:00+01:00,1059,376.8,10020.5,7.8,567.3,16278
2019-03-25T00:00+01:00,1010.2,377.6,9296.6,6.9,541.2,15736.5
2019-03-25T01:00+01:00,1006.3,377.1,9038.7,6.8,559.6,15527.6
2019-03-25T02:00+01:00,1003.9,374.2,9158.9,6.7,533.3,15477.1
2019-03-25T03:00+01:00,1004,376.1,9304.8,6.6,535.9,15575.9
2019-03-25T04:00+01:00,1003.5,374.3,9329.5,6.4,508.2,15622.8
2019-03-25T05:00+01:00,1003.1,371.2,10570.8,6.3,538.9,16123.9
2019-03-25T06:00+01:00,999.5,372.5,12976.7,6.2,522.9,17290.1
2019-03-25T07:00+01:00,1017.6,375,15849.8,6.2,501.2,18724.9
2019-03-25T08:00+01:00,1023.9,375.9,16455.5,6,437.7,18944
2019-03-25T09:00+01:00,1023.8,377.6,15551,5.9,443.5,18498.7
2019-03-25T10:00+01:00,1020.3,379.4,14636.3,5.9,377.9,18103.6
2019-03-25T11:00+01:00,1018.9,372.1,13973.3,5.9,474.9,17715
2019-03-25T12:00+01:00,1016.8,358.5,13245.8,5.7,561.8,17407.2
2019-03-25T13:00+01:00,1015.7,357,12664.4,5.6,678.5,17110.2
2019-03-25T14:00+01:00,1015,352.6,12231.9,5.6,765.9,16936.7
2019-03-25T15:00+01:00,1013.8,351.7,12175.5,5.6,915.2,16931.7
2019-03-25T16:00+01:00,1009.8,369.4,12815.2,5.6,959.9,17188.9
2019-03-25T17:00+01:00,1014.3,354.7,14227.1,5.6,1021.7,17305.7
2019-03-25T18:00+01:00,1010.4,366.8,16217,5.3,1058.1,17577.8
2019-03-25T19:00+01:00,1002.9,365.3,16955.7,5.3,1077.8,18045.5
2019-03-25T20:00+01:00,1001.5,365.8,15702.5,5.3,1098.3,17933.5
2019-03-25T21:00+01:00,998.2,366.6,13457.2,5.2,1082,17491.7
2019-03-25T22:00+01:00,995.3,365,12679.9,5.2,1060.5,17003.2
2019-03-25T23:00+01:00,988.6,355.8,10698.9,5.1,1069.1,16228.6
2019-03-26T00:00+01:00,975.5,355.9,10229.5,5.1,1066.4,15796.3
2019-03-26T01:00+01:00,973,356.1,10010.3,4.9,990.7,15504.9
2019-03-26T02:00+01:00,972.6,353.8,9979,4.9,861.5,15389.4
2019-03-26T03:00+01:00,969.4,348.4,10015.1,4.9,777.5,15570.7
2019-03-26T04:00+01:00,971.5,351.7,10392.4,4.9,649.6,15914.5
2019-03-26T05:00+01:00,970.9,350.3,11164,4.8,552.6,16414
2019-03-26T06:00+01:00,969,353.3,13351.9,4.8,488.7,17576.4
2019-03-26T07:00+01:00,980,356.7,16481.8,4.7,427.4,18968.2
2019-03-26T08:00+01:00,979.3,356.3,16397.2,4.7,354.4,18944.2
2019-03-26T09:00+01:00,976.3,355.4,15197.3,4.7,330.4,18555.9
2019-03-26T10:00+01:00,976.9,359.5,15379.3,4.7,286.2,18178.8
2019-03-26T11:00+01:00,975.8,358.2,14885,4.6,260.4,18002.8
2019-03-26T12:00+01:00,974.6,350.7,14310.3,4.6,267.5,17745.9
2019-03-26T13:00+01:00,974.3,350.3,13997.8,4.6,335.1,17589.7
2019-03-26T14:00+01:00,973.5,355.5,13978.1,3.6,444.2,17541.2
2019-03-26T15:00+01:00,970.6,354.2,14012.6,4.5,537,17562.8
2019-03-26T16:00+01:00,970.4,290.9,14528.1,4.5,675.2,17671.4
2019-03-26T17:00+01:00,971.9,287.5,15805.2,4.5,786.6,17763.6
2019-03-26T18:00+01:00,973.3,300.4,17225.3,4.5,900.4,18017.2
2019-03-26T19:00+01:00,974.4,293.8,17756.4,4.4,925.9,18207.9
2019-03-26T20:00+01:00,974.9,297.1,17167.8,4.3,951.4,17990.6
2019-03-26T21:00+01:00,975.3,347.9,16441.8,4.3,832.8,17471.3
2019-03-26T22:00+01:00,976.6,352.6,14200.6,4.3,827.5,16768.7
2019-03-26T23:00+01:00,969.7,353.3,11408.4,4.3,836.9,15972.5
2019-03-27T00:00+01:00,969,355.8,10017.1,4,790.1,15486.2
2019-03-27T01:00+01:00,969.9,354.5,9440.2,4,831.5,15195.1
2019-03-27T02:00+01:00,971.2,352.2,9185.5,4,794.9,15081
2019-03-27T03:00+01:00,968.6,352.5,9613.7,4,778,15190.7
2019-03-27T04:00+01:00,975.7,347.1,9785.5,4,789.5,15277.7
2019-03-27T05:00+01:00,977.8,347.9,11177.8,4,710.3,15737
2019-03-27T06:00+01:00,980.1,356.3,14200.6,4,734.5,16905.1
2019-03-27T07:00+01:00,991.7,359.1,16904.1,4,709.3,18247.5
2019-03-27T08:00+01:00,995.5,356.3,17429.2,4,604.4,18294.3
2019-03-27T09:00+01:00,995.2,354.5,17025.5,3.9,550.9,17824
2019-03-27T10:00+01:00,996.2,353.8,16119.9,3.9,540,17334.9
2019-03-27T11:00+01:00,996.7,355.6,14491.7,3.3,551.5,16810.3
2019-03-27T12:00+01:00,998,347.9,13723.8,3.8,489.4,16647.5
2019-03-27T13:00+01:00,998.2,346.8,12949,3.8,503.8,16274.9
2019-03-27T14:00+01:00,994,357.5,12528.7,4,527.9,16149.7
2019-03-27T15:00+01:00,996.1,357.9,12675.6,3.9,570.4,16211.4
2019-03-27T16:00+01:00,994.8,355.3,13483.2,3.9,610.5,16421.3
2019-03-27T17:00+01:00,997.7,363.7,15514.5,3.9,619.6,16584.8
2019-03-27T18:00+01:00,997.7,368.5,16814.9,3.9,656.8,16775.6
2019-03-27T19:00+01:00,999.5,368.5,17241.5,3.9,668.1,17186.1
2019-03-27T20:00+01:00,1000.7,363.8,16239.5,4,810,17178.7
2019-03-27T21:00+01:00,1000.8,375.6,14441.8,4,760.8,16872.3
2019-03-27T22:00+01:00,998.4,371.8,12998.4,4,927.8,16254.5
2019-03-27T23:00+01:00,995.7,375.4,10625.9,4,937.2,15475.7
2019-03-28T00:00+01:00,1016.3,374.6,10361.4,4,1066.8,15330.3
2019-03-28T01:00+01:00,1019,373.5,9739.1,4.1,1024.8,14850.5
2019-03-28T02:00+01:00,1016.6,368.8,9488.5,4.1,1076.9,14766.1
2019-03-28T03:00+01:00,1017.5,360.6,9337.8,4.2,1079.2,14705.2
2019-03-28T04:00+01:00,1021.4,361.2,9426.5,4.2,1057.3,14816.1
2019-03-28T05:00+01:00,1032.4,365.2,11152.9,4.3,1092.6,15399.9
2019-03-28T06:00+01:00,1037.5,365.4,13678.8,4.5,1108.3,16533.2
2019-03-28T07:00+01:00,1045.3,365.5,15937.5,4.6,1044.1,17584
2019-03-28T08:00+01:00,1048.8,368.7,16224,4.8,1007.1,17711.9
2019-03-28T09:00+01:00,1056,359.8,15743.5,3.3,971,17438.8
2019-03-28T10:00+01:00,1057.6,365.6,15432.1,3.3,939.5,17238.4
2019-03-28T11:00+01:00,1064,364.1,14953,3.3,960.5,16906
2019-03-28T12:00+01:00,1070.4,359.6,14193.6,3.3,984.6,16396.1
2019-03-28T13:00+01:00,1077.4,361.9,13415.3,3.3,1013.4,16137
2019-03-28T14:00+01:00,1082.6,365.5,13198.6,3.3,1035.2,16237.9
2019-03-28T15:00+01:00,1087.7,361.4,12925.9,3.3,1037.6,16236.9
2019-03-28T16:00+01:00,1092,356.6,13447.5,3.3,923.8,16348.4
2019-03-28T17:00+01:00,1094.7,357.6,13432.9,3.3,944.5,16161
2019-03-28T18:00+01:00,1102.8,373.5,13647.9,3.3,829.4,16277.8
2019-03-28T19:00+01:00,1110.8,371.1,13797.9,7.6,889,16675.4
2019-03-28T20:00+01:00,1114.6,374.3,13598,8,811.8,16429.8
2019-03-28T21:00+01:00,1123.2,376,13389.3,8.3,802.4,16164.6
2019-03-28T22:00+01:00,1125,370.4,12079.8,8.4,892,15652.8
2019-03-28T23:00+01:00,1119.8,376.7,10741.3,8.7,889.7,14868.9
2019-03-29T00:00+01:00,1176.8,379.2,9502.8,9.1,858,14305.5
2019-03-29T01:00+01:00,1175.9,376,8236.2,9.1,875.1,14037.8
2019-03-29T02:00+01:00,1176.2,373.1,7866.7,9.1,860.2,13975
2019-03-29T03:00+01:00,1174.7,376.4,8306.7,9.1,846.8,14202.6
2019-03-29T04:00+01:00,1176.2,378.9,8680.8,9.1,857.4,14195.9
2019-03-29T05:00+01:00,1174.4,373.9,9716.8,9.1,930,14410.9
2019-03-29T06:00+01:00,1183.2,377.1,12077.9,9.1,943.1,15614.9
2019-03-29T07:00+01:00,1189.3,376.6,13656,9.1,1013.9,17017.5
2019-03-29T08:00+01:00,1190.7,368.7,13644.7,9.1,958.9,17325.7
2019-03-29T09:00+01:00,1193.5,374.1,12776.6,3.7,950.5,17004.2
2019-03-29T10:00+01:00,1185.9,377.6,11590.5,3.7,940.9,16883.2
2019-03-29T11:00+01:00,1187.6,376.7,10651.4,3.7,993.4,16566.3
2019-03-29T12:00+01:00,1184.2,374.9,10718,3.7,910.8,16400.3
2019-03-29T13:00+01:00,1179.7,371.2,10462.2,3.7,998,16141.5
2019-03-29T14:00+01:00,1190.7,373,10378.1,3.7,1034,16014.8
2019-03-29T15:00+01:00,1188.7,377.7,10653.3,3.7,1014.1,16028.9
2019-03-29T16:00+01:00,1188.1,375.5,11288.7,3.7,1055.9,16068.3
2019-03-29T17:00+01:00,1199,376,11948.1,3.7,1061.3,15995.8
2019-03-29T18:00+01:00,1200.8,370.1,12218,3.7,1073.5,16117.7
2019-03-29T19:00+01:00,1208.2,373.7,12107,3.7,1077.2,16456.6
2019-03-29T20:00+01:00,1209.1,377.6,11428.3,7.1,1052.5,16150.3
2019-03-29T21:00+01:00,1210,379.4,11377.3,9.2,1064.9,15774.9
2019-03-29T22:00+01:00,1209.5,377,10987.1,9.2,1007.4,15322.4
2019-03-29T23:00+01:00,1210.2,375,9943.5,9.2,1020.4,14904.9
2019-03-30T00:00+01:00,1277,367.6,9476.6,9.6,971.3,14567.6
2019-03-30T01:00+01:00,1276.1,368.1,9123,9.6,925.8,14419.6
2019-03-30T02:00+01:00,1267.6,366.4,8891.2,9.6,894.5,14283.4
2019-03-30T03:00+01:00,1262.8,368.5,8959.2,9.6,854.5,14252.2
2019-03-30T04:00+01:00,1263.6,368.4,8945.6,9.6,888.2,14333
2019-03-30T05:00+01:00,1269,367.8,8892.9,9.6,869.6,14424.7
2019-03-30T06:00+01:00,1268.2,367,9158.1,9.5,869.1,14693.4
2019-03-30T07:00+01:00,1277.5,368.5,9617.8,9.6,901.9,15183.9
2019-03-30T08:00+01:00,1285.9,367.1,10058.8,9.6,867.9,15715
2019-03-30T09:00+01:00,1289.6,360.2,10080,9.6,675,16026.6
2019-03-30T10:00+01:00,1285,368.4,9968,9.6,726.3,16230.3
2019-03-30T11:00+01:00,1290.7,366.9,9771.8,4.1,707.4,16068.2
2019-03-30T12:00+01:00,1286.5,363.7,9838.5,4.1,732.5,15989.4
2019-03-30T13:00+01:00,1281.5,373.1,9774.3,4.1,766.2,15834.5
2019-03-30T14:00+01:00,1279.8,370.4,9819,4.1,792.4,15968.6
2019-03-30T15:00+01:00,1279,373.5,9970.3,9.6,812.5,16040.3
2019-03-30T16:00+01:00,1274.1,373.6,10247.1,9.6,844.3,15955.7
2019-03-30T17:00+01:00,1270.6,369.3,11237.1,9.6,867,16001.2
2019-03-30T18:00+01:00,1271.4,368.3,12198.2,9.6,906.1,16213.8
2019-03-30T19:00+01:00,1266.1,345,12412.1,9.6,998.7,16650.3
2019-03-30T20:00+01:00,1263.7,344.8,12023.5,9.6,960.3,16389.5
2019-03-30T21:00+01:00,1256.9,366.1,11612.6,9.6,939.3,15884.9
2019-03-30T22:00+01:00,1252.5,362.4,11181.3,9.6,1004.2,15721.4
2019-03-30T23:00+01:00,1247.7,362.9,10068.7,9.6,1090.6,15486
2019-03-31T00:00+01:00,1241,358.4,10064.1,9.8,1085.3,15125.2
2019-03-31T01:00+01:00,1236.1,358.9,9335.7,9.8,1088.2,14829.6
2019-03-31T03:00+02:00,1228.9,362,9790.6,9.8,1083.7,14834.1
2019-03-31T04:00+02:00,1225,359.6,9443.1,9.8,1087.6,12125
2019-03-31T05:00+02:00,1212.8,358.1,9325.5,9.8,1149.6,15129.7
2019-03-31T06:00+02:00,1214,359.9,8979.2,9.8,1076.5,15230.6
2019-03-31T07:00+02:00,1213.1,360.1,8791.8,9.8,1042.2,15424.4
2019-03-31T08:00+02:00,1210.8,360.9,9120.8,9.8,948.4,15863.1
2019-03-31T09:00+02:00,1202.2,360.3,9224.4,9.8,980.9,16077.1
2019-03-31T10:00+02:00,1195.1,361.8,9295.8,9.8,842,16253
2019-03-31T11:00+02:00,1192.9,360.9,9341,9.5,811.4,16241
2019-03-31T12:00+02:00,1186.8,355.5,9550.7,9.3,803.8,15982
2019-03-31T13:00+02:00,1186.2,357.5,8979,9.2,748.8,15728.4
2019-03-31T14:00+02:00,1191.2,354.5,9035.6,8.9,839.4,15987.9
2019-03-31T15:00+02:00,1186.6,351.3,9070,8.8,835.5,15836.5
2019-03-31T16:00+02:00,1185.2,359.5,9165.5,8.6,800.9,15827.8
2019-03-31T17:00+02:00,1185.8,361.8,9440.2,8.4,833,15959.1
2019-03-31T18:00+02:00,1181.5,361.9,9668.6,8.2,779.2,16002.4
2019-03-31T19:00+02:00,1179.9,361.1,12001.4,8.1,756,16247.5
2019-03-31T20:00+02:00,1182.8,366.6,13607,7.9,648.3,16896.3
2019-03-31T21:00+02:00,1181.3,369.4,12454,7.8,647.1,16884
2019-03-31T22:00+02:00,1178.1,370.8,12027.7,7.6,608.1,16552.3
2019-03-31T23:00+02:00,1176.3,369,10788.5,7.5,624.5,16068.7
2019-04-01T00:00+02:00,1161.5,363.1,9519,7.1,710.9,15867.2
2019-04-01T01:00+02:00,1161.8,363.2,9472.3,6.9,726.8,15645.7
2019-04-01T02:00+02:00,1161.1,364.5,9540.6,6.9,745,15532
2019-04-01T03:00+02:00,1152.5,365.3,9543.8,6.8,783.9,15584.7
2019-04-01T04:00+02:00,1151.9,364.9,9593.1,6.7,834.3,15472.6
2019-04-01T05:00+02:00,1150.4,364.8,11825.9,6.5,869.9,16181.4
2019-04-01T06:00+02:00,1146.1,366.1,17051.6,6.5,862.7,17723.1
2019-04-01T07:00+02:00,1149.4,363.8,19781.5,6.4,840.1,19340.5
2019-04-01T08:00+02:00,1153.6,361.4,19799,6.3,800.1,19454.6
2019-04-01T09:00+02:00,1151,365.4,18705.7,6.2,776.3,18958
2019-04-01T10:00+02:00,1145.8,365.2,16696.1,6.2,714.8,18279.1
2019-04-01T11:00+02:00,1143.5,369.2,14599.9,6.2,806.1,17928.1
2019-04-01T12:00+02:00,1136.8,363.5,12758.4,6.2,759.5,17275.7
2019-04-01T13:00+02:00,1136.4,367.1,12299.6,6.2,783.9,17078.5
2019-04-01T14:00+02:00,1132.2,367.5,11418.1,6.2,823.8,16923.1
2019-04-01T15:00+02:00,1132.4,365.3,11109.9,6.2,829.1,16815.3
2019-04-01T16:00+02:00,1127.8,367.1,11673.2,6.2,802.1,16843
2019-04-01T17:00+02:00,1125.4,352.7,12726.8,6.2,838.8,16910.8
2019-04-01T18:00+02:00,1122.1,361.5,15205.2,6.2,904.1,17212.3
2019-04-01T19:00+02:00,1123.6,363.6,16460.5,6.2,728.3,17361
2019-04-01T20:00+02:00,1120.6,367,16212.8,6.2,710,17746
2019-04-01T21:00+02:00,1116.8,364.5,13896.2,6.2,617.1,17492.3
2019-04-01T22:00+02:00,1112.8,367.3,11544.7,4,660.2,17041.2
2019-04-01T23:00+02:00,1115.1,380.1,10322.3,4,685.6,16349.7
2019-04-02T00:00+02:00,1077,367.2,9580.6,3.2,714,15709.1
2019-04-02T01:00+02:00,1077.5,368.9,9061.8,3.2,752.1,15330.5
2019-04-02T02:00+02:00,1076.8,353.7,8640.9,3.2,758.1,15072.4
2019-04-02T03:00+02:00,1070.6,347.6,8764,3.2,828.1,15051.8
2019-04-02T04:00+02:00,1074.3,347.2,8888.2,3.2,788.2,15120.6
2019-04-02T05:00+02:00,1074.1,350,9351.1,3.2,807.5,15566
2019-04-02T06:00+02:00,1074.9,353.1,12824.6,3.2,844.1,16772.9
2019-04-02T07:00+02:00,1075.8,351.5,16339,3.2,872.8,18392.7
2019-04-02T08:00+02:00,1083.3,335.8,17064.4,3.2,831.9,18795.6
2019-04-02T09:00+02:00,1065,337.1,15232.3,3.2,850.6,18263.5
2019-04-02T10:00+02:00,1065.7,334.4,13105.6,3.2,835.8,17894.7
2019-04-02T11:00+02:00,1064.4,318.5,11789.8,3.2,840.4,17578.7
2019-04-02T12:00+02:00,1058.8,336.6,11797.8,3.2,884.9,17331.8
2019-04-02T13:00+02:00,1063.5,339.2,11556.7,3.2,773.1,17006.6
2019-04-02T14:00+02:00,1062.3,339.5,10836.2,3.2,769.6,16889.5
2019-04-02T15:00+02:00,1059.4,339.3,10420.3,3.2,761.8,16731.1
2019-04-02T16:00+02:00,1056.5,339.8,10606.2,3.2,729.2,16786
2019-04-02T17:00+02:00,1055.5,347.5,10838.5,3.2,675.3,16595.9
2019-04-02T18:00+02:00,1050.7,344,12203.6,3.2,643.7,16424
2019-04-02T19:00+02:00,1049.3,339.1,13192.3,3.2,668.4,16614.1
2019-04-02T20:00+02:00,1046.6,342.4,12973.9,3.2,678.1,16880.3
2019-04-02T21:00+02:00,1043.9,343.2,11954.2,3.2,712.8,16793
2019-04-02T22:00+02:00,1043.7,344.4,10903.3,3.2,731.6,16331.3
2019-04-02T23:00+02:00,1042.4,346.4,10253.3,3.2,785.6,15721.5
2019-04-03T00:00+02:00,1020.2,345.6,9819,3.1,810.4,15076.7
2019-04-03T01:00+02:00,1018.4,343.5,9476.7,3.1,807.1,14791.4
2019-04-03T02:00+02:00,1019,341,9271.5,3.1,763.6,14660.1
2019-04-03T03:00+02:00,1012.9,339.8,9542.4,3.1,772.5,14696.8
2019-04-03T04:00+02:00,1013,341.1,9857.7,3.1,737.9,14904.4
2019-04-03T05:00+02:00,1010.2,341.3,11357.5,3.1,778,15488.3
2019-04-03T06:00+02:00,1012.3,341.5,15998.2,3.1,781.4,16796.1
2019-04-03T07:00+02:00,1019.9,341.2,18378,3.1,674,17983.8
2019-04-03T08:00+02:00,1025.7,343.2,19139.6,3.1,626.9,18267
2019-04-03T09:00+02:00,1012.9,348.2,18838.1,3.1,579.2,18038.7
2019-04-03T10:00+02:00,1017.6,346.4,18786.4,3.1,576.5,17890.1
2019-04-03T11:00+02:00,1017,350.1,18401.3,3.1,570.1,17603.9
2019-04-03T12:00+02:00,1011,342.4,17526.2,3.1,506.1,17225.4
2019-04-03T13:00+02:00,1013.1,346.7,16912.7,4.6,471.9,17058.6
2019-04-03T14:00+02:00,1012.9,350.1,16372.2,4.6,400.8,17204.8
2019-04-03T15:00+02:00,1014.4,346.7,15971.5,4.6,350.8,17180.2
2019-04-03T16:00+02:00,1018.9,345.1,16277.3,4.6,323.4,17150.6
2019-04-03T17:00+02:00,1019.1,351.9,16864.3,4.6,354.1,17037.8
2019-04-03T18:00+02:00,1020.6,350,16867.7,4.6,363.8,17002.8
2019-04-03T19:00+02:00,1030.5,348.2,16953.6,4.6,395.3,17025.5
2019-04-03T20:00+02:00,1032.5,368.8,16497,4.6,341.2,17310.3
2019-04-03T21:00+02:00,1029.7,365.3,14915.7,4.6,377.2,17011.3
2019-04-03T22:00+02:00,1025.2,370,12493.6,4.6,457.4,16305.4
2019-04-03T23:00+02:00,1025.4,367.1,10665,4.6,479.6,15653.7
2019-04-04T00:00+02:00,998.9,362.7,10091.9,3.9,496.3,15070.4
2019-04-04T01:00+02:00,999.1,363.9,10003.9,3.9,520.6,14725.7
2019-04-04T02:00+02:00,1000.2,365,9926.7,3.9,529.1,14551.6
2019-04-04T03:00+02:00,997.2,360.1,9878.9,3.9,554.7,14641.5
2019-04-04T04:00+02:00,1000.3,357.7,10060.9,3.9,621.1,14805.5
2019-04-04T05:00+02:00,999.5,359.5,11803.2,3.9,630.9,15328.5
2019-04-04T06:00+02:00,999.5,361.4,15621,3.9,658.9,16595
2019-04-04T07:00+02:00,1005.2,360.8,18169.8,3.9,655,17947.5
2019-04-04T08:00+02:00,1014.2,358.6,18348.8,3.9,694.5,18171.9
2019-04-04T09:00+02:00,1003.9,356.1,17978.5,3.9,614.6,17621.2
2019-04-04T10:00+02:00,1003.9,354.9,18078.8,3.9,645.5,17171.7
2019-04-04T11:00+02:00,1002.3,352.3,17751.8,3.9,671.8,16650.5
2019-04-04T12:00+02:00,1001.9,348.6,17275.5,3.9,761.8,16467
2019-04-04T13:00+02:00,1005,355.6,16470.5,3.9,793.7,16204.5
2019-04-04T14:00+02:00,1010.7,351.8,15001.4,3.9,807.6,16075.7
2019-04-04T15:00+02:00,1013.2,349.1,14135.1,3.9,772.6,15779.1
2019-04-04T16:00+02:00,1017.9,343.6,14850.5,3.9,761.9,15969.6
2019-04-04T17:00+02:00,1031.1,345.6,15792.9,3.9,750.7,15824.1
2019-04-04T18:00+02:00,1033.8,357.3,16492.7,3.9,753.5,15797.8
2019-04-04T19:00+02:00,1034.8,357.2,16556.1,3.9,776.9,15934.5
2019-04-04T20:00+02:00,1038.7,357.4,15446.4,3.9,840.2,16101.4
2019-04-04T21:00+02:00,1037.9,352.7,14349.5,3.9,810.9,16024.6
2019-04-04T22:00+02:00,1037.4,356.5,12694.5,3.9,845.3,15598.1
2019-04-04T23:00+02:00,1040,350.8,10805.5,3.9,927.8,14913.8
2019-04-05T00:00+02:00,1016.9,366.8,9494.5,3.8,983.6,14305.7
2019-04-05T01:00+02:00,1013,370,9032,3.8,1009.7,14058.5
2019-04-05T02:00+02:00,1011,373.6,9074.1,3.8,878.1,13784.3
2019-04-05T03:00+02:00,1007.3,374.6,8981.4,3.8,874.2,13746.1
2019-04-05T04:00+02:00,1010,371.3,10136.7,3.8,892.7,13961.5
2019-04-05T05:00+02:00,1009.3,373.7,12571.2,3.8,914.7,14443.3
2019-04-05T06:00+02:00,1008.5,373.3,15569.1,3.8,929.5,15643.1
2019-04-05T07:00+02:00,1010.4,365.7,17903.1,3.8,930.4,17053.6
2019-04-05T08:00+02:00,1018.7,361.5,18617.7,3.8,904.3,17287.4
2019-04-05T09:00+02:00,1018.1,367.4,18148.2,3.8,924.5,17085.9
2019-04-05T10:00+02:00,1018.4,370.4,17477.2,3.8,886.5,16674.4
2019-04-05T11:00+02:00,1017.1,373,16392.8,3.8,847.8,16155.7
2019-04-05T12:00+02:00,1013.1,370.4,15514.3,3.8,822.4,15906.5
2019-04-05T13:00+02:00,1013.4,364.7,14904.1,3.8,812.2,15707.8
2019-04-05T14:00+02:00,1010.6,359.6,14124.9,3.8,797.1,15505.8
2019-04-05T15:00+02:00,1012.4,356.4,13314.9,3.8,844.4,15409.4
2019-04-05T16:00+02:00,1015.4,356.6,13930,4.2,830.6,15385.4
2019-04-05T17:00+02:00,1029.6,358.4,14981,4.3,832.3,15375.9
2019-04-05T18:00+02:00,1033.5,361.3,15175.3,4.4,859.9,15472.3
2019-04-05T19:00+02:00,1048.3,358.1,15201.4,4.5,908.6,15604.3
2019-04-05T20:00+02:00,1053.9,361.8,14714.5,4.6,881.9,15724.4
2019-04-05T21:00+02:00,1064.5,365.8,14632.7,4.6,932.1,15555.9
2019-04-05T22:00+02:00,1062,364.2,13380.2,4.7,902.6,15090.6
2019-04-05T23:00+02:00,1062.2,363.9,12229,4.8,944.9,14728.2
2019-04-06T00:00+02:00,1082.9,360.8,11697,5.9,948.6,14365.3
2019-04-06T01:00+02:00,1086.7,359.6,10972.7,6,934.5,13996
2019-04-06T02:00+02:00,1087.8,361,9952,5.9,888.5,13972.8
2019-04-06T03:00+02:00,1086.2,359.6,9565.8,6,872,13924.4
2019-04-06T04:00+02:00,1085.6,357.4,9551.6,6,876,14025.9
2019-04-06T05:00+02:00,1084.8,361.6,10003.4,6,823.9,14280
2019-04-06T06:00+02:00,1082.1,361,11377,6,802.6,14633
2019-04-06T07:00+02:00,1080.7,358.3,12546.4,6,707.2,14918.3
2019-04-06T08:00+02:00,1081.6,356.2,14039.5,6,640.2,15471.4
2019-04-06T09:00+02:00,1078.7,360.6,14730.9,6,467.5,15894
2019-04-06T10:00+02:00,1078.1,360.2,14208.8,6.1,451.8,16041.5
2019-04-06T11:00+02:00,1073.3,357.7,12513.7,6,412.8,15750.1
2019-04-06T12:00+02:00,1069.1,358.4,10953.9,6.1,425.3,15570.3
2019-04-06T13:00+02:00,1068.1,359,10740.3,6,370.3,15264.5
2019-04-06T14:00+02:00,1069.3,360.8,10483.7,6.1,309.3,15020.2
2019-04-06T15:00+02:00,1070.5,360.3,10514,6.1,307.6,14922.5
2019-04-06T16:00+02:00,1071.5,356.2,10531.1,6,270.2,14826.9
2019-04-06T17:00+02:00,1074.3,357.7,11406.8,6,289.7,14824.6
2019-04-06T18:00+02:00,1076.1,361.5,12825.1,6.1,205.6,14906.1
2019-04-06T19:00+02:00,1079,362.8,13601.9,6.2,291.5,15022.6
2019-04-06T20:00+02:00,1076.8,359,13952,6.2,304.9,15214.2
2019-04-06T21:00+02:00,1084.1,367.3,12922.9,6.2,328.2,15198.5
2019-04-06T22:00+02:00,1081.2,368.6,11577.6,6.4,303.5,14814.4
2019-04-06T23:00+02:00,1088.8,369.5,10838.5,6.3,342.8,14521.4
2019-04-07T00:00+02:00,1094,375.6,10220.6,6.4,280.4,14120.2
2019-04-07T01:00+02:00,1092.5,369.8,9522.2,6.3,407.5,13945.5
2019-04-07T02:00+02:00,1088.2,372.9,9208,6.5,358.3,13758
2019-04-07T03:00+02:00,1083.3,373.9,9160.1,6.5,360.8,13673.9
2019-04-07T04:00+02:00,1087.1,371.8,9409.6,6.4,381.6,13861.2
2019-04-07T05:00+02:00,1084.2,370.6,9335.1,6.3,440,14028.8
2019-04-07T06:00+02:00,1081.9,372,9315.2,6.3,484.1,14178.2
2019-04-07T07:00+02:00,1080.1,372.8,10493,6.3,570.5,14481.3
2019-04-07T08:00+02:00,1085.5,368.7,11645.5,6.3,610.5,14808
2019-04-07T09:00+02:00,1083.8,371.2,11801.8,6.3,635.8,15137.4
2019-04-07T10:00+02:00,1082.9,370.8,10836.5,6.3,647.6,15344.3
2019-04-07T11:00+02:00,1079.3,370.5,10510.6,6.3,658.3,15300.7
2019-04-07T12:00+02:00,1075.8,372,10247.3,6.3,630,15116.8
2019-04-07T13:00+02:00,1076.3,375.1,9905,6.3,633.8,15004
2019-04-07T14:00+02:00,1076.8,374.1,9479.5,6.3,646.9,14877.7
2019-04-07T15:00+02:00,1077.5,372.5,9275.3,6.3,640.6,14816.1
2019-04-07T16:00+02:00,1077.5,372.7,9459.1,6.2,638.2,14857.1
2019-04-07T17:00+02:00,1080.5,374.1,10036.4,6.3,588.9,14896.9
2019-04-07T18:00+02:00,1083.7,374.8,12011.7,6.2,587.5,15057.4
2019-04-07T19:00+02:00,1087.8,372.7,13434,6.3,547.5,15263.8
2019-04-07T20:00+02:00,1089,374.2,13749,6.3,522,15739.8
2019-04-07T21:00+02:00,1090.3,371.6,13565,6.4,488,15963.4
2019-04-07T22:00+02:00,1089.7,373.2,12602.1,6.4,460.3,15642.8
2019-04-07T23:00+02:00,1090.3,374.3,11948,6.3,410.6,15113.9
2019-04-08T00:00+02:00,1075.8,368.1,10236.9,6.2,550,14754.7
2019-04-08T01:00+02:00,1085.8,365.8,9548.5,6.3,541.2,14528.5
2019-04-08T02:00+02:00,1079.2,380.9,9190.2,6.2,506.3,14551.4
2019-04-08T03:00+02:00,1077.7,371.1,9007.3,6.2,552.9,14593.7
2019-04-08T04:00+02:00,1075.7,372.4,9123.8,6.2,546.2,14787.9
2019-04-08T05:00+02:00,1074,368.7,11603,6.2,572,15322
2019-04-08T06:00+02:00,1074.6,373.2,15115.8,6.2,563.7,16601.9
2019-04-08T07:00+02:00,1091.7,369.8,17379.2,6.2,529.5,17977.6
2019-04-08T08:00+02:00,1088.9,381.8,18017.1,6.1,466.6,18054.8
2019-04-08T09:00+02:00,1089.3,378.3,17258.8,6.1,408.1,17662.1
2019-04-08T10:00+02:00,1098.2,379,16905.7,4.8,332.8,17222
2019-04-08T11:00+02:00,1101.7,377.7,16033.9,4.8,296.8,16942.1
2019-04-08T12:00+02:00,1098.8,379.8,15175.9,4.8,265.4,16641.1
2019-04-08T13:00+02:00,1099.5,375.7,14136.9,4.8,252.8,16419.4
2019-04-08T14:00+02:00,1098.3,379.4,12580,4.8,271.1,16275.3
2019-04-08T15:00+02:00,1101.4,379.6,12105.3,4.8,284.4,16117.8
2019-04-08T16:00+02:00,1105.7,375,13154.4,4.8,342.7,16084.6
2019-04-08T17:00+02:00,1108,369.5,14465.4,4.8,316.7,15904.2
2019-04-08T18:00+02:00,1110.2,371.5,15387.8,4.8,348.9,15896.8
2019-04-08T19:00+02:00,1112.8,368.2,15861.4,4.8,303.1,16014.6
2019-04-08T20:00+02:00,1113.2,365.9,15462.9,4.8,346.1,16428.9
2019-04-08T21:00+02:00,1113.5,368,14418.9,4.8,319.2,16615.2
2019-04-08T22:00+02:00,1113.7,365.3,12387.4,4.8,288.6,16239
2019-04-08T23:00+02:00,1111.3,368.4,10262.3,4.8,342.8,15664
2019-04-09T00:00+02:00,1066.8,378,10041,4.1,295.2,15173.2
2019-04-09T01:00+02:00,1062.3,372.5,9767.3,4.1,216.9,14848
2019-04-09T02:00+02:00,1059.2,376.3,9582.3,4.1,234.4,14784.1
2019-04-09T03:00+02:00,1052.4,375.3,9509,4,255.1,14783.7
2019-04-09T04:00+02:00,1052.9,379.7,9589,4,271.1,14991.8
2019-04-09T05:00+02:00,1050.5,376.8,10867.9,4,312.8,15618.5
2019-04-09T06:00+02:00,1051.4,376.7,15412.8,4,279.7,16856.8
2019-04-09T07:00+02:00,1056.6,378.3,18721.9,4,290.7,18355.7
2019-04-09T08:00+02:00,1068.9,376.3,19216.2,4,267.1,18562.9
2019-04-09T09:00+02:00,1058.7,368.8,18293.6,4,243.3,17944
2019-04-09T10:00+02:00,1055.8,378.2,17733.9,4,213.5,17586.2
2019-04-09T11:00+02:00,1060.8,377.3,16120.4,4,181.7,17063.7
2019-04-09T12:00+02:00,1060.9,360.2,14912.7,4,173.9,16967
2019-04-09T13:00+02:00,1059.7,358.6,13836.3,4,207.4,16641.5
2019-04-09T14:00+02:00,1058.3,360.4,12473.6,4,258.5,16681.9
2019-04-09T15:00+02:00,1057.5,364.4,12326.6,4,229.9,16663.7
2019-04-09T16:00+02:00,1055.2,352.1,12890.5,4,290.9,16435.3
2019-04-09T17:00+02:00,1053.7,356,13813.7,4,318.1,16366.7
2019-04-09T18:00+02:00,1054,365.4,15546.1,4,272.6,16324.5
2019-04-09T19:00+02:00,1052.8,366.8,16811.7,4,388.2,16544.6
2019-04-09T20:00+02:00,1056,373.2,16380.1,4,262,16809.1
2019-04-09T21:00+02:00,1051.4,370.7,14748.1,4,250,17062.9
2019-04-09T22:00+02:00,1048.9,370.5,12855.2,4,253.4,16480.6
2019-04-09T23:00+02:00,1048.6,369.2,11023.3,4,235.7,16032.2
2019-04-10T00:00+02:00,1022,370.7,10681.2,3.5,273,15487.9
2019-04-10T01:00+02:00,1014.3,366.9,10243.4,3.5,306.5,15184.5
2019-04-10T02:00+02:00,1010.9,375.1,10011.8,3.5,307.4,15021.2
2019-04-10T03:00+02:00,1004.6,374.9,10030.9,3.5,348.5,15001.3
2019-04-10T04:00+02:00,1005.9,369.7,10238.6,3.5,377.5,15208.8
2019-04-10T05:00+02:00,1003.7,373.9,12298.2,3.5,353.2,15743.2
2019-04-10T06:00+02:00,1004,374.5,16332.2,3.5,353,17229.9
2019-04-10T07:00+02:00,1008.8,373.5,19648.5,3.5,323.4,18555.6
2019-04-10T08:00+02:00,1014.3,369.5,20268.6,3.6,303.6,18812.2
2019-04-10T09:00+02:00,1013.5,374.5,19180.9,3.6,276.2,18280.1
2019-04-10T10:00+02:00,1013,372.9,17858.6,3.6,246.3,17873.8
2019-04-10T11:00+02:00,1017.7,373.2,17131.2,3.6,239.5,17630.8
2019-04-10T12:00+02:00,1018.5,370.4,16198.1,3.6,270.6,17261
2019-04-10T13:00+02:00,1019.2,367.8,16006.2,3.6,270.4,16946.8
2019-04-10T14:00+02:00,1017.4,369.9,14828.8,3.6,262.7,16755
2019-04-10T15:00+02:00,1014.3,373.5,14837.7,3.6,292.3,16701.2
2019-04-10T16:00+02:00,1013.6,363.5,15983.5,3.5,259.5,16726.5
2019-04-10T17:00+02:00,1013.2,364.6,16674,3.4,293.8,16680.7
2019-04-10T18:00+02:00,1013.2,364.3,17799.6,3.4,223.3,16504.7
2019-04-10T19:00+02:00,1012.1,367.1,18433.8,3.4,209.5,16626.1
2019-04-10T20:00+02:00,1007.7,369.9,18366.1,3.5,217.8,17010.8
2019-04-10T21:00+02:00,1006.6,369.4,16476.5,3.5,214.1,17148.8
2019-04-10T22:00+02:00,1003.8,369.5,14942.3,3.5,192,16610.5
2019-04-10T23:00+02:00,1001.5,367.1,13573.4,3.5,252.9,16067
2019-04-11T00:00+02:00,964.7,368.4,11985.5,3.4,249,15437.1
2019-04-11T01:00+02:00,960.3,373.1,11500.7,3.5,261.1,15183.4
2019-04-11T02:00+02:00,956.8,365.5,11543.4,3.5,317,15274.8
2019-04-11T03:00+02:00,951.2,370.7,11626.4,3.6,324,15349.8
2019-04-11T04:00+02:00,952,366.6,12096.8,3.6,280.5,15481
2019-04-11T05:00+02:00,954,368.7,13685.2,3.6,261.5,16030.5
2019-04-11T06:00+02:00,955.4,366.9,18363.5,3.5,257.1,17437.9
2019-04-11T07:00+02:00,957.7,367,20255,3.5,241,18787.8
2019-04-11T08:00+02:00,960.8,364.8,20435.9,3.5,202.8,18966.3
2019-04-11T09:00+02:00,957.4,366.1,19318.9,3.4,206.1,18399.4
2019-04-11T10:00+02:00,957.5,367,18789.5,3.4,194,17969.7
2019-04-11T11:00+02:00,956.6,367.3,17634.9,3.4,168.9,17463.6
2019-04-11T12:00+02:00,964,365.9,17692.7,3.4,176.5,17337.4
2019-04-11T13:00+02:00,960.9,368.7,17644,3.4,160.5,17151.9
2019-04-11T14:00+02:00,954.1,364.3,16021.9,3.4,185.9,16923.9
2019-04-11T15:00+02:00,952.8,368.5,15683,3.4,177.9,16821.1
2019-04-11T16:00+02:00,951.5,370.3,16470.9,3.5,167,16834.5
2019-04-11T17:00+02:00,947.6,363.8,16888.2,3.5,184.3,16747.5
2019-04-11T18:00+02:00,947.1,374.9,18504.9,3.5,215,16710.5
2019-04-11T19:00+02:00,946.4,373.6,19197,3.6,200.9,16690.6
2019-04-11T20:00+02:00,945.3,374,19462,3.7,194.9,17004
2019-04-11T21:00+02:00,944.5,371.8,18705.6,3.7,195.9,17153.3
2019-04-11T22:00+02:00,942.6,372,17343.2,3.7,172.9,16821.9
2019-04-11T23:00+02:00,940.3,370.4,15309.9,3.8,179.1,16201.6
2019-04-12T00:00+02:00,917.9,363.4,13597.4,3.2,175.1,15663.8
2019-04-12T01:00+02:00,913.7,364.4,13093.1,3.2,179.9,15518.7
2019-04-12T02:00+02:00,910.5,366.9,12956.1,3.2,119,15435
2019-04-12T03:00+02:00,904.5,366.8,13252,3.2,131.2,15521.6
2019-04-12T04:00+02:00,906.4,369.6,14119.4,3.2,89.8,15747.6
2019-04-12T05:00+02:00,908.2,373.2,15912.2,3.2,106.8,16406.1
2019-04-12T06:00+02:00,910.1,372.7,19195.8,3.2,119,17870.7
2019-04-12T07:00+02:00,912.1,371.6,20958,3.2,74.3,19048.3
2019-04-12T08:00+02:00,914.6,364.8,20629.9,3.3,63.4,19038.9
2019-04-12T09:00+02:00,911.8,366.5,19905.8,3.3,35.1,18440.5
2019-04-12T10:00+02:00,913.5,365.4,19611.3,3.3,27.3,17866.6
2019-04-12T11:00+02:00,917.7,366.7,17753.2,3.3,30.7,17244.8
2019-04-12T12:00+02:00,920.8,367.2,17293.7,3.3,49.4,16957.7
2019-04-12T13:00+02:00,923.4,363.1,16161.6,3.3,63.7,16471.2
2019-04-12T14:00+02:00,918,366.6,14381.1,3.3,62.2,16067
2019-04-12T15:00+02:00,913.9,364.3,13927.6,3.3,75.3,15849.3
2019-04-12T16:00+02:00,914.8,355.6,14426,3.3,127.5,15727
2019-04-12T17:00+02:00,913.9,355.8,15318.8,3.3,209.4,15807.1
2019-04-12T18:00+02:00,913.5,364.6,16526.7,3.3,235.2,15791.4
2019-04-12T19:00+02:00,914.5,365.5,17448.3,3.3,219.5,15930.1
2019-04-12T20:00+02:00,915.1,367.9,17716.7,3.3,256.1,16137.3
2019-04-12T21:00+02:00,914.5,365.4,17276.2,3.3,212.3,16298.1
2019-04-12T22:00+02:00,909.5,366.6,16638.6,3.3,282.6,16093.4
2019-04-12T23:00+02:00,909,364.4,14798.5,3.3,297,15582.2
2019-04-13T00:00+02:00,879.5,365.1,13385.2,3.3,299.9,15212.9
2019-04-13T01:00+02:00,872.8,366.4,11988.8,3.3,211.4,14927.9
2019-04-13T02:00+02:00,869.8,367.2,11384.4,3.3,246,14899
2019-04-13T03:00+02:00,865.4,368.7,10842.8,3.2,226,14758.8
2019-04-13T04:00+02:00,865.8,368.1,11092.4,3.2,243.9,15027
2019-04-13T05:00+02:00,866.1,365.4,11212.2,3.2,255.8,15242.1
2019-04-13T06:00+02:00,866.5,359.7,12036.6,3.2,286.6,15443.7
2019-04-13T07:00+02:00,865.9,367.4,13739.1,3.2,273,15848.8
2019-04-13T08:00+02:00,866.4,368.6,15507.4,3.3,272.8,16243.5
2019-04-13T09:00+02:00,865.3,367.8,14962.5,3.3,290,16332.7
2019-04-13T10:00+02:00,864.8,369.7,12715.3,3.3,254.7,16140.2
2019-04-13T11:00+02:00,864.8,358.2,11494.1,3.3,258.1,15872.5
2019-04-13T12:00+02:00,865.9,369.6,11127.9,3.3,244.3,15586.3
2019-04-13T13:00+02:00,869.1,370.8,10627.2,3.2,250.4,15234.7
2019-04-13T14:00+02:00,869.1,368,10285.3,3.2,271.9,14983.9
2019-04-13T15:00+02:00,865.6,368.3,9948.3,3.2,287.3,14736.5
2019-04-13T16:00+02:00,863.4,368.5,10177,3.2,289.5,14676.4
2019-04-13T17:00+02:00,860.3,371.2,10963.6,3.2,280.5,14745.6
2019-04-13T18:00+02:00,858.7,363,12253.6,3.2,289.5,14840.7
2019-04-13T19:00+02:00,859.2,370.8,13574.7,3.2,294.4,14955.5
2019-04-13T20:00+02:00,858.8,372.1,14124.2,3.2,314.4,15128.2
2019-04-13T21:00+02:00,856.2,367.7,12825.4,3.2,333.8,15322.3
2019-04-13T22:00+02:00,856.1,370.4,11325.5,3.2,302.7,14888.7
2019-04-13T23:00+02:00,853.1,372.2,10149.8,3.2,288.5,14687.3
2019-04-14T00:00+02:00,848,369.4,9340,3.2,357.7,14609.8
2019-04-14T01:00+02:00,846.1,367.3,9144.1,3.2,338,14431.7
2019-04-14T02:00+02:00,844.9,367,9322.7,3.2,381.4,14493.4
2019-04-14T03:00+02:00,843.9,368.8,9359.9,3.2,345.8,14442.7
2019-04-14T04:00+02:00,843.8,367.4,9393.9,3.2,347.6,14565
2019-04-14T05:00+02:00,844.9,369.8,9514.6,3.2,376.6,14771.9
2019-04-14T06:00+02:00,843.6,369.6,9553.7,3.2,367.9,14907.3
2019-04-14T07:00+02:00,843.4,369.4,9885.9,3.2,363.8,15099.5
2019-04-14T08:00+02:00,842.2,367.8,10751.8,3.2,355.9,15249.7
2019-04-14T09:00+02:00,842.3,369.1,11078.5,3.2,362.8,15265.9
2019-04-14T10:00+02:00,843.7,366.5,10619.8,3.2,395,15188.6
2019-04-14T11:00+02:00,845.1,367.7,10476.1,3.2,392.9,15042.9
2019-04-14T12:00+02:00,846.6,370.9,10423.9,3.2,383.2,14901.1
2019-04-14T13:00+02:00,846.9,369.2,10039.4,3.2,345.1,14597.9
2019-04-14T14:00+02:00,846.5,370.4,9819.3,3.2,323.9,14465.6
2019-04-14T15:00+02:00,845.3,363.9,9986.5,3.2,310.1,14386.2
2019-04-14T16:00+02:00,843.7,368.9,9899.2,3.2,295.5,14391.4
2019-04-14T17:00+02:00,844.9,366.9,10093.7,3.2,285.3,14328.2
2019-04-14T18:00+02:00,846.1,371.5,11216.7,3.2,301.6,14499.5
2019-04-14T19:00+02:00,845.4,340.7,13505.7,3.2,268.5,14672
2019-04-14T20:00+02:00,845.2,341.5,14598.3,3.2,256.3,15026.8
2019-04-14T21:00+02:00,845.8,345.1,13837.9,3.2,229,15267.7
2019-04-14T22:00+02:00,843.1,348.4,12913.9,3.2,237.1,15064.4
2019-04-14T23:00+02:00,842.3,347.5,11460.7,3.2,253.2,14799.6
2019-04-15T00:00+02:00,834.4,343.7,11131.6,3,307.6,14595.6
2019-04-15T01:00+02:00,833.9,342.4,10341.6,3,296.4,14355.5
2019-04-15T02:00+02:00,832.6,337.6,10088.2,3,322.4,14349.5
2019-04-15T03:00+02:00,833.9,335.8,10323.2,3,351.8,14463.8
2019-04-15T04:00+02:00,831,366.2,11121.1,3,385.1,14812.5
2019-04-15T05:00+02:00,830.2,369.1,14027.3,3,417.4,15433.3
2019-04-15T06:00+02:00,832.5,361.5,18236.9,3,413.4,16310.5
2019-04-15T07:00+02:00,834.2,369.4,20154.9,3,411.6,17212.7
2019-04-15T08:00+02:00,839.3,367,20179.8,3,394.2,17373.5
2019-04-15T09:00+02:00,845.6,342,18598.3,3,381.4,17050.8
2019-04-15T10:00+02:00,844.3,341.3,16261,3,373.1,16663.6
2019-04-15T11:00+02:00,845.9,342.6,14483.1,3,351.4,16163
2019-04-15T12:00+02:00,847.1,341.9,13921,3,332.5,15783.4
2019-04-15T13:00+02:00,848.4,341.8,13515.9,3,309.6,15487.4
2019-04-15T14:00+02:00,844.8,338.2,12668,3,304.4,15304.8
2019-04-15T15:00+02:00,842.8,333.6,12334.2,3,314.6,15134.9
2019-04-15T16:00+02:00,841.6,326.1,12663,3,323.2,14963.6
2019-04-15T17:00+02:00,841.4,339.7,13254.2,3,331.5,14842.8
2019-04-15T18:00+02:00,843,336.3,15535.2,3,337.2,14899
2019-04-15T19:00+02:00,842.6,338.6,17098.1,3,345.8,14969.7
2019-04-15T20:00+02:00,842.7,336.8,17099.3,3,358.9,15085.8
2019-04-15T21:00+02:00,844.3,338.4,15355.9,3,356.9,15237.6
2019-04-15T22:00+02:00,843.6,335.1,12522.8,3,360.8,14909.5
2019-04-15T23:00+02:00,842.7,338.6,10992.2,3,361.2,14513.6
2019-04-16T00:00+02:00,846.4,348.9,10366.8,2.8,405,14229.7
2019-04-16T01:00+02:00,844.4,349.7,9787.4,2.8,389.8,13887.1
2019-04-16T02:00+02:00,843,343.4,9865.2,2.8,400.1,13935
2019-04-16T03:00+02:00,842.5,342.5,10323.1,2.8,411.4,14102
2019-04-16T04:00+02:00,842,347.7,10950.2,2.8,408.2,14236.2
2019-04-16T05:00+02:00,841.4,344.4,12504.3,2.8,405.1,14630.5
2019-04-16T06:00+02:00,845.7,342,16334.3,2.8,490.8,15632.7
2019-04-16T07:00+02:00,848.6,343.2,19067.3,2.8,424.1,16422.8
2019-04-16T08:00+02:00,854.2,338.3,19061.3,2.8,418.1,16626.3
2019-04-16T09:00+02:00,850.3,333.1,17200.8,2.8,378.8,16399.4
2019-04-16T10:00+02:00,851.8,336.6,14824.1,2.8,349.6,16000.2
2019-04-16T11:00+02:00,854.1,337.6,14031.8,2.8,353.6,15704.2
2019-04-16T12:00+02:00,854.8,337.8,13513.9,2.8,358.2,15527.5
2019-04-16T13:00+02:00,855.1,336.6,13400.5,2.8,364.6,15365.8
2019-04-16T14:00+02:00,851.4,336.7,12587.9,2.8,375.6,15225.6
2019-04-16T15:00+02:00,850.7,359.5,12266.1,2.8,415.7,15169.4
2019-04-16T16:00+02:00,851,341.8,12190.1,2.8,374.9,14954.1
2019-04-16T17:00+02:00,851.5,341.9,14069.4,2.8,359,14869.3
2019-04-16T18:00+02:00,853.6,343.3,15962.1,2.8,363.9,15017.7
2019-04-16T19:00+02:00,855.6,358.1,16710.3,2.8,448.8,15214.5
2019-04-16T20:00+02:00,856.2,359.5,16864.8,2.8,397.1,15167.3
2019-04-16T21:00+02:00,854.8,359.8,15749.9,2.8,428.6,15146.4
2019-04-16T22:00+02:00,855.8,359.7,12469.8,2.8,454.8,14711.6
2019-04-16T23:00+02:00,854.9,360.5,9440.6,2.8,519.3,14309.9
2019-04-17T00:00+02:00,852.4,352.9,9937.6,2.9,587.1,14066.9
2019-04-17T01:00+02:00,851.7,354.3,9580.6,2.9,625.4,13820.6
2019-04-17T02:00+02:00,850.5,354.8,9559.7,2.9,708,13757.5
2019-04-17T03:00+02:00,849.6,354.1,9791,2.9,730.4,13839.6
2019-04-17T04:00+02:00,849.5,355.8,10529.2,2.9,827.2,14189.4
2019-04-17T05:00+02:00,850.9,352.5,12242.6,2.9,894.8,14857.1
2019-04-17T06:00+02:00,850.8,355.5,15776.3,2.9,768.5,15387.8
2019-04-17T07:00+02:00,858.7,355.4,17609.4,2.9,661.5,15844.2
2019-04-17T08:00+02:00,858.4,358.5,18313.6,2.9,693.2,16044.1
2019-04-17T09:00+02:00,856,352.7,17530.1,2.9,658,15903.6
2019-04-17T10:00+02:00,857.1,334,16615.6,2.9,640.2,15689.6
2019-04-17T11:00+02:00,857.9,338,15112.7,2.9,593.1,15332.5
2019-04-17T12:00+02:00,855.9,334.4,13742.8,2.9,580.4,14813
2019-04-17T13:00+02:00,854.6,365.2,12631.9,2.9,569.3,14566.3
2019-04-17T14:00+02:00,846.3,364.7,11845.3,2.9,524.5,14221.8
2019-04-17T15:00+02:00,847.1,364.4,11655,2.9,508.5,14095.3
2019-04-17T16:00+02:00,847,364,11988.3,2.9,443.6,13964
2019-04-17T17:00+02:00,847.2,359.1,12484,2.9,380.5,13883.5
2019-04-17T18:00+02:00,841.6,359.4,14161,2.9,353.6,13929.4
2019-04-17T19:00+02:00,836.5,360.1,15056.4,2.9,297.5,13878.4
2019-04-17T20:00+02:00,831.2,357.5,15635.8,2.9,296.8,13981.4
2019-04-17T21:00+02:00,832.1,346.1,13995.2,2.9,345.6,14122.2
2019-04-17T22:00+02:00,830.5,346.6,11713.5,2.9,392.4,13878.3
2019-04-17T23:00+02:00,831.1,359.3,9776.7,2.9,413.3,13381.8
2019-04-18T00:00+02:00,838.1,359.1,8993.6,2.9,408.5,13080.6
2019-04-18T01:00+02:00,839,360.8,8561.3,2.9,459.1,12982.8
2019-04-18T02:00+02:00,839,359.1,8632,2.9,412.3,12868.3
2019-04-18T03:00+02:00,838,357.8,9031.5,2.9,424.7,12981.9
2019-04-18T04:00+02:00,838.3,359.8,9645.9,2.9,436.6,13063.3
2019-04-18T05:00+02:00,839,364.7,11295.9,2.9,436.1,13312.1
2019-04-18T06:00+02:00,841.3,354,13821.2,2.9,414.7,13569
2019-04-18T07:00+02:00,842.1,362.1,15566.8,2.9,439,13897.3
2019-04-18T08:00+02:00,842,361,16126.9,2.9,344.7,13883.5
2019-04-18T09:00+02:00,840,364.5,15510.8,2.9,293,14036.6
2019-04-18T10:00+02:00,842.4,363.1,13702.8,2.9,211.2,13885
2019-04-18T11:00+02:00,839.2,366.4,11924.7,2.9,181.5,13633.6
2019-04-18T12:00+02:00,834.1,360.9,11064.2,2.9,181.8,13352
2019-04-18T13:00+02:00,835.6,367.6,10483.5,2.9,192.1,13093.8
2019-04-18T14:00+02:00,836,369.6,9989.4,2.9,203.9,12945.9
2019-04-18T15:00+02:00,836.2,369.6,9871.4,2.9,192,12811.4
2019-04-18T16:00+02:00,836.1,368.3,9966.8,2.9,171.7,12793.2
2019-04-18T17:00+02:00,838.3,369.7,10573.6,2.9,206.9,12804.4
2019-04-18T18:00+02:00,840.3,369.2,12035.7,2.9,201,12871.7
2019-04-18T19:00+02:00,844.5,369.4,13708.2,2.9,215.3,12952.3
2019-04-18T20:00+02:00,847.6,366.1,13882.6,2.9,225.8,13016.9
2019-04-18T21:00+02:00,849.2,368.8,12459.5,2.9,290.4,13237
2019-04-18T22:00+02:00,850.5,368,10849.6,2.9,336.6,13070.2
2019-04-18T23:00+02:00,851.9,363.4,8660.6,2.9,323.7,12461.7
2019-04-19T00:00+02:00,859.5,378.9,7215.9,3,345.9,12228.1
2019-04-19T01:00+02:00,859.7,374.2,7130,3,354.2,12118.7
2019-04-19T02:00+02:00,858.8,376.5,7011.8,3,447.2,12149.3
2019-04-19T03:00+02:00,857.5,372.5,7102.2,3,443.7,12260
2019-04-19T04:00+02:00,857.5,372.4,7215,3,408.7,12369
2019-04-19T05:00+02:00,860.2,368.2,7405.1,3,406.2,12608.6
2019-04-19T06:00+02:00,859.8,373.3,8169.5,3,331.6,12913.7
2019-04-19T07:00+02:00,875.4,374.6,9120.2,3,324.5,13162.6
2019-04-19T08:00+02:00,882.8,372.3,9946.8,3,296.4,13340
2019-04-19T09:00+02:00,885.6,371.5,10092.2,3,262,13496
2019-04-19T10:00+02:00,891.6,369.4,9563.9,3,242.9,13394.1
2019-04-19T11:00+02:00,891.5,369.4,9323,3,229.5,13236.9
2019-04-19T12:00+02:00,890,366,9178.3,3,324.4,13006.5
2019-04-19T13:00+02:00,890.9,368.9,8828.6,3,298.4,12695.9
2019-04-19T14:00+02:00,892.6,369.6,8463.9,3,390.3,12589.5
2019-04-19T15:00+02:00,894.4,361.4,8432.2,3,367,12613.9
2019-04-19T16:00+02:00,901.2,372.4,8866.1,3,472.2,12660.7
2019-04-19T17:00+02:00,906.8,369.9,9042.8,3,357.3,12519.2
2019-04-19T18:00+02:00,911.6,368,9273,3,417.7,12600
2019-04-19T19:00+02:00,915.3,371,9779.6,3,321.8,12507.7
2019-04-19T20:00+02:00,919.4,368.4,9456.9,3,271.8,12571.2
2019-04-19T21:00+02:00,922.3,366.8,10344.8,3,255.3,12766.8
2019-04-19T22:00+02:00,926.9,367.8,9848.8,3,252.9,12607.4
2019-04-19T23:00+02:00,926.1,367.5,8105.1,3,251.4,12344.3
2019-04-20T00:00+02:00,937.5,368.7,8121.2,3.2,264.8,12118
2019-04-20T01:00+02:00,935.5,365.9,7623.9,3.2,299.3,11971.6
2019-04-20T02:00+02:00,934.6,369.5,7456.2,3.2,331.1,11932.3
2019-04-20T03:00+02:00,933,367.8,7477.4,3.2,396.7,12002.6
2019-04-20T04:00+02:00,932.7,370.1,7731.9,3.2,380.8,12032.8
2019-04-20T05:00+02:00,930.8,366.5,7400.5,3.2,422,12133.4
2019-04-20T06:00+02:00,928.2,368.7,7645.8,3.2,448.4,12247.9
2019-04-20T07:00+02:00,925.4,369.4,8073.9,3.2,473.5,12491.4
2019-04-20T08:00+02:00,926,370.2,8792.2,3.2,464.7,12806.8
2019-04-20T09:00+02:00,925.9,368.3,9153,3.2,386,13062.4
2019-04-20T10:00+02:00,926.7,364.8,9098.1,3.2,415.5,13146
2019-04-20T11:00+02:00,924.2,368,8678.8,3.2,433.7,12943.1
2019-04-20T12:00+02:00,929.5,370.7,8356,3.2,421.4,12699
2019-04-20T13:00+02:00,931,367.1,8103.1,3.2,532.6,12504.9
2019-04-20T14:00+02:00,933.2,368.3,7908.5,3.2,473.3,12288.9
2019-04-20T15:00+02:00,935.7,366.7,7784.6,3.2,636.4,12379.4
2019-04-20T16:00+02:00,936.8,370.4,7954.2,3.2,664.5,12330.5
2019-04-20T17:00+02:00,942.1,362.7,8642.9,3.2,691.4,12449.3
2019-04-20T18:00+02:00,946.2,366.4,9584,3.2,634.9,12285
2019-04-20T19:00+02:00,951.5,369.1,10164.2,3.2,662.4,12338.8
2019-04-20T20:00+02:00,956,366.6,9982.2,3.2,681,12414.6
2019-04-20T21:00+02:00,959.4,365.7,9329.4,3.2,599.1,12390.2
2019-04-20T22:00+02:00,961.6,361.1,8555.4,3.2,557.4,12289.5
2019-04-20T23:00+02:00,963.5,364.8,7684.6,3.2,579.3,11955
2019-04-21T00:00+02:00,1000.2,366.8,6607.5,3.2,716.3,11838.2
2019-04-21T01:00+02:00,1000.2,366.6,6201.1,3.4,705.7,11534.2
2019-04-21T02:00+02:00,1000,367.6,6063.3,3.2,734,11488.1
2019-04-21T03:00+02:00,997,366.2,6013.4,3.3,750.7,11497.3
2019-04-21T04:00+02:00,996.5,368.4,6102.2,3.2,774.6,11644.2
2019-04-21T05:00+02:00,997.7,367.1,6165.1,3.3,629.2,11498.4
2019-04-21T06:00+02:00,1000.7,369.9,6039.2,3.2,651.7,11546.7
2019-04-21T07:00+02:00,999.8,371.3,6540.1,3.2,577.7,11773
2019-04-21T08:00+02:00,999.4,371.3,7441.3,3.3,472.6,12119.4
2019-04-21T09:00+02:00,992.5,369.5,8222,3.2,492.5,12402.7
2019-04-21T10:00+02:00,992.1,371,8044.4,3.3,501.1,12602
2019-04-21T11:00+02:00,994.4,368.6,7720.9,3.2,486.3,12582.8
2019-04-21T12:00+02:00,1003.1,373.1,7408.6,3.2,485.7,12397.8
2019-04-21T13:00+02:00,1007,373.4,7412.3,3.5,475,12343.3
2019-04-21T14:00+02:00,1007,370.3,7378.4,3.2,468.9,12239.6
2019-04-21T15:00+02:00,1011.4,369.9,6991,3.3,491,12181.9
2019-04-21T16:00+02:00,1016.8,372.4,6981.1,3.3,491.8,12203.4
2019-04-21T17:00+02:00,1020.9,370.1,7503.2,3.3,503.7,12303.1
2019-04-21T18:00+02:00,1024.4,368.1,8597.1,3.3,493.5,12369.9
2019-04-21T19:00+02:00,1026.5,370.2,9895.7,3.3,462.5,12414.3
2019-04-21T20:00+02:00,1033.8,373.2,10120.5,3.5,483.5,12497.3
2019-04-21T21:00+02:00,1033.8,373.3,9428.6,3.6,532.7,12708.3
2019-04-21T22:00+02:00,1039.4,370.9,7701.1,3.7,527.9,12335.7
2019-04-21T23:00+02:00,1040.4,370.2,6583.8,3.7,566.7,12139.9
2019-04-22T00:00+02:00,1111.3,367,5990.9,3.7,537.8,11833.7
2019-04-22T01:00+02:00,1108.7,369.5,5750.8,3.7,601.9,11730.2
2019-04-22T02:00+02:00,1103.8,372.2,5748.9,3.7,584.8,11623.8
2019-04-22T03:00+02:00,1104.4,368,5742.7,3.7,549.2,11565.8
2019-04-22T04:00+02:00,1102.2,371.3,5804.1,3.8,571.4,11616.8
2019-04-22T05:00+02:00,1097.9,368.9,5902.6,3.8,563.4,11716.5
2019-04-22T06:00+02:00,1096.4,368.1,6431.4,3.8,589.3,11986.2
2019-04-22T07:00+02:00,1091.1,367.4,7407.8,3.8,568.5,12334.1
2019-04-22T08:00+02:00,1089.4,368.6,8143.8,3.8,543.9,12593.6
2019-04-22T09:00+02:00,1082.7,368,8457.9,3.8,527.2,13005.7
2019-04-22T10:00+02:00,1074.2,381.8,8448.9,3.9,515.9,13147.8
2019-04-22T11:00+02:00,1070.9,381.2,8320,3.9,515.1,12980.2
2019-04-22T12:00+02:00,1079.4,384.2,8039.4,3.9,546.9,12781.8
2019-04-22T13:00+02:00,1081.7,384.6,7929.6,3.9,549,12558.9
2019-04-22T14:00+02:00,1082.5,371.9,6917.3,4,506.1,12368.9
2019-04-22T15:00+02:00,1085.1,380.7,6997.1,4,490.1,12383.7
2019-04-22T16:00+02:00,1088.8,383.3,7443,4,464.3,12241.9
2019-04-22T17:00+02:00,1094.9,357.9,7968,4.1,466,12263.5
2019-04-22T18:00+02:00,1103.1,363.8,8093,4.2,467,12315.5
2019-04-22T19:00+02:00,1110.9,374.1,8123,4.3,494.4,12467.5
2019-04-22T20:00+02:00,1108.2,365.5,7818,4.4,511.9,12491.6
2019-04-22T21:00+02:00,1110.8,366.9,7684.6,4.5,537.2,12649.1
2019-04-22T22:00+02:00,1113,366.4,7098.5,4.6,575.2,12575.1
2019-04-22T23:00+02:00,1114.8,367.7,7149,4.6,646.7,12134.9
2019-04-23T00:00+02:00,1152.5,366.7,6613.9,4.8,662.2,11829.5
2019-04-23T01:00+02:00,1157,366.8,6147.2,4.8,636.3,11647.1
2019-04-23T02:00+02:00,1156.7,366.4,5837.7,4.8,642.6,11541.5
2019-04-23T03:00+02:00,1151.8,369.4,5967.5,4.8,659.9,11689.8
2019-04-23T04:00+02:00,1151.2,364.1,6072.3,4.8,685.8,11768.7
2019-04-23T05:00+02:00,1152.2,365.5,6472.2,4.9,735.2,12176.6
2019-04-23T06:00+02:00,1152.3,368.7,8128,4.9,741.1,13094.1
2019-04-23T07:00+02:00,1169.4,366.1,10788.6,4.8,775.2,14521.5
2019-04-23T08:00+02:00,1190.8,373.4,11499.4,4.8,789.2,14665.1
2019-04-23T09:00+02:00,1203.6,366,10989.6,4.8,818.1,14440
2019-04-23T10:00+02:00,1213.2,368.7,10198,4.8,844.6,14290.1
2019-04-23T11:00+02:00,1218.5,378.3,9633.1,4.8,792.3,13866
2019-04-23T12:00+02:00,1214.8,360.5,9239.4,3.3,855.8,13926.5
2019-04-23T13:00+02:00,1227.7,354.5,9210.5,3.4,790.5,13746.4
2019-04-23T14:00+02:00,1228.3,344.2,8693.2,3.6,828.4,13544.4
2019-04-23T15:00+02:00,1233.7,340.1,8538.2,3.6,827.3,13492.2
2019-04-23T16:00+02:00,1239.5,352,8759.3,4.7,847.5,13486.6
2019-04-23T17:00+02:00,1244.5,336.2,8872.3,5,750.7,13203.5
2019-04-23T18:00+02:00,1248,336.4,9395.4,5,785.9,13193.7
2019-04-23T19:00+02:00,1244.9,355.8,9640.8,5.2,744.1,13224.9
2019-04-23T20:00+02:00,1246.9,356.1,9274.4,5.3,873,13167.1
2019-04-23T21:00+02:00,1244.9,354.6,9283.1,5.4,715.3,13314.2
2019-04-23T22:00+02:00,1245.8,357.1,8947.7,5.5,800,13146.5
2019-04-23T23:00+02:00,1240.5,357.4,7781.6,5.5,916.1,12615.8
2019-04-24T00:00+02:00,1276,352.9,7410.5,9.6,847.7,12143.8
2019-04-24T01:00+02:00,1280.8,352.1,7165.3,9.7,951.4,11897.4
2019-04-24T02:00+02:00,1279.1,359,6855.3,9.7,844.6,11621.5
2019-04-24T03:00+02:00,1276.3,358.4,6725.3,9.6,904.8,11699
2019-04-24T04:00+02:00,1275.3,357.4,6791.6,9.7,947.3,11882.5
2019-04-24T05:00+02:00,1280.2,357.1,6982.6,9.6,938.1,12170.5
2019-04-24T06:00+02:00,1280.7,357.1,8696.5,9.6,934.9,13205
2019-04-24T07:00+02:00,1306.4,362.6,11480.8,9.6,921.2,14521.4
2019-04-24T08:00+02:00,1325.2,359.8,12244.5,9.6,807.7,14734.5
2019-04-24T09:00+02:00,1336.4,360.9,10949,9.6,868.2,14528.8
2019-04-24T10:00+02:00,1335.5,359.4,10203.3,9.5,712.5,14245.4
2019-04-24T11:00+02:00,1341.7,360.4,9316,9.5,732.3,13943.6
2019-04-24T12:00+02:00,1345.5,361,8632.3,9.5,807.1,13813.8
2019-04-24T13:00+02:00,1348.6,335,8326.7,9.4,838.3,13543.8
2019-04-24T14:00+02:00,1347.8,356.2,8025.1,9.2,853.7,13555.6
2019-04-24T15:00+02:00,1353,355.6,8279,9.2,956.1,13670.2
2019-04-24T16:00+02:00,1359,346.3,8526,9.2,1017.9,13849.6
2019-04-24T17:00+02:00,1360,346.2,9507.4,9.2,923.1,13810.4
2019-04-24T18:00+02:00,1363.2,351.4,10683.2,9.4,912.3,13677.5
2019-04-24T19:00+02:00,1367,351.1,11040.3,9.6,924.3,13664.5
2019-04-24T20:00+02:00,1372.9,356.1,10622.8,9.7,938.9,13594.5
2019-04-24T21:00+02:00,1372.9,357.8,10028.6,9.8,1056.9,13697.9
2019-04-24T22:00+02:00,1370.9,355.9,8352.9,9.8,1058.5,13158
2019-04-24T23:00+02:00,1365.7,357.1,7348.3,9.9,993.4,12316.9
2019-04-25T00:00+02:00,1367,362,6682.5,9.2,993.2,11679
2019-04-25T01:00+02:00,1367.1,360.7,6223.9,9.4,1000.5,11451.5
2019-04-25T02:00+02:00,1367.2,359.8,5897,9.4,1044.5,11314.4
2019-04-25T03:00+02:00,1365.9,359.9,6117.6,9.5,1115,11492.8
2019-04-25T04:00+02:00,1372.4,362.4,6342.2,10.2,1117,11572.7
2019-04-25T05:00+02:00,1371.8,360.9,7939.9,10.6,1123.9,11955.6
2019-04-25T06:00+02:00,1370.5,358.1,11977.1,10.8,1098,12925.3
2019-04-25T07:00+02:00,1386.3,360.3,14395.3,11.1,1053.5,13985.3
2019-04-25T08:00+02:00,1403.7,359.1,14948,11.3,1050.7,14315.8
2019-04-25T09:00+02:00,1414.2,353.8,14179.8,11.5,987.6,14129.8
2019-04-25T10:00+02:00,1414.9,355.2,12422.3,11.7,1027.4,13984.2
2019-04-25T11:00+02:00,1422.9,350.4,11785,11.8,1023.3,13917.2
2019-04-25T12:00+02:00,1429.7,349,11281.2,11.8,1023.1,13849.2
2019-04-25T13:00+02:00,1431.4,325,11144.8,11.8,1025.4,13916.1
2019-04-25T14:00+02:00,1436.5,346.9,10646.7,11.8,1008.1,13889.9
2019-04-25T15:00+02:00,1439.5,345.4,11125.6,11.8,978.8,13985.5
2019-04-25T16:00+02:00,1438.6,335.4,11077.3,11.8,845.2,13977
2019-04-25T17:00+02:00,1442.5,336.7,12958.1,11.8,789.5,14057.4
2019-04-25T18:00+02:00,1450.4,347.7,13697.5,11.8,684.5,13825.6
2019-04-25T19:00+02:00,1447.2,347.3,13701.3,11.8,674.7,13738.3
2019-04-25T20:00+02:00,1449.1,349.1,12758.4,11.8,715.7,13707.9
2019-04-25T21:00+02:00,1456.8,347.4,12536.8,11.8,712.1,13609.6
2019-04-25T22:00+02:00,1453.5,348.6,11312.1,11.8,709.7,13173.6
2019-04-25T23:00+02:00,1454.6,347.1,8547.6,11.8,818.1,12269.9
2019-04-26T00:00+02:00,1465.8,346.2,7799.4,12.1,850.1,11945.9
2019-04-26T01:00+02:00,1473.7,348.3,7449.7,12.1,815.1,11569.2
2019-04-26T02:00+02:00,1474.7,347.8,7354.6,12.1,820.8,11413.6
2019-04-26T03:00+02:00,1470.1,346.5,7421.5,12.1,844.5,11393.9
2019-04-26T04:00+02:00,1464.5,353.6,8226.5,12.1,928.3,11601.6
2019-04-26T05:00+02:00,1461.4,347.5,9424.2,12.1,915.2,12002.6
2019-04-26T06:00+02:00,1460.4,356.4,13066.9,12.1,868.6,12883.3
2019-04-26T07:00+02:00,1473.2,357.3,14878.2,12.1,784.6,14169.2
2019-04-26T08:00+02:00,1490.7,353.7,15434,12.1,742.4,14488
2019-04-26T09:00+02:00,1502.2,355.9,15111.3,12.1,733.8,14439
2019-04-26T10:00+02:00,1507.2,356.1,15129.7,12.1,656,14296.4
2019-04-26T11:00+02:00,1522,352.7,14899.5,12.1,614.6,14072.1
2019-04-26T12:00+02:00,1535.7,352.2,14021.1,12.1,643.4,14017.2
2019-04-26T13:00+02:00,1544.9,350.9,12699,12.1,521.5,13578.8
2019-04-26T14:00+02:00,1543.3,348.4,11636.8,12.1,537.2,13428.6
2019-04-26T15:00+02:00,1548.7,346.9,11602.8,12.1,571.6,13332.5
2019-04-26T16:00+02:00,1555.9,345.7,11959.5,12.1,459,13261
2019-04-26T17:00+02:00,1561.3,350.5,13266.7,12.1,323.3,13605.5
2019-04-26T18:00+02:00,1563.4,368,13442,12.1,397,13787.6
2019-04-26T19:00+02:00,1562.7,342.6,13709.1,12.1,302.2,13715
2019-04-26T20:00+02:00,1574,335.7,12876.1,12.1,332.9,13480
2019-04-26T21:00+02:00,1571.8,337.7,12565.8,12.1,267.8,13348.1
2019-04-26T22:00+02:00,1568.5,338.7,11243.1,12.1,371.4,13064.4
2019-04-26T23:00+02:00,1559.8,337.5,9085.2,12.1,347.4,12326
2019-04-27T00:00+02:00,1574.2,339.3,7904.6,11.7,311.4,11818.8
2019-04-27T01:00+02:00,1578.5,341.9,7031.2,11.7,358.1,11482.1
2019-04-27T02:00+02:00,1582.9,329.7,6672.2,11.7,317.6,11033.1
2019-04-27T03:00+02:00,1580.7,335.8,6614.7,11.7,341.9,10946.8
2019-04-27T04:00+02:00,1585.5,336.9,6464.2,11.7,341.9,10819.2
2019-04-27T05:00+02:00,1580.7,336.2,6048.9,11.7,348,10666.8
2019-04-27T06:00+02:00,1580,334,6069.3,11.7,370.9,10886.2
2019-04-27T07:00+02:00,1588.6,336.6,7820.1,11.7,397.9,11577.7
2019-04-27T08:00+02:00,1587,333.6,9044.1,11.7,386.8,12276.8
2019-04-27T09:00+02:00,1568.2,333.5,9649.1,11.7,411.1,12800.2
2019-04-27T10:00+02:00,1575.3,335.9,9343,11.7,435.3,13070.6
2019-04-27T11:00+02:00,1571.8,334.9,8714.1,11.7,421.4,12845.4
2019-04-27T12:00+02:00,1579.5,337.2,8376.9,11.7,492.4,12771.3
2019-04-27T13:00+02:00,1582.3,337.5,8479.7,11.7,462.6,12664.8
2019-04-27T14:00+02:00,1584.7,334.8,8277.9,11.7,505.2,12465.3
2019-04-27T15:00+02:00,1582,334.9,8156.9,11.7,569.5,12458
2019-04-27T16:00+02:00,1585.5,334.7,8097.5,11.7,573.9,12492.9
2019-04-27T17:00+02:00,1601.8,330.9,9292.1,11.7,508.9,12825
2019-04-27T18:00+02:00,1612,333.9,10141.9,11.7,535.5,13200.8
2019-04-27T19:00+02:00,1627.5,333.5,10840.3,11.7,500.8,13333.5
2019-04-27T20:00+02:00,1626.4,333.5,10490.5,11.7,556.8,13154.4
2019-04-27T21:00+02:00,1627.4,338.4,9711.9,11.7,583.1,13074.7
2019-04-27T22:00+02:00,1617,333.9,8596.6,11.7,534.4,12685
2019-04-27T23:00+02:00,1623,334,7977.9,11.7,595.5,12248.2
2019-04-28T00:00+02:00,1636.1,336.1,7717.1,11.6,597.3,11687
2019-04-28T01:00+02:00,1641.7,332.3,7493.3,11.6,606,11470.4
2019-04-28T02:00+02:00,1642.9,337.8,6916.6,11.6,609.4,11217.7
2019-04-28T03:00+02:00,1640.7,335.2,6659.9,11.6,516.8,10944.7
2019-04-28T04:00+02:00,1641.8,337.5,6710.2,11.6,523.5,10968.3
2019-04-28T05:00+02:00,1640.8,335.9,6490.7,11.6,470.4,10840
2019-04-28T06:00+02:00,1640.8,330.9,6564.5,11.6,429.6,10755.3
2019-04-28T07:00+02:00,1651.7,325.6,7047.3,11.6,412.9,10897.8
2019-04-28T08:00+02:00,1656.7,335.5,8220.8,11.6,399.1,11730
2019-04-28T09:00+02:00,1671.5,333.4,9657,11.6,420.3,12751.3
2019-04-28T10:00+02:00,1685.5,338.6,9774.7,11.6,377.6,13037.4
2019-04-28T11:00+02:00,1694.9,334.6,9853.8,11.6,390,13107.9
2019-04-28T12:00+02:00,1689,335.4,9473.8,11.6,307.7,12857.9
2019-04-28T13:00+02:00,1694.9,338.1,8763.6,11.6,242,12540.1
2019-04-28T14:00+02:00,1697.1,339.3,8466.7,11.6,139.4,12264
2019-04-28T15:00+02:00,1698,342.8,8635,11.6,108.6,12159.1
2019-04-28T16:00+02:00,1700.3,338.3,9063.7,11.6,62.3,12288.7
2019-04-28T17:00+02:00,1702,338.1,9739.1,11.6,59.1,12580.4
2019-04-28T18:00+02:00,1703.9,340.8,11504.7,11.6,64.1,13002.8
2019-04-28T19:00+02:00,1704.6,336,12349.4,11.6,78,13040.3
2019-04-28T20:00+02:00,1712.3,339,12528,11.6,109.2,13135.8
2019-04-28T21:00+02:00,1718.2,338.2,12703,11.6,137.9,13371.5
2019-04-28T22:00+02:00,1720.2,342.2,12149.2,11.6,167.8,13219.6
2019-04-28T23:00+02:00,1721.6,330.9,11395.1,11.6,178.6,12684.3
2019-04-29T00:00+02:00,1717.1,334.6,9755.5,13,216.1,12197
2019-04-29T01:00+02:00,1717,336.9,9234.9,13,218.4,11863.1
2019-04-29T02:00+02:00,1716.7,335.3,9010.1,13,249.7,11860.1
2019-04-29T03:00+02:00,1716.5,342.7,8730.6,13,263.4,11833.2
2019-04-29T04:00+02:00,1716.1,345.2,8238.6,12.8,301.5,11951.6
2019-04-29T05:00+02:00,1713.7,342.5,8903.9,12.8,323.9,12380.9
2019-04-29T06:00+02:00,1710.7,336.6,11779.8,12.7,211.1,13623.2
2019-04-29T07:00+02:00,1720.7,345.3,14365.6,12.6,161.5,14714.5
2019-04-29T08:00+02:00,1728.4,348.1,14791.7,12.5,128.6,14858.2
2019-04-29T09:00+02:00,1732.9,348.9,14384.8,12.3,112.5,14494
2019-04-29T10:00+02:00,1724.2,352.5,13711.4,12.2,102,14087.9
2019-04-29T11:00+02:00,1722.9,352.2,13377.1,12.1,100.6,13891.5
2019-04-29T12:00+02:00,1718,349.9,13151.5,11.9,65.1,13520.4
2019-04-29T13:00+02:00,1724.2,353,12732.7,11.8,61.7,13567.3
2019-04-29T14:00+02:00,1719.5,347.6,11713.3,11.7,119.8,13557.9
2019-04-29T15:00+02:00,1723.4,322.3,11327.7,11.6,129.5,13378.6
2019-04-29T16:00+02:00,1731.2,336.9,11444.5,11.5,100.9,13433
2019-04-29T17:00+02:00,1728.8,344.9,12697.8,11.5,121.8,13431.2
2019-04-29T18:00+02:00,1727.2,350.6,12729.5,11.4,141.3,13200.2
2019-04-29T19:00+02:00,1731.3,346.7,12474.2,11.4,142.9,13113.1
2019-04-29T20:00+02:00,1730.5,348.1,11632.7,11.4,149.8,13122.5
2019-04-29T21:00+02:00,1730.1,344.6,11432.9,11.4,155.8,13216.7
2019-04-29T22:00+02:00,1729.9,342.1,10822.1,11.3,152.8,12964.4
2019-04-29T23:00+02:00,1723.4,347.7,9423,11.3,182.9,12268.6
2019-04-30T00:00+02:00,1714.4,343.6,8460.5,10.7,200.8,11726.4
2019-04-30T01:00+02:00,1711.4,343.9,8038.1,10.7,229.9,11388.9
2019-04-30T02:00+02:00,1709.3,347.5,7739.1,10.5,258.5,11249.2
2019-04-30T03:00+02:00,1704,343.5,7633.2,10.5,274,11070.8
2019-04-30T04:00+02:00,1704.5,347,7709.1,10.3,265,11055.7
2019-04-30T05:00+02:00,1702.6,333.7,7942.5,10.3,264.5,11339.5
2019-04-30T06:00+02:00,1703.8,338.2,11167.8,10.2,250.4,12459.4
2019-04-30T07:00+02:00,1709.3,332.5,12827.4,10.1,234.8,13556.3
2019-04-30T08:00+02:00,1701.4,335.2,13673.6,10.1,239.2,13998.4
2019-04-30T09:00+02:00,1705.4,336.4,14008.9,6.8,243.5,13971.8
2019-04-30T10:00+02:00,1704.1,337.7,14019.1,6.8,242,13887.2
2019-04-30T11:00+02:00,1719.1,340.6,13519.7,6.8,242.7,13778.4
2019-04-30T12:00+02:00,1710.2,340.4,12831.3,6.8,252.9,13697.8
2019-04-30T13:00+02:00,1706.8,338.3,12156.7,6.8,274.8,13472.9
2019-04-30T14:00+02:00,1711.6,338.4,10950.4,6.8,242.1,13513.4
2019-04-30T15:00+02:00,1712.9,338.4,10445.9,6.8,257.6,13484.8
2019-04-30T16:00+02:00,1712.5,339.2,10618.3,6.9,274.1,13508.2
2019-04-30T17:00+02:00,1716.1,341.1,12043.7,9.7,343.3,13663.7
2019-04-30T18:00+02:00,1720.2,343.4,12208.3,9.7,290.3,13268.9
2019-04-30T19:00+02:00,1724.5,344.4,11715.1,9.7,261.3,13135.7
2019-04-30T20:00+02:00,1723.6,342.9,10550.1,9.8,254.9,12999.6
2019-04-30T21:00+02:00,1728.1,340.4,10346.5,9.6,238.7,12688.4
2019-04-30T22:00+02:00,1721.8,342.4,9895.1,9.5,216.3,12510.1
2019-04-30T23:00+02:00,1716.8,339.8,9279.7,9.8,212.5,12042.2
2019-05-01T00:00+02:00,1694.3,342.1,7725.6,9.5,256.7,11594.7
2019-05-01T01:00+02:00,1692.2,338,7298.8,9.5,255.3,11298.4
2019-05-01T02:00+02:00,1689.8,340.1,6856.1,9.6,319.1,11017.2
2019-05-01T03:00+02:00,1684,337.4,6342.5,9.6,341.2,10981
2019-05-01T04:00+02:00,1685.8,337.6,6503.3,9.5,280.5,11051.5
2019-05-01T05:00+02:00,1685.5,336.7,6153.8,9.4,331.1,11054
2019-05-01T06:00+02:00,1684.5,334.1,6466.1,9.5,309.7,11272.9
2019-05-01T07:00+02:00,1680.4,337.5,7019.1,9.4,319.5,11742.2
2019-05-01T08:00+02:00,1680.4,338.8,8457,9.4,327.8,12315.8
2019-05-01T09:00+02:00,1682.3,345.4,8876.6,9.3,406,12753.6
2019-05-01T10:00+02:00,1682.9,338.6,9417.5,9.2,492.2,13154.6
2019-05-01T11:00+02:00,1674.9,341.1,9368.7,9.3,473.9,13232.4
2019-05-01T12:00+02:00,1672.8,340.6,9313.3,8.6,495.5,13206.4
2019-05-01T13:00+02:00,1672.1,349.5,8704,8.8,563.9,13059.3
2019-05-01T14:00+02:00,1672.6,346.3,8535.1,9.1,588.5,13098
2019-05-01T15:00+02:00,1674.4,340.9,8481.5,9.1,585,13178.4
2019-05-01T16:00+02:00,1671.3,343.1,8307.6,9.1,685.3,13106.7
2019-05-01T17:00+02:00,1671.8,344.1,8552.5,9,631.1,13162.6
2019-05-01T18:00+02:00,1675.5,348.4,8584,9,666.9,13132.9
2019-05-01T19:00+02:00,1673.7,344.7,8766.6,9.1,676.8,13210.8
2019-05-01T20:00+02:00,1675.6,345.6,9052.1,9,753.9,13410.6
2019-05-01T21:00+02:00,1676.2,338.1,8831.9,9,689.6,13232.3
2019-05-01T22:00+02:00,1673.4,336.4,8229.5,9,679.6,12963.5
2019-05-01T23:00+02:00,1674.8,338.2,8042.1,9,703.7,12564.8
2019-05-02T00:00+02:00,1674.8,340.2,7291.1,7.8,806.1,12103.7
2019-05-02T01:00+02:00,1673.3,340.1,7010.2,7.7,879.5,11955.5
2019-05-02T02:00+02:00,1672.4,337.7,6901.2,7.6,923.8,11907.8
2019-05-02T03:00+02:00,1667.4,334.8,6664.5,7.7,871.6,11792.4
2019-05-02T04:00+02:00,1670,333.9,6738.3,7.6,967,12022.5
2019-05-02T05:00+02:00,1669.7,330.9,6878.4,7.6,1028.3,12362.3
2019-05-02T06:00+02:00,1667.1,332,8730.1,7.5,950.7,13296
2019-05-02T07:00+02:00,1677.5,330.3,10237.4,7.5,907.3,14633.6
2019-05-02T08:00+02:00,1676.2,330.7,10866.9,7.4,991.5,15110.3
2019-05-02T09:00+02:00,1674.5,326.4,10522.4,5.6,961.5,14832.8
2019-05-02T10:00+02:00,1657.5,331.3,10274.9,5.6,926.9,14635.2
2019-05-02T11:00+02:00,1660.2,327.3,9811.6,5.6,999.7,14523.8
2019-05-02T12:00+02:00,1649.6,331.8,9905.7,5.5,918.5,14479
2019-05-02T13:00+02:00,1649.6,332.7,9764.3,5.5,984.1,14489.5
2019-05-02T14:00+02:00,1651.5,331.3,9599.6,5.4,979.4,14475.7
2019-05-02T15:00+02:00,1651.4,333.7,9257.3,5.4,1124.8,14497.3
2019-05-02T16:00+02:00,1642.1,332,9804.8,5.3,970.2,14431.2
2019-05-02T17:00+02:00,1645.9,336.7,10002.3,6.5,1000.4,14584.1
2019-05-02T18:00+02:00,1651.5,339.5,10420.5,6.4,1059.8,14480
2019-05-02T19:00+02:00,1651.3,334.8,10413.8,6.3,1052.7,14443.2
2019-05-02T20:00+02:00,1652,339.6,10911.6,6.2,988.9,14556.2
2019-05-02T21:00+02:00,1650.6,339.3,11167.1,6.2,951.7,14921.1
2019-05-02T22:00+02:00,1640.4,336.4,10938.2,6,889.8,14876.3
2019-05-02T23:00+02:00,1634.6,337.8,10004.3,6,702.1,14126.4
2019-05-03T00:00+02:00,1600.2,337.2,8755.2,5.5,642,13597.2
2019-05-03T01:00+02:00,1598.4,337.4,8284.6,5.5,706.6,13346
2019-05-03T02:00+02:00,1594.7,333.8,8231.5,5.4,598.3,13272.2
2019-05-03T03:00+02:00,1588.5,332.6,7980.2,5.3,605.4,13330.3
2019-05-03T04:00+02:00,1590.2,342.9,8506.4,5.2,564.2,13567
2019-05-03T05:00+02:00,1586.9,358.9,9369.5,5.3,544.7,13985.6
2019-05-03T06:00+02:00,1587.2,360.7,12072.2,5.2,500.5,15295.9
2019-05-03T07:00+02:00,1589.2,355.2,14252,5.1,449.9,16431.7
2019-05-03T08:00+02:00,1586.3,355.9,14776.9,5.2,404,16519.4
2019-05-03T09:00+02:00,1579.8,344.7,13936.8,5.1,531.2,16350.6
2019-05-03T10:00+02:00,1575.8,347.3,13283.9,5.1,550,16007.3
2019-05-03T11:00+02:00,1569.1,344.1,12579.6,5,477.7,15661.8
2019-05-03T12:00+02:00,1565.6,347.9,12168.7,5,478.6,15454.4
2019-05-03T13:00+02:00,1561,343.4,10780.8,4.9,602.2,15127.5
2019-05-03T14:00+02:00,1556.3,345.1,10195.9,4.9,629,15176.2
2019-05-03T15:00+02:00,1549.1,339.9,9317.1,4.8,796.9,14943.5
2019-05-03T16:00+02:00,1546.9,336.5,9062.5,4.8,816.4,14894.8
2019-05-03T17:00+02:00,1543,343.1,10139.8,4.8,802.5,14833.9
2019-05-03T18:00+02:00,1546.6,349.1,11080,4.8,900.4,14941.9
2019-05-03T19:00+02:00,1544.4,347,11669.8,4.7,823.3,14898.5
2019-05-03T20:00+02:00,1543.1,344.3,11938.4,4.6,813.2,14982.2
2019-05-03T21:00+02:00,1541.4,349.5,12500.1,4.7,648.9,14841.5
2019-05-03T22:00+02:00,1538.3,348.9,11952.5,4.6,674.3,14870.3
2019-05-03T23:00+02:00,1528.4,348.4,11239.1,4.6,615.3,14503
2019-05-04T00:00+02:00,1500.2,363.7,9584.9,3.5,518.2,13708.5
2019-05-04T01:00+02:00,1490.8,364.7,8846.1,3.5,472.9,13530.9
2019-05-04T02:00+02:00,1489.3,368.4,8044.2,3.5,544.8,13269.7
2019-05-04T03:00+02:00,1484.4,343.4,7317.4,3.3,571.2,13266.7
2019-05-04T04:00+02:00,1487.1,339.5,7373.8,3.4,610.1,13300.2
2019-05-04T05:00+02:00,1482.2,338.4,7316.8,3.2,607,13255.7
2019-05-04T06:00+02:00,1480.2,339.3,8328.1,3.3,499.8,13431.1
2019-05-04T07:00+02:00,1479.8,339.8,9891.5,3.2,482.6,13678.2
2019-05-04T08:00+02:00,1479.2,342.1,11838.3,3.2,512.9,14406.5
2019-05-04T09:00+02:00,1476.5,341.5,12552.8,3.1,548.5,14796
2019-05-04T10:00+02:00,1475.4,342.4,11287.9,3.2,641.3,14882.1
2019-05-04T11:00+02:00,1471,344.5,10489.7,3.1,683.5,14634.2
2019-05-04T12:00+02:00,1470.4,340.4,9775,3,666.4,14378.2
2019-05-04T13:00+02:00,1474.6,338.4,9197.8,3,790.1,14279.2
2019-05-04T14:00+02:00,1478.6,340.7,9099.9,3,812.9,14076.1
2019-05-04T15:00+02:00,1480.9,342.7,8924.2,3,788.6,13847.2
2019-05-04T16:00+02:00,1486.1,341.7,9022.6,3,796.1,13883.6
2019-05-04T17:00+02:00,1486.8,339.1,9605.2,3,882.8,14028
2019-05-04T18:00+02:00,1489.7,340.7,10348.5,3,856,14145.5
2019-05-04T19:00+02:00,1498.4,342.7,11686.8,3,878.5,14473.2
2019-05-04T20:00+02:00,1505.3,340.6,12264.3,3,886.5,14163
2019-05-04T21:00+02:00,1514.3,341.1,12792,3,906.9,14174.7
2019-05-04T22:00+02:00,1521,339.8,12925.2,3.1,1009.9,14307.5
2019-05-04T23:00+02:00,1515.8,339.3,11625.9,3.1,820.6,13918.7
2019-05-05T00:00+02:00,1494.9,340.9,9969.9,3.1,858.2,13678.6
2019-05-05T01:00+02:00,1486.9,341.3,9302.9,3,760.4,13346.2
2019-05-05T02:00+02:00,1488.5,341.5,8574.9,3,722.4,13328.6
2019-05-05T03:00+02:00,1484.7,343.3,8404.1,3,649.8,13449
2019-05-05T04:00+02:00,1484.5,336.9,8120.2,3,561.3,13160.6
2019-05-05T05:00+02:00,1478.2,338.6,8276.5,3,537.2,13306.2
2019-05-05T06:00+02:00,1478.8,340.1,8114.3,2.9,415.1,13341.3
2019-05-05T07:00+02:00,1475,342.1,8791.1,2.9,421.6,13632.3
2019-05-05T08:00+02:00,1483.5,338.8,9522.4,2.9,324.3,13833.9
2019-05-05T09:00+02:00,1486.8,338.9,9784.5,2.9,309.9,14183.7
2019-05-05T10:00+02:00,1497.8,341.3,10094.1,2.9,365.5,14482
2019-05-05T11:00+02:00,1495.6,340.5,9946.6,3,337.7,14452.5
2019-05-05T12:00+02:00,1488.8,341.4,9766.2,3.2,300.8,14238.3
2019-05-05T13:00+02:00,1478.5,342.9,9518.5,3.4,299.7,14087.2
2019-05-05T14:00+02:00,1464.2,342.2,9364.4,3.5,351.9,14095
2019-05-05T15:00+02:00,1464.8,344.2,9393.2,3.5,362.7,14136.7
2019-05-05T16:00+02:00,1465.3,337.6,9416.2,3.5,384,14146.6
2019-05-05T17:00+02:00,1471.6,344.4,9707.4,3.5,432.6,14246
2019-05-05T18:00+02:00,1473,347.6,9534.5,3.5,443.3,14313.7
2019-05-05T19:00+02:00,1472.1,343.6,10245.7,3.5,479.7,14475
2019-05-05T20:00+02:00,1470.7,343.9,10987,3.5,478.6,14635.7
2019-05-05T21:00+02:00,1469.9,346.6,11171.5,3.5,515.5,14805.2
2019-05-05T22:00+02:00,1469.6,341.8,11111.9,3.6,409.1,14583.1
2019-05-05T23:00+02:00,1467.8,340.2,9960.6,3.6,386.5,13973.1
2019-05-06T00:00+02:00,1401.1,340.7,9058.9,3.5,310.5,13540.6
2019-05-06T01:00+02:00,1403,338.7,8488.5,3.5,370.1,13344.2
2019-05-06T02:00+02:00,1401.8,342.2,8442.7,3.5,349.4,13251
2019-05-06T03:00+02:00,1402.8,339.3,8500.4,3.6,308.3,13321.7
2019-05-06T04:00+02:00,1398.9,339.4,8453.8,3.6,322.7,13403.2
2019-05-06T05:00+02:00,1401,343.4,10194.5,3.6,325.6,13822.1
2019-05-06T06:00+02:00,1404.9,343.3,13966.2,3.6,305.2,15437.7
2019-05-06T07:00+02:00,1416,341.9,16760.1,3.6,342.9,17210
2019-05-06T08:00+02:00,1430.5,339.5,16174.4,3.6,344,16640.9
2019-05-06T09:00+02:00,1440.7,339.2,15227.9,3.6,376.1,16396.9
2019-05-06T10:00+02:00,1446.8,346.9,14921,3.7,361.8,16072.4
2019-05-06T11:00+02:00,1446.7,344.3,14524.2,3.9,412.6,16075.1
2019-05-06T12:00+02:00,1442.5,343,14117,4,460,16019
2019-05-06T13:00+02:00,1441.8,348.7,13594.9,4,505.9,16013
2019-05-06T14:00+02:00,1442.7,347.2,12804.7,4.1,522,15790.5
2019-05-06T15:00+02:00,1437.1,344.6,12039.2,4.1,570.4,15755.7
2019-05-06T16:00+02:00,1438.9,347.3,12212,4.1,679.2,15800
2019-05-06T17:00+02:00,1441.9,349.1,13019.5,4.3,640.4,15528.4
2019-05-06T18:00+02:00,1455.6,349.5,13427.1,4.5,661.4,15439.8
2019-05-06T19:00+02:00,1454.6,344.9,13716.9,4.5,619.6,15584.9
2019-05-06T20:00+02:00,1446.5,346.7,13522.4,4.5,551.1,15490.7
2019-05-06T21:00+02:00,1444.2,345.9,13662.2,4.4,531.8,15577.2
2019-05-06T22:00+02:00,1435.7,343.1,12466.5,4.4,491.2,15220.7
2019-05-06T23:00+02:00,1440.3,343.5,10729,4.4,482,14660.2
2019-05-07T00:00+02:00,1407.7,349.1,9724.1,3,485,14100.4
2019-05-07T01:00+02:00,1410.2,343.1,8891.6,3.1,424,13800.7
2019-05-07T02:00+02:00,1409.2,346.3,8720.1,3,418.8,13747.1
2019-05-07T03:00+02:00,1408.4,343.2,8746.1,3.1,421.7,13673.2
2019-05-07T04:00+02:00,1408,342,9076.5,3,416.2,13835
2019-05-07T05:00+02:00,1405,339.7,11091.8,3.1,443.9,14101.1
2019-05-07T06:00+02:00,1404.4,329.1,15139,3,414.3,15469.3
2019-05-07T07:00+02:00,1410.6,332.4,17106.4,3,380,16849.5
2019-05-07T08:00+02:00,1410.8,338,16647.7,3.3,389.9,16898.6
2019-05-07T09:00+02:00,1416.6,336.6,15921.5,3,403.3,16346.7
2019-05-07T10:00+02:00,1422.7,341.3,15560.5,3,415.4,16202.3
2019-05-07T11:00+02:00,1423.1,339.6,15175.7,3,400.4,15897.3
2019-05-07T12:00+02:00,1416.6,343.3,14988.5,3,424,15786.9
2019-05-07T13:00+02:00,1412.6,298.6,14754.7,3.1,441.9,15683.4
2019-05-07T14:00+02:00,1412.3,299.5,14108.8,3,420.8,15254.1
2019-05-07T15:00+02:00,1413.2,329.5,13181.2,2.9,440.9,15224.2
2019-05-07T16:00+02:00,1412.7,338.7,13188.2,2.9,384.1,15220.2
2019-05-07T17:00+02:00,1413.7,341.2,14263,2.9,377.9,15217.8
2019-05-07T18:00+02:00,1412.4,324.9,15377,3,398.9,15157.4
2019-05-07T19:00+02:00,1412.2,295.6,15804.9,3,373.6,15038.9
2019-05-07T20:00+02:00,1413.2,296.5,15744.7,3,345.7,15170.5
2019-05-07T21:00+02:00,1412.2,293.4,15789.2,2.9,245.6,15179.2
2019-05-07T22:00+02:00,1411.8,297.6,14869.3,2.9,260.2,15111.6
2019-05-07T23:00+02:00,1402,296.8,13336.9,2.9,247.5,14468.6
2019-05-08T00:00+02:00,1398.4,334.3,11815.1,2.7,296.4,13921.5
2019-05-08T01:00+02:00,1399.3,330.1,10129.6,2.7,221.4,13335.1
2019-05-08T02:00+02:00,1396.4,332.2,9248.2,2.7,297,13335.8
2019-05-08T03:00+02:00,1394.3,332.3,9157.6,2.7,336.3,13525
2019-05-08T04:00+02:00,1393.5,330,9287.8,2.7,369.9,13709.2
2019-05-08T05:00+02:00,1392.4,335.4,10698.6,2.7,408.9,14001.6
2019-05-08T06:00+02:00,1390.2,333.7,14762.2,2.7,397.7,15318.9
2019-05-08T07:00+02:00,1392.1,334.5,17322.5,2.7,416.7,16437.6
2019-05-08T08:00+02:00,1388.2,333.7,17312.4,2.7,470.6,16634.2
2019-05-08T09:00+02:00,1391.9,341.5,15892.3,2.7,473.9,15981
2019-05-08T10:00+02:00,1394.7,354.7,14369.2,2.7,484,15546
2019-05-08T11:00+02:00,1394.8,352.4,13858.8,2.7,358.2,15275.4
2019-05-08T12:00+02:00,1390.5,347.1,12543.5,2.7,431.2,15071.7
2019-05-08T13:00+02:00,1382.9,326.6,12072.7,2.7,384.5,14987.5
2019-05-08T14:00+02:00,1385.4,351.3,11001.5,2.7,391.9,14885.4
2019-05-08T15:00+02:00,1384,349.6,10198.8,2.7,392.7,14905.5
2019-05-08T16:00+02:00,1384.2,350.1,9978.5,2.7,355.7,14797.6
2019-05-08T17:00+02:00,1383.1,349.6,10409.1,2.7,351.6,14606.9
2019-05-08T18:00+02:00,1381.5,348.4,11073.5,2.7,348.3,14819.6
2019-05-08T19:00+02:00,1384.1,348.8,11927.3,2.7,318.3,14840.8
2019-05-08T20:00+02:00,1383.7,348.7,12038.7,2.7,308.8,14872.7
2019-05-08T21:00+02:00,1384.2,346.9,11510.2,2.7,339.4,14681.6
2019-05-08T22:00+02:00,1384.2,346.3,11112.8,2.7,387.4,14611.9
2019-05-08T23:00+02:00,1379.8,351.2,9610.5,2.7,448.8,14004.7
2019-05-09T00:00+02:00,1371.2,348.7,8762.4,2.6,472.3,13379.1
2019-05-09T01:00+02:00,1370.5,345.6,8432.7,2.6,539.5,12976.2
2019-05-09T02:00+02:00,1369.6,348.4,8430,2.6,597.7,12863.5
2019-05-09T03:00+02:00,1368.9,348.1,8237.4,2.6,621,12950.9
2019-05-09T04:00+02:00,1368.3,349.7,8315.4,2.6,653.1,13130
2019-05-09T05:00+02:00,1367.8,348.9,9251.1,2.6,678.6,13443.7
2019-05-09T06:00+02:00,1368.9,350.9,12079.3,2.6,619.9,14560.7
2019-05-09T07:00+02:00,1376.5,355.9,14786.5,2.6,605.9,15840.7
2019-05-09T08:00+02:00,1379,351.7,15293.7,2.6,600.4,16172.4
2019-05-09T09:00+02:00,1377.4,342.7,15073.2,2.6,624.6,16000.6
2019-05-09T10:00+02:00,1377.1,352.6,14776.5,2.6,658.2,15850.3
2019-05-09T11:00+02:00,1382.2,348.8,14326.1,2.6,670.5,15795.6
2019-05-09T12:00+02:00,1378.6,356.5,14167,2.6,667,15714.8
2019-05-09T13:00+02:00,1378.2,355.8,13692.3,2.6,699.9,15599.7
2019-05-09T14:00+02:00,1380.3,347.9,13734.9,2.6,708.2,15660.6
2019-05-09T15:00+02:00,1378.6,349.3,13563.2,2.6,705.9,15732.6
2019-05-09T16:00+02:00,1379,355.1,13535.7,2.6,691.7,15674.6
2019-05-09T17:00+02:00,1400.3,355.2,13613.2,2.6,682.6,15765.1
2019-05-09T18:00+02:00,1401.6,356,13543.4,2.6,665.4,15584.2
2019-05-09T19:00+02:00,1403.3,360.8,13814.2,2.6,636.1,15428
2019-05-09T20:00+02:00,1404.8,359.9,13915.8,2.6,606.3,15409.6
2019-05-09T21:00+02:00,1388.6,359.7,13633.6,2.6,575.6,15085
2019-05-09T22:00+02:00,1389.8,358.3,12844.8,2.6,587.6,14933.3
2019-05-09T23:00+02:00,1382.5,359.5,11426.8,2.6,611.5,14214.2
2019-05-10T00:00+02:00,1383.5,360.1,9727.1,2.6,571,13242.9
2019-05-10T01:00+02:00,1385.6,349.6,8514.3,2.6,555.8,12907.3
2019-05-10T02:00+02:00,1385.7,351.3,7693.9,2.6,538.2,12781.2
2019-05-10T03:00+02:00,1386.1,348.8,7217.8,2.6,544,12825.1
2019-05-10T04:00+02:00,1387.4,306.9,7893.9,2.6,526.2,12737.6
2019-05-10T05:00+02:00,1390.9,304.3,9447.6,2.6,530.9,13212.4
2019-05-10T06:00+02:00,1394.3,305.9,12550.4,2.6,539.5,14071.3
2019-05-10T07:00+02:00,1404.9,301.9,15500.7,2.7,508.3,15297.2
2019-05-10T08:00+02:00,1399.9,299.1,16502.7,2.7,511.4,15941.4
2019-05-10T09:00+02:00,1405.1,301,15955.8,2.7,581.6,15847
2019-05-10T10:00+02:00,1408.2,300.6,15350.4,2.7,582,15713.9
2019-05-10T11:00+02:00,1398.4,301.7,14558.5,2.7,608,15404.9
2019-05-10T12:00+02:00,1400.9,345.4,13569,2.7,559.9,15232.1
2019-05-10T13:00+02:00,1404.7,346.3,12580.8,2.7,617.9,15124
2019-05-10T14:00+02:00,1403.3,345.7,11559.8,2.7,549.5,14920.1
2019-05-10T15:00+02:00,1403,343.6,10734.3,2.6,601.8,14615.2
2019-05-10T16:00+02:00,1406.9,335.3,10947.4,2.7,783.7,14657
2019-05-10T17:00+02:00,1419.5,340.2,12264.5,2.7,820.1,14655.4
2019-05-10T18:00+02:00,1416.9,338.5,12964,2.7,665.6,14170.9
2019-05-10T19:00+02:00,1422.5,343.6,13052,2.7,770.4,14248.5
2019-05-10T20:00+02:00,1424.4,341.1,12914.3,2.7,632.8,13999.2
2019-05-10T21:00+02:00,1426.7,353.1,13133.1,2.8,551.8,13895.2
2019-05-10T22:00+02:00,1419.4,354.2,12949.1,2.8,605.2,13802.9
2019-05-10T23:00+02:00,1427.9,350.6,11626.3,2.7,559.5,13024
2019-05-11T00:00+02:00,1451.5,354.5,10646.1,2.9,625.4,12780.5
2019-05-11T01:00+02:00,1445.8,355.7,8905.7,2.8,529.3,12464.9
2019-05-11T02:00+02:00,1448.9,354.5,7654.8,2.9,563.8,12379.9
2019-05-11T03:00+02:00,1445.2,356.2,7631.4,2.9,525,12334.1
2019-05-11T04:00+02:00,1445.7,352.3,7346.9,2.9,456.2,12240.3
2019-05-11T05:00+02:00,1447.2,351.9,7286.4,2.8,553.7,12287.9
2019-05-11T06:00+02:00,1448.7,355.6,7529.7,2.9,497.7,12477.1
2019-05-11T07:00+02:00,1445.8,348.1,8282.7,2.9,474.1,12710.2
2019-05-11T08:00+02:00,1451.8,343.3,9688.3,2.8,487.1,13347
2019-05-11T09:00+02:00,1448.7,346,10467.1,2.9,452.5,13735.6
2019-05-11T10:00+02:00,1446,349.5,10454.7,2.9,575.2,14129.6
2019-05-11T11:00+02:00,1437.7,344.7,9806.7,2.9,556,13979.7
2019-05-11T12:00+02:00,1434.4,346.4,8976.7,2.8,562.1,13669.2
2019-05-11T13:00+02:00,1425.9,346.5,8329.8,2.9,574.9,13628.5
2019-05-11T14:00+02:00,1425.8,348.4,8034.4,2.9,591.1,13475.5
2019-05-11T15:00+02:00,1423.5,345.4,7807.5,2.9,599.7,13309.7
2019-05-11T16:00+02:00,1420.8,347.1,8033.7,2.9,620.3,13209.9
2019-05-11T17:00+02:00,1419.7,347.8,8198.9,2.9,666.8,13415.8
2019-05-11T18:00+02:00,1411.4,348.4,8273.1,2.9,740.5,13454.8
2019-05-11T19:00+02:00,1411.6,345.3,8110.5,2.9,674.3,13528.5
2019-05-11T20:00+02:00,1405.6,344.3,8045.6,2.9,648.5,13512.8
2019-05-11T21:00+02:00,1406.8,348,8726.4,2.9,637.4,13553.3
2019-05-11T22:00+02:00,1406.9,348.2,9338.9,2.9,609.1,13734.9
2019-05-11T23:00+02:00,1412.3,350.4,8887.2,2.9,614.2,13170.7
2019-05-12T00:00+02:00,1447.2,349.1,8104,3.1,620.6,12906.7
2019-05-12T01:00+02:00,1446.4,351.7,7798.9,3.2,614.4,12696.6
2019-05-12T02:00+02:00,1444.8,351.3,7357,3.2,594.7,12593.6
2019-05-12T03:00+02:00,1443.9,352.8,6628.4,3.2,608,12417.3
2019-05-12T04:00+02:00,1441.5,353.8,6689.9,3.1,649,12505.8
2019-05-12T05:00+02:00,1441.1,351,6729.6,3.1,670.4,12420.5
2019-05-12T06:00+02:00,1439.8,353,7056.1,3.1,626.8,12462.3
2019-05-12T07:00+02:00,1436.8,351.4,7332.7,3.1,650.1,12799.8
2019-05-12T08:00+02:00,1436.7,352.3,7563.4,3.1,664.3,13164.4
2019-05-12T09:00+02:00,1436.1,353.6,7932.5,3.1,742.7,13532.9
2019-05-12T10:00+02:00,1448.1,350.5,8057.8,3.1,785.3,13737.2
2019-05-12T11:00+02:00,1446.7,349.4,7666.4,3.1,785,13536.4
2019-05-12T12:00+02:00,1460,349.1,7593.6,3.1,816.9,13441.6
2019-05-12T13:00+02:00,1461.6,349.9,7714.7,3.1,884.1,13558.2
2019-05-12T14:00+02:00,1462,352.4,7680,3,892.6,13487.9
2019-05-12T15:00+02:00,1461.1,351.7,7538.9,3.1,882,13427.2
2019-05-12T16:00+02:00,1462.3,354.6,7595.9,3.1,910.4,13639.6
2019-05-12T17:00+02:00,1457.9,354.7,7664.5,3,869.1,13714
2019-05-12T18:00+02:00,1462.8,355.3,8149.8,3,723,13534.8
2019-05-12T19:00+02:00,1463.7,351.5,8210.8,3.1,772.4,13792.2
2019-05-12T20:00+02:00,1461.7,357.1,8936.9,3,589.7,13902.6
2019-05-12T21:00+02:00,1463.8,353.1,9535.2,3,549.4,13980.3
2019-05-12T22:00+02:00,1464.5,351.7,9899.6,3,535.1,14011.8
2019-05-12T23:00+02:00,1463.9,350.7,8996.7,3,423.5,13575.8
2019-05-13T00:00+02:00,1451.3,352.4,8425.2,3.2,383.1,13076.6
2019-05-13T01:00+02:00,1449.6,352.5,8032.5,3.1,375.3,12823.7
2019-05-13T02:00+02:00,1448.6,349.9,7750.2,3.1,403,12760.6
2019-05-13T03:00+02:00,1448.4,351.8,7550.6,3.1,404.7,12851.4
2019-05-13T04:00+02:00,1447.7,350.7,7574.7,3.1,415,13115.3
2019-05-13T05:00+02:00,1446.6,349.5,8595.5,3,426.8,13275.6
2019-05-13T06:00+02:00,1445.2,341.3,11543.6,3.1,503.3,14617.6
2019-05-13T07:00+02:00,1448.3,349,14115.6,3.1,491.8,15729.5
2019-05-13T08:00+02:00,1460.4,353.5,14814.2,3.1,515.2,15803.7
2019-05-13T09:00+02:00,1459.6,355.9,13449.7,3.1,412.1,15426.5
2019-05-13T10:00+02:00,1467.2,354.4,12137.7,3.1,529.1,15353.8
2019-05-13T11:00+02:00,1469.4,329.7,11310.2,3.1,493.6,14924.6
2019-05-13T12:00+02:00,1468.5,352.5,10659.4,3,487.8,14867.2
2019-05-13T13:00+02:00,1468.3,352.1,10409.2,3,546.4,14856.7
2019-05-13T14:00+02:00,1467.6,354.7,10354.7,3,466.4,14667.2
2019-05-13T15:00+02:00,1469.8,353,10139.5,3,545.8,14531.3
2019-05-13T16:00+02:00,1470.5,351.2,10065.6,3,596.3,14486.2
2019-05-13T17:00+02:00,1471.5,351.2,10495,3,669.2,14297.3
2019-05-13T18:00+02:00,1473.7,350.4,11054,3,568.5,14111.4
2019-05-13T19:00+02:00,1478.5,352,12254.7,3,603.7,14307.8
2019-05-13T20:00+02:00,1487,349,13186.9,3,509.4,14397.2
2019-05-13T21:00+02:00,1494.8,352.2,13466.4,3,490.1,14281.2
2019-05-13T22:00+02:00,1498.9,350.4,13116.1,3.1,493.3,14094.1
2019-05-13T23:00+02:00,1493.6,347.9,10978.4,3,417,13307
2019-05-14T00:00+02:00,1462.2,362.8,9455.3,2.9,390.6,12722.3
2019-05-14T01:00+02:00,1460.1,359.4,8443.4,2.9,349.4,12477.6
2019-05-14T02:00+02:00,1458.6,359.9,8195.3,2.9,328.4,12379.3
2019-05-14T03:00+02:00,1457,359.2,8279.7,2.9,332.6,12399.2
2019-05-14T04:00+02:00,1455.5,359.1,8672.5,2.9,325.6,12460
2019-05-14T05:00+02:00,1452.4,359,10273.1,3,381.9,12868.4
2019-05-14T06:00+02:00,1448,359,13621.2,3,303,14071.5
2019-05-14T07:00+02:00,1451.7,355.6,15566,3,302.5,15188.6
2019-05-14T08:00+02:00,1456.8,355.3,15902.9,3,366.3,15707.3
2019-05-14T09:00+02:00,1456.1,349,14868.3,3,351,15224.8
2019-05-14T10:00+02:00,1452.5,353.7,13830.3,3,388.8,14845.6
2019-05-14T11:00+02:00,1460.2,355.6,13119.5,3,474.6,14635.4
2019-05-14T12:00+02:00,1444.5,355.3,12754.8,3,516,14510.4
2019-05-14T13:00+02:00,1440,353.8,12339.6,3,613,14407.3
2019-05-14T14:00+02:00,1438.1,353.1,11755.1,2.9,526.5,14309.1
2019-05-14T15:00+02:00,1440.2,352,11163.5,2.9,528.3,14337.8
2019-05-14T16:00+02:00,1441.2,334.7,10983.6,2.9,515.6,14169.7
2019-05-14T17:00+02:00,1444.8,335.2,11672.9,2.9,495.9,13988.9
2019-05-14T18:00+02:00,1448.1,334.6,12926.4,2.9,440.6,13998.5
2019-05-14T19:00+02:00,1450,341,13999.2,2.9,375.2,14027
2019-05-14T20:00+02:00,1452.4,342.9,14210.6,2.9,331.4,13950.3
2019-05-14T21:00+02:00,1454.7,340.4,13958,2.9,383.1,14014.1
2019-05-14T22:00+02:00,1457.8,346.1,13028.3,2.9,306,13729.1
2019-05-14T23:00+02:00,1456.9,348.3,10537.3,2.8,270.2,12881.1
2019-05-15T00:00+02:00,1444.3,346.7,9274,2.9,314.7,12469.7
2019-05-15T01:00+02:00,1443.6,346.8,8510.6,2.9,251.1,12156.5
2019-05-15T02:00+02:00,1443,346.4,8172.7,2.9,269.3,12026.3
2019-05-15T03:00+02:00,1442.3,340.9,8256.8,2.9,224.5,11999.4
2019-05-15T04:00+02:00,1441,339.7,8368.4,2.9,239.6,12025.9
2019-05-15T05:00+02:00,1440.5,343.2,9762.8,2.9,300.6,12317
2019-05-15T06:00+02:00,1442.3,346.5,13479.2,2.9,239.2,13626.5
2019-05-15T07:00+02:00,1447.3,344.1,15875.2,2.9,206.8,14921
2019-05-15T08:00+02:00,1448.6,349.6,16153,2.9,210.9,15132.1
2019-05-15T09:00+02:00,1444.8,349,15528.8,2.9,229.4,14932.4
2019-05-15T10:00+02:00,1443.2,348.3,14860.4,2.8,214.7,14647.5
2019-05-15T11:00+02:00,1443,338.8,13623.2,2.8,221.7,14336.3
2019-05-15T12:00+02:00,1447,338.4,13225.7,2.8,228,14160.7
2019-05-15T13:00+02:00,1448.6,351.6,13122.3,2.8,228.3,14085.7
2019-05-15T14:00+02:00,1451,358.1,12731.9,2.8,239.2,13914.2
2019-05-15T15:00+02:00,1469.3,351.1,12195.8,2.8,243.3,13771.6
2019-05-15T16:00+02:00,1477.1,354.3,11825.5,2.8,211.1,13634.5
2019-05-15T17:00+02:00,1485.1,353.6,12541,2.8,208.1,13659.2
2019-05-15T18:00+02:00,1494,354.5,13363.2,2.8,189.3,13430.1
2019-05-15T19:00+02:00,1498,357,14031.3,2.8,179.2,13391
2019-05-15T20:00+02:00,1479.6,357.7,13737,2.8,188.1,13422.4
2019-05-15T21:00+02:00,1488.1,356.6,12560.9,2.8,196,13181.1
2019-05-15T22:00+02:00,1492.7,359.3,11230.5,2.8,180.1,13146.5
2019-05-15T23:00+02:00,1491.3,362.4,8828.4,2.8,211.7,12369.4
2019-05-16T00:00+02:00,1496.4,362.6,8028.6,3,218.7,11949.3
2019-05-16T01:00+02:00,1494.9,361,7708,3.1,215.8,11661.6
2019-05-16T02:00+02:00,1495,364,7614.9,3,222.4,11493.7
2019-05-16T03:00+02:00,1492.5,359.4,7461.8,3,232.9,11452.9
2019-05-16T04:00+02:00,1488.2,360.7,7568.2,3,239.3,11422.1
2019-05-16T05:00+02:00,1487,358.1,8523,3,250,11582.4
2019-05-16T06:00+02:00,1486.2,362.2,11674.8,3,248.6,12858.8
2019-05-16T07:00+02:00,1490.6,357.1,14261.3,3,242.8,14057.6
2019-05-16T08:00+02:00,1493,361.5,15330.5,3,230.6,14401.1
2019-05-16T09:00+02:00,1494.8,351.2,14945.8,3,234.5,14239.4
2019-05-16T10:00+02:00,1515.9,357,14156.7,3,236.6,14007.7
2019-05-16T11:00+02:00,1517,357.7,13327.7,3,235.5,13745
2019-05-16T12:00+02:00,1520.5,350.1,12301.3,3,245.4,13611.8
2019-05-16T13:00+02:00,1520.9,348.2,11428.8,3,222.6,13461.9
2019-05-16T14:00+02:00,1519.7,348.1,10571.9,2.9,203.8,13352.1
2019-05-16T15:00+02:00,1543.4,340.1,10248.9,2.9,225.4,13195.2
2019-05-16T16:00+02:00,1544.6,350.2,10345.5,2.9,266,13094.7
2019-05-16T17:00+02:00,1550.7,355,10895.2,2.9,259.5,12977.3
2019-05-16T18:00+02:00,1564.8,345.5,10955.8,2.9,313.9,12472.7
2019-05-16T19:00+02:00,1562.5,342.9,11414.7,3,274.5,12373.5
2019-05-16T20:00+02:00,1560,342.7,11277.8,3,290.6,12505.5
2019-05-16T21:00+02:00,1564.9,342.5,10677.9,3,310.3,12375.5
2019-05-16T22:00+02:00,1566.2,341.7,9672.1,3,313,12151
2019-05-16T23:00+02:00,1564.1,357.8,7725,2.9,331.9,11631.5
2019-05-17T00:00+02:00,1596.9,353.6,7010,2.9,366.7,11283.5
2019-05-17T01:00+02:00,1597.1,346.5,6305.7,2.9,379.3,10768.2
2019-05-17T02:00+02:00,1591.6,336,6208.6,2.9,357.4,10482.8
2019-05-17T03:00+02:00,1593.2,341.6,6114.7,2.9,375.1,10443.5
2019-05-17T04:00+02:00,1591.8,345.6,6222.8,2.9,397.5,10458.3
2019-05-17T05:00+02:00,1589.2,348.7,6938,2.9,385.9,10542.9
2019-05-17T06:00+02:00,1587.5,348.9,9666.1,2.9,371.9,11050.8
2019-05-17T07:00+02:00,1579.1,357.6,11132.5,2.9,330.8,11566.5
2019-05-17T08:00+02:00,1563.5,351.6,11710,2.9,345,12266.3
2019-05-17T09:00+02:00,1548.8,353.6,11585.8,2.9,399.3,12351.2
2019-05-17T10:00+02:00,1539.5,354.2,11212.3,3,447.3,11949.9
2019-05-17T11:00+02:00,1539.5,355.1,10446.9,3,470.8,11607.4
2019-05-17T12:00+02:00,1540.1,350.7,10007.1,3,475.8,11287.1
2019-05-17T13:00+02:00,1543.1,350.3,9815.3,3,469.7,11108.2
2019-05-17T14:00+02:00,1539.1,360.2,8889.4,3,506.2,11023.7
2019-05-17T15:00+02:00,1545.7,353.6,8534.1,3,490.5,11140.6
2019-05-17T16:00+02:00,1550.9,353.8,8960,2.9,438.4,11070.4
2019-05-17T17:00+02:00,1562.2,342,9835.5,2.9,448.6,11026.6
2019-05-17T18:00+02:00,1570.8,347.3,10350.9,2.9,397.8,10906.3
2019-05-17T19:00+02:00,1573.7,352.6,10776.9,2.9,368.7,10944.9
2019-05-17T20:00+02:00,1579,349.5,10992.5,2.9,400.9,10975.1
2019-05-17T21:00+02:00,1579.7,352.7,11096.4,2.9,451.6,11067.2
2019-05-17T22:00+02:00,1573.5,351.1,10658.6,2.8,428.8,11033
2019-05-17T23:00+02:00,1572.5,349.2,10074.6,2.8,437.6,10879.2
2019-05-18T00:00+02:00,1572,351.6,8718.6,6,455.9,10479.8
2019-05-18T01:00+02:00,1568.9,347.6,7630.7,6,516.5,10400.4
2019-05-18T02:00+02:00,1571.5,352.1,6787.1,5.9,559.1,10319.3
2019-05-18T03:00+02:00,1568.2,354.9,6498.6,5.9,577.7,10324.3
2019-05-18T04:00+02:00,1565.4,353.1,6710.2,5.9,506.1,10308.9
2019-05-18T05:00+02:00,1560.5,339.3,6620.9,5.9,597.4,10380.2
2019-05-18T06:00+02:00,1566.2,338.8,6813.6,5.9,560.2,10574.8
2019-05-18T07:00+02:00,1556.2,341.3,7806.4,5.9,520.3,10891.2
2019-05-18T08:00+02:00,1543.7,342,9174.7,5.8,517.2,11516.6
2019-05-18T09:00+02:00,1539.8,346.3,9549.2,5.8,514.3,12000
2019-05-18T10:00+02:00,1539.3,342.6,9416.5,5.8,475.1,12237.7
2019-05-18T11:00+02:00,1545.6,349.6,8976.5,5.8,508.2,12320.7
2019-05-18T12:00+02:00,1543.7,347.2,8818.5,5.8,520.5,12293.2
2019-05-18T13:00+02:00,1555.2,339.2,8374,5.7,566.8,12278.7
2019-05-18T14:00+02:00,1562.2,349.7,8118.9,5.7,534.3,12136.7
2019-05-18T15:00+02:00,1569,346.7,7859.4,5.7,494.9,12017.1
2019-05-18T16:00+02:00,1570.3,350.4,7899.3,7.7,473.6,11949.8
2019-05-18T17:00+02:00,1572.8,350.5,8991.9,8.1,499.4,12178.6
2019-05-18T18:00+02:00,1570.8,349.9,10609.3,8.2,491.6,12278.6
2019-05-18T19:00+02:00,1583.6,347.2,11270.5,8.2,473.2,12185
2019-05-18T20:00+02:00,1571.8,348.8,11441.9,8.3,493.4,12006.9
2019-05-18T21:00+02:00,1571.9,348.6,11410.3,8.4,492.8,11685.1
2019-05-18T22:00+02:00,1563.7,345.5,11037.6,8.4,476,11487.1
2019-05-18T23:00+02:00,1560.7,350.9,10398.1,8.5,481.6,11385.1
2019-05-19T00:00+02:00,1578.5,349.7,9123.2,8.6,441.1,11125.2
2019-05-19T01:00+02:00,1571.4,342.8,7578,8.7,479.5,10776.3
2019-05-19T02:00+02:00,1566,348.1,6873.3,8.7,465.3,10492.1
2019-05-19T03:00+02:00,1566.7,345.9,6353,8.8,420.2,10481.7
2019-05-19T04:00+02:00,1563.7,339.6,6357.5,8.8,395.6,10553.6
2019-05-19T05:00+02:00,1572.8,341,6422.5,8.8,261.3,10414.6
2019-05-19T06:00+02:00,1558.5,340.4,6725.8,8.9,215,10701.5
2019-05-19T07:00+02:00,1576.9,341.3,7557.2,8.9,192.8,10902.9
2019-05-19T08:00+02:00,1570.1,345,8361.5,8.9,170.6,11234.9
2019-05-19T09:00+02:00,1570.8,343.5,9058.8,8.9,152.4,11624.5
2019-05-19T10:00+02:00,1574.1,345.6,9310.4,8.9,123.1,11960.6
2019-05-19T11:00+02:00,1572.2,345.3,9913.4,8.9,141.1,12211.5
2019-05-19T12:00+02:00,1579.2,340.7,9882.1,8.9,154.4,12102.8
2019-05-19T13:00+02:00,1580.4,340.9,9357.5,8.8,178.4,11880.6
2019-05-19T14:00+02:00,1579.9,340.7,9198.9,8.8,162.4,11885.5
2019-05-19T15:00+02:00,1600.7,341.1,9239.2,8.7,182.4,11834.1
2019-05-19T16:00+02:00,1621.9,339.2,9426.7,8.7,211.4,11866.8
2019-05-19T17:00+02:00,1633.6,338.3,9648.7,7.4,221.9,11876.8
2019-05-19T18:00+02:00,1644.5,360.4,10275.4,6.5,197,12026.3
2019-05-19T19:00+02:00,1648.3,356.6,11941.4,6.5,215.1,12270
2019-05-19T20:00+02:00,1653.8,359,12265.7,6.5,179.2,12324.5
2019-05-19T21:00+02:00,1655.6,338.3,12049.1,6.9,186.5,12268.8
2019-05-19T22:00+02:00,1659.3,339.5,12046.7,6.8,155.6,12118.6
2019-05-19T23:00+02:00,1655.2,337.5,10421.7,7.3,202.7,11625.5
2019-05-20T00:00+02:00,1604.8,346.8,8718.5,7.1,202.1,11089.1
2019-05-20T01:00+02:00,1609.2,348.1,7578.2,7.1,213.9,10705.2
2019-05-20T02:00+02:00,1606,342.6,7408.9,7.1,195.7,10572.2
2019-05-20T03:00+02:00,1608.3,341.5,7409.5,7,264,10620.5
2019-05-20T04:00+02:00,1604.8,342.1,7611.9,7,229,10417.5
2019-05-20T05:00+02:00,1603.7,344.2,8941.6,7,236.2,10599.6
2019-05-20T06:00+02:00,1608.8,365.5,13271.6,7,221.1,11935.5
2019-05-20T07:00+02:00,1613.6,367.7,14662.4,6.9,195.8,13009.7
2019-05-20T08:00+02:00,1606.1,359.8,15664,6.9,169.5,13531.9
2019-05-20T09:00+02:00,1610.5,345,15821.1,6.8,144.4,13462.5
2019-05-20T10:00+02:00,1618.8,343.6,15802.3,6.8,137.1,13517.6
2019-05-20T11:00+02:00,1621.2,346.9,15496.3,6.7,135.9,13189.1
2019-05-20T12:00+02:00,1623.5,343.5,15626.9,6.7,153.2,13448.8
2019-05-20T13:00+02:00,1642.9,348.3,15539.1,6.7,163.2,13304.5
2019-05-20T14:00+02:00,1646.5,344.1,15291.9,6.6,179.4,13199.3
2019-05-20T15:00+02:00,1643.3,347.8,15249.6,6.6,205.4,13405.7
2019-05-20T16:00+02:00,1648.3,347,15143.7,6.5,207.2,13387
2019-05-20T17:00+02:00,1660.4,347.4,15476.9,6.5,224.8,13355.4
2019-05-20T18:00+02:00,1658.4,351.8,15153.5,6.4,225.1,13103
2019-05-20T19:00+02:00,1666,353.8,15073.7,6.5,224.8,13005.1
2019-05-20T20:00+02:00,1680.4,354.6,14700.6,6.5,237.3,13100.3
2019-05-20T21:00+02:00,1676,353.4,14277.6,6.4,235.1,12918.8
2019-05-20T22:00+02:00,1676.7,356.1,13323.7,6.4,249.4,12624.8
2019-05-20T23:00+02:00,1665.8,358.7,10134.4,6.4,328.3,11966.6
2019-05-21T00:00+02:00,1663.1,361.7,8597,3.2,198.6,11220.9
2019-05-21T01:00+02:00,1660.8,359,7940.4,3.2,236.4,10924.2
2019-05-21T02:00+02:00,1657.9,355.2,7627.7,3.2,184,10738
2019-05-21T03:00+02:00,1657.2,356.9,7417.5,3.2,138,10678.1
2019-05-21T04:00+02:00,1652.3,354.9,7638,3.2,160.6,10891.3
2019-05-21T05:00+02:00,1652.5,357.3,8230.4,3.2,217.3,11136.3
2019-05-21T06:00+02:00,1658.6,357.9,11683.7,3.2,169.9,12232
2019-05-21T07:00+02:00,1663,356.1,14322.1,3.3,123.5,13301.2
2019-05-21T08:00+02:00,1665.8,352.6,14930.8,2.7,125.5,13608.5
2019-05-21T09:00+02:00,1660.4,348.9,14999.3,2.7,130.6,13594.3
2019-05-21T10:00+02:00,1654.9,351.8,14967.2,2.7,128.3,13532.4
2019-05-21T11:00+02:00,1656.9,355.4,14873.8,2.7,133.9,13464.7
2019-05-21T12:00+02:00,1658.5,357,14732.6,2.7,134,13425.5
2019-05-21T13:00+02:00,1671.8,358.1,14731.4,2.7,154,13234.4
2019-05-21T14:00+02:00,1672.2,351.8,14486.1,2.7,155.1,13178.7
2019-05-21T15:00+02:00,1675,354.5,13923.3,2.7,150.5,13167
2019-05-21T16:00+02:00,1677,345.1,13002.6,2.7,162.9,13043.9
2019-05-21T17:00+02:00,1683.9,342.3,13440.5,2.7,218.7,12958
2019-05-21T18:00+02:00,1689,350.6,13943.5,2.7,188.7,12908.7
2019-05-21T19:00+02:00,1688,351,13905,2.7,239.2,12916.7
2019-05-21T20:00+02:00,1687,352.6,13259.5,2.7,194.7,12890.5
2019-05-21T21:00+02:00,1682.6,356.5,12454,2.7,226,12698
2019-05-21T22:00+02:00,1680.9,349.8,11070.5,2.7,290.7,12356.4
2019-05-21T23:00+02:00,1674.9,352.1,8529.1,2.7,268.7,11506.7
2019-05-22T00:00+02:00,1675,344.9,7826.4,2.6,260.2,10985
2019-05-22T01:00+02:00,1674.5,343.1,7561.6,2.6,310.8,10662.8
2019-05-22T02:00+02:00,1670.5,343.9,7162.9,2.7,257.4,10351.3
2019-05-22T03:00+02:00,1674.3,343.9,7051.9,2.6,262.6,10242
2019-05-22T04:00+02:00,1673.1,339.9,7081.9,2.6,334.6,10328.8
2019-05-22T05:00+02:00,1670.5,344.6,7503.4,2.6,360.1,10528.5
2019-05-22T06:00+02:00,1681.8,346.2,10285.3,2.6,377.5,11729.9
2019-05-22T07:00+02:00,1687.5,343.1,13565.1,2.6,309.7,12820.9
2019-05-22T08:00+02:00,1694.3,341.6,14634.9,2.6,306,13070.1
2019-05-22T09:00+02:00,1696.9,342.4,14575.6,2.6,352.2,13035.6
2019-05-22T10:00+02:00,1707.2,339.7,14399.7,2.6,329.5,12961.9
2019-05-22T11:00+02:00,1716.8,339.9,13922.4,2.6,317.2,12863
2019-05-22T12:00+02:00,1718,342.2,13177,2.6,334.4,12980.5
2019-05-22T13:00+02:00,1718.9,339.3,12901.4,2.6,342.6,13056.6
2019-05-22T14:00+02:00,1715.2,342.5,11917.4,2.6,410.2,13195.5
2019-05-22T15:00+02:00,1712.4,343.6,11186.2,2.6,405,13235.2
2019-05-22T16:00+02:00,1714.4,333.9,11328.6,3.5,413.3,13339.8
2019-05-22T17:00+02:00,1722.2,334,12180.9,3.7,416.1,13264
2019-05-22T18:00+02:00,1723.5,335.7,13415,3.8,422.5,13095.6
2019-05-22T19:00+02:00,1721.8,335.8,14229,3.8,344.8,13057.5
2019-05-22T20:00+02:00,1721.5,340.2,13769,3.9,331.4,12994.6
2019-05-22T21:00+02:00,1721.1,341.1,13623.5,3.9,402.6,13113.4
2019-05-22T22:00+02:00,1712,343.3,12812.1,4,472.9,12846.6
2019-05-22T23:00+02:00,1705,344.4,11614,4.1,469.8,11992.7
2019-05-23T00:00+02:00,1715.9,341.3,9285.8,4.3,500.5,11198.8
2019-05-23T01:00+02:00,1714.5,349.6,8867.8,4.4,451.9,10848.3
2019-05-23T02:00+02:00,1714.5,353.3,8253.6,4.4,572.9,10676.1
2019-05-23T03:00+02:00,1714.5,349.4,8121.6,4.8,581.8,10615.1
2019-05-23T04:00+02:00,1714.5,351.9,8284.2,4.9,502.4,10630.6
2019-05-23T05:00+02:00,1716,352.7,8910.3,5.1,611.1,10809
2019-05-23T06:00+02:00,1716.8,353.1,12045.4,5.1,539.1,12012.7
2019-05-23T07:00+02:00,1719.1,350,14019.1,5.1,582.9,13226.4
2019-05-23T08:00+02:00,1727,356.5,13940.2,5.1,598.8,13633.6
2019-05-23T09:00+02:00,1742.7,349.2,12946.6,5.1,612.9,13495.1
2019-05-23T10:00+02:00,1743.7,356.6,11849.3,5.1,596.5,13507.7
2019-05-23T11:00+02:00,1748.5,353.1,11868,5.1,505.2,13361.2
2019-05-23T12:00+02:00,1759,356.7,11692.7,5.1,512.8,13336.9
2019-05-23T13:00+02:00,1760.3,353.4,11764.3,4.9,529,13293.8
2019-05-23T14:00+02:00,1758.9,358.5,11695.9,4.9,556,13242
2019-05-23T15:00+02:00,1756.6,353.7,12053.3,4.9,580.1,13348.1
2019-05-23T16:00+02:00,1760.3,345.9,12417,4.9,600.3,13311.4
2019-05-23T17:00+02:00,1762.7,356.4,13913.5,4.8,617.6,13528.3
2019-05-23T18:00+02:00,1759.4,353.6,14242.1,4.8,681.2,13383.9
2019-05-23T19:00+02:00,1764.1,356.6,14380.3,4.7,633.6,13346
2019-05-23T20:00+02:00,1766,351.1,14137.3,4.7,534.1,13167.5
2019-05-23T21:00+02:00,1767.8,354.1,14018.6,4.7,574.7,13160.2
2019-05-23T22:00+02:00,1768.7,353.7,13341.7,4.6,501.1,12816.2
2019-05-23T23:00+02:00,1764.4,350.5,12329.5,4.5,477.2,12279.2
2019-05-24T00:00+02:00,1786.7,351,10574,4.6,502,11874.4
2019-05-24T01:00+02:00,1783.8,354.6,9184.1,4.6,412.8,11510.8
2019-05-24T02:00+02:00,1782.6,353.8,9055,4.5,441.6,11473.5
2019-05-24T03:00+02:00,1782.5,351.8,8891.1,4.5,333.1,11338.5
2019-05-24T04:00+02:00,1781.3,354.6,9133,4.4,255.5,11348.5
2019-05-24T05:00+02:00,1781.3,352.1,10123,4.3,214.8,11572.9
2019-05-24T06:00+02:00,1780.7,353.5,12953.9,4.3,124,12568.5
2019-05-24T07:00+02:00,1784.9,356,14825.1,4.2,123,13741.5
2019-05-24T08:00+02:00,1792.4,354.5,15536.5,4,119.1,14207.7
2019-05-24T09:00+02:00,1789.5,353.2,15123.9,4,101.1,14131.6
2019-05-24T10:00+02:00,1789.4,357,14050.8,3.9,131.2,14012.3
2019-05-24T11:00+02:00,1789.5,358.5,12508.9,3.8,161.8,13866.1
2019-05-24T12:00+02:00,1790.1,363.5,11142.2,3.8,224.8,13771.7
2019-05-24T13:00+02:00,1789.7,355.7,9836.3,3.8,279.1,13577.4
2019-05-24T14:00+02:00,1779,355.7,9648.3,3.6,312,13504.8
2019-05-24T15:00+02:00,1782.7,369.9,9668.7,3.6,341.1,13393.4
2019-05-24T16:00+02:00,1785.6,357.2,9965.8,3.6,360.9,13286.1
2019-05-24T17:00+02:00,1784.7,367.5,11096.6,3.5,376.6,13221.5
2019-05-24T18:00+02:00,1786.8,371.4,13037.5,3.5,429.4,13307.6
2019-05-24T19:00+02:00,1788.2,370,13514.9,3.4,391.3,13096.7
2019-05-24T20:00+02:00,1790.3,369.2,13247.6,3.3,397.4,12877
2019-05-24T21:00+02:00,1786.6,368.3,12712.4,3.3,378.5,12686
2019-05-24T22:00+02:00,1784.8,367,12337.3,3.3,373.5,12560.8
2019-05-24T23:00+02:00,1782.2,367.9,11418.1,3.2,368.8,12376.5
2019-05-25T00:00+02:00,1786.8,370.9,10744.2,5,418.9,12016.5
2019-05-25T01:00+02:00,1782.4,367.9,9412.7,5,335.7,11589.9
2019-05-25T02:00+02:00,1780.2,366.8,8207,4.9,331.2,11419.5
2019-05-25T03:00+02:00,1773.5,368.4,7933.2,4.9,336.4,11327.2
2019-05-25T04:00+02:00,1772.3,369.1,7847.3,4.8,328.3,11215.6
2019-05-25T05:00+02:00,1772.4,368.1,7846,4.8,294,11161.9
2019-05-25T06:00+02:00,1772.5,368.4,8253.6,4.7,311.6,11425
2019-05-25T07:00+02:00,1767.5,344.6,8708,4.8,278.1,11703.3
2019-05-25T08:00+02:00,1770.5,348.1,10500.9,4.7,283.7,12239.9
2019-05-25T09:00+02:00,1775.4,347,10633.8,4.8,332.9,12819.7
2019-05-25T10:00+02:00,1774.9,346.3,9622.7,4.8,318.1,13048.7
2019-05-25T11:00+02:00,1778,342.5,9414.8,4.7,322.8,13056.7
2019-05-25T12:00+02:00,1774.6,345.1,9304.1,4.8,346.3,13020
2019-05-25T13:00+02:00,1774.3,350.3,8494.4,4.7,373.7,12891.1
2019-05-25T14:00+02:00,1772.6,346.2,7881.8,4.7,381.9,12760.1
2019-05-25T15:00+02:00,1772,348.1,7691.1,4.7,380.3,12696.9
2019-05-25T16:00+02:00,1764.8,350.4,7851.5,4.7,387.5,12680.4
2019-05-25T17:00+02:00,1792.2,344.7,8287.7,4.7,406,12775.7
2019-05-25T18:00+02:00,1796.5,348.2,9991.3,4.7,424.9,12984.7
2019-05-25T19:00+02:00,1794.3,345.3,10832,4.7,402,12848.7
2019-05-25T20:00+02:00,1776.5,339.6,10537.4,4.7,468.9,12713.8
2019-05-25T21:00+02:00,1769.2,345.4,10505,4.7,423,12469.4
2019-05-25T22:00+02:00,1767,344.1,10216.5,4.7,397.7,12290.2
2019-05-25T23:00+02:00,1761.8,345.1,9217.2,4.7,371.3,11991.8
2019-05-26T00:00+02:00,1747.8,348.3,7752.7,4.9,277.7,11512.6
2019-05-26T01:00+02:00,1744.8,340.5,6880.7,4.9,272.5,11138.4
2019-05-26T02:00+02:00,1742.8,320.4,6704.9,4.9,367.4,11111.5
2019-05-26T03:00+02:00,1742.6,321.7,6380.3,4.9,290.1,11110
2019-05-26T04:00+02:00,1740.8,333.5,6050,4.9,322.5,11139.5
2019-05-26T05:00+02:00,1740.7,331.7,5542,4.9,351.3,10967.7
2019-05-26T06:00+02:00,1741.5,329,5573.3,4.9,383.1,11272.1
2019-05-26T07:00+02:00,1731.5,331.1,5762.9,4.9,408.8,11494.6
2019-05-26T08:00+02:00,1728.1,331,6190.6,4.9,404.8,11860.8
2019-05-26T09:00+02:00,1725.5,329.1,6581.7,4.9,422.6,12345.2
2019-05-26T10:00+02:00,1736.3,332,7035.6,4.9,430.7,12685.2
2019-05-26T11:00+02:00,1735.8,337.1,7173.8,5.2,422.6,12824
2019-05-26T12:00+02:00,1731.6,337.4,7042.5,5.2,460,12743.5
2019-05-26T13:00+02:00,1731.4,337.6,6970.5,5.2,391.1,12611.4
2019-05-26T14:00+02:00,1730.7,338.7,7143.3,5.2,380.4,12538.8
2019-05-26T15:00+02:00,1728.3,339,7296.6,5.2,368.9,12543.1
2019-05-26T16:00+02:00,1715.6,342.1,8133.3,5.2,385.6,12489.5
2019-05-26T17:00+02:00,1716,340,8849.1,5.1,339.2,12352.6
2019-05-26T18:00+02:00,1716.7,346.4,9380.1,5.1,319.5,12624.7
2019-05-26T19:00+02:00,1716.4,342.4,9828.1,5.1,266.4,12748.3
2019-05-26T20:00+02:00,1726.9,340.8,9413.4,5,197.9,12795.5
2019-05-26T21:00+02:00,1725.5,340.1,8846.4,5,234.6,12806.3
2019-05-26T22:00+02:00,1721.7,338.2,8503.7,5,153.8,12639.4
2019-05-26T23:00+02:00,1720.6,340.6,7527.4,5,182.6,12389.4
2019-05-27T00:00+02:00,1700.7,349.4,6579.5,3.3,184.1,11988.6
2019-05-27T01:00+02:00,1698.5,349.8,6441.5,3.3,190,11613.5
2019-05-27T02:00+02:00,1695,348.9,6289.6,3.3,184.5,11480.9
2019-05-27T03:00+02:00,1691.3,348.3,6316.2,3.3,220.7,11561.8
2019-05-27T04:00+02:00,1689.2,349.1,6352.5,3.3,226.6,11459.7
2019-05-27T05:00+02:00,1689,347,6924,3.3,198.3,11668.5
2019-05-27T06:00+02:00,1689,350.9,10219.5,3.3,232.6,13000.8
2019-05-27T07:00+02:00,1692.1,354.4,13785.4,3.2,208.8,14541.2
2019-05-27T08:00+02:00,1697.5,347.7,14925.2,3.3,230.4,14695.5
2019-05-27T09:00+02:00,1692.5,339.6,14049.4,3.3,254.3,14410.8
2019-05-27T10:00+02:00,1691.4,339.8,12981.3,3.3,267.4,14323.2
2019-05-27T11:00+02:00,1682.6,337.4,12475.5,3.2,325.1,14342.8
2019-05-27T12:00+02:00,1680.8,328.4,11366.3,3.2,358.5,14199.1
2019-05-27T13:00+02:00,1681.1,337.2,10836.2,3.2,471.7,14109.4
2019-05-27T14:00+02:00,1689,337.1,10547.7,3.2,566.5,14060.4
2019-05-27T15:00+02:00,1685.8,339.5,10211.8,3.2,561.6,13988.7
2019-05-27T16:00+02:00,1683.6,327.7,10564.1,3.2,670.6,14099.2
2019-05-27T17:00+02:00,1684.6,337.8,11914.2,3.2,619.2,13960.4
2019-05-27T18:00+02:00,1686,335.9,13010.5,3.2,619.2,13816.7
2019-05-27T19:00+02:00,1691.9,337.4,13212.9,3.2,547.2,13740.1
2019-05-27T20:00+02:00,1690.2,333.2,13135.6,3.2,519.5,13654.8
2019-05-27T21:00+02:00,1690.5,334,13101.8,3.2,471.1,13575.9
2019-05-27T22:00+02:00,1690.7,334.2,12694.1,3.2,431.1,13394.4
2019-05-27T23:00+02:00,1677.2,331.6,10972.6,3.2,402.8,12844.2
2019-05-28T00:00+02:00,1653.7,335.1,8969.3,3,539.7,12334.1
2019-05-28T01:00+02:00,1651.2,332.1,8174.2,3,474.4,11945.5
2019-05-28T02:00+02:00,1647.9,332.8,8031.2,3,460.6,11979.9
2019-05-28T03:00+02:00,1645.9,339.8,7921.9,2.9,421.7,11911.5
2019-05-28T04:00+02:00,1643.5,339.5,8011.1,2.9,505,11943
2019-05-28T05:00+02:00,1646.1,341.5,9228.8,2.9,492.5,12312.5
2019-05-28T06:00+02:00,1643.5,341.2,12714.2,2.9,460.1,13635.5
2019-05-28T07:00+02:00,1650.2,339.6,13986.7,2.9,404.7,14576.2
2019-05-28T08:00+02:00,1642.1,334.6,14500.7,2.9,438.3,14929.6
2019-05-28T09:00+02:00,1643.5,330.3,14079,2.9,450.6,14683.3
2019-05-28T10:00+02:00,1634.4,333.7,14280.8,2.9,477.2,14739.8
2019-05-28T11:00+02:00,1626.5,331.8,13497,2.9,495.2,14353.8
2019-05-28T12:00+02:00,1624.5,335.7,13190.5,2.9,502.2,14214.2
2019-05-28T13:00+02:00,1618.7,333.8,13112.3,2.9,521.1,14206.8
2019-05-28T14:00+02:00,1619,331.3,12740.7,2.9,556,14102.8
2019-05-28T15:00+02:00,1616.4,330.6,11874.8,2.9,459.9,13847.5
2019-05-28T16:00+02:00,1613,327.1,11981.6,2.9,582,13993.9
2019-05-28T17:00+02:00,1616.7,331.1,12540.5,2.9,524.8,13795.8
2019-05-28T18:00+02:00,1614.1,330.8,12453.9,2.9,534,13691.9
2019-05-28T19:00+02:00,1613.8,330.2,12451.3,2.9,476.9,13667.1
2019-05-28T20:00+02:00,1614.3,328.5,12397.5,2.9,437.4,13798.4
2019-05-28T21:00+02:00,1612.8,328.6,12327.8,2.9,455.5,13819.2
2019-05-28T22:00+02:00,1612,328.1,11243,2.9,458.9,13533
2019-05-28T23:00+02:00,1608.2,331.6,9097.9,2.9,385.4,12906.2
2019-05-29T00:00+02:00,1578.2,357.9,8016.3,2.7,494.7,12480
2019-05-29T01:00+02:00,1577.7,361.9,7419.1,2.7,464.5,12157.3
2019-05-29T02:00+02:00,1575.9,362.3,7139.5,2.7,466.4,12046.2
2019-05-29T03:00+02:00,1577,334.4,7176,2.7,448.8,12030.1
2019-05-29T04:00+02:00,1575.5,332.7,7639.4,2.7,429.3,11949.3
2019-05-29T05:00+02:00,1575.5,333.8,8622.9,2.7,340.6,12152.2
2019-05-29T06:00+02:00,1575.1,336.4,11674.9,2.7,413,13514.8
2019-05-29T07:00+02:00,1579.5,339.1,13786.5,2.7,515.6,14883.3
2019-05-29T08:00+02:00,1580.2,340.4,13612.3,2.7,477.3,14939.5
2019-05-29T09:00+02:00,1577.2,330.2,13380,2.7,578.2,14845.9
2019-05-29T10:00+02:00,1577.8,336.3,13343.7,2.7,688.8,14780.7
2019-05-29T11:00+02:00,1574.6,339.7,12995.9,2.7,660.9,14490.8
2019-05-29T12:00+02:00,1573.7,344.8,12964.7,2.7,760.1,14343.3
2019-05-29T13:00+02:00,1574.1,346.6,12453.2,2.7,750.3,14079.3
2019-05-29T14:00+02:00,1570,347.4,12021.7,2.7,780.6,14056.9
2019-05-29T15:00+02:00,1565.3,345.5,11422.5,2.7,915,13946
2019-05-29T16:00+02:00,1564.3,345.2,11686.3,2.7,923.3,13819
2019-05-29T17:00+02:00,1572.5,345.3,12073.1,2.7,957,13700.9
2019-05-29T18:00+02:00,1580.8,345.2,12338.4,2.7,930.3,13746.4
2019-05-29T19:00+02:00,1588.1,345.9,12095.8,2.7,864.5,13607.3
2019-05-29T20:00+02:00,1593.7,345,11775.8,2.7,820.7,13569.3
2019-05-29T21:00+02:00,1595.7,344.5,11328,2.7,781.7,13332.5
2019-05-29T22:00+02:00,1601.3,339.4,10773,2.7,800.3,13196.9
2019-05-29T23:00+02:00,1599.4,345.9,9510.8,2.7,767.3,12677.6
2019-05-30T00:00+02:00,1599.8,330.7,7919.7,1.1,848.3,12266.3
2019-05-30T01:00+02:00,1601,318.8,6915.8,1.1,857.7,11987.1
2019-05-30T02:00+02:00,1601.2,330.5,6242.9,1.1,821.9,11723.9
2019-05-30T03:00+02:00,1603.8,330.3,5718.5,1.1,760.2,11749.4
2019-05-30T04:00+02:00,1605.2,335.6,5912.2,1.1,657.5,11626.8
2019-05-30T05:00+02:00,1605.2,333.4,6208.6,1.2,602,11655.5
2019-05-30T06:00+02:00,1607.5,332.5,6460.2,1.2,528.6,11952.6
2019-05-30T07:00+02:00,1604.6,331.8,7397,1.2,498,12403.9
2019-05-30T08:00+02:00,1601.5,334.9,7433.5,1.2,476.3,12857
2019-05-30T09:00+02:00,1609.1,334.4,7876,1.2,441.1,13437.9
2019-05-30T10:00+02:00,1604.9,334.3,8266.6,1.2,388.3,13891.5
2019-05-30T11:00+02:00,1606.9,334.9,8522.4,1.2,442.5,14081.8
2019-05-30T12:00+02:00,1608.2,335.6,8915.2,1.2,447.9,14077.3
2019-05-30T13:00+02:00,1610.6,336.5,8387.5,1.2,477.8,13821.3
2019-05-30T14:00+02:00,1614.8,335,7911.2,1.2,547,13872
2019-05-30T15:00+02:00,1616.6,336.3,8120.9,1.2,571.5,13807.8
2019-05-30T16:00+02:00,1615.1,336.9,8083,1.2,606.9,13527.4
2019-05-30T17:00+02:00,1616,334.8,7778.8,1.2,663.4,13328.2
2019-05-30T18:00+02:00,1615.6,336.9,8116.2,1.2,746,13153.5
2019-05-30T19:00+02:00,1617.3,336,8991.6,1.2,768.7,13062.7
2019-05-30T20:00+02:00,1616.3,338.6,9252.6,1.2,756.9,12978.3
2019-05-30T21:00+02:00,1617.9,334.9,9739.9,1.2,873.6,13106.6
2019-05-30T22:00+02:00,1618.7,335.5,10330.3,1.2,801.8,13097.7
2019-05-30T23:00+02:00,1615.8,338.9,9187,1.2,789,12850
2019-05-31T00:00+02:00,1621.6,335.8,7891.1,1.5,704.8,12316.4
2019-05-31T01:00+02:00,1612.8,336.7,6965,1.5,756.8,12103.7
2019-05-31T02:00+02:00,1612.8,335.9,6581,1.5,736.7,11982.9
2019-05-31T03:00+02:00,1605,335,6233.3,1.5,741.1,11945.9
2019-05-31T04:00+02:00,1604.9,335.2,6198.9,1.5,688.6,11931.6
2019-05-31T05:00+02:00,1603.8,332.8,6992.2,1.5,692.1,12217.2
2019-05-31T06:00+02:00,1606.2,337.4,9186.3,1.5,638,13046.1
2019-05-31T07:00+02:00,1606.2,336.7,11408.1,1.5,648.5,13838.4
2019-05-31T08:00+02:00,1602.8,337.6,13268.9,1.6,540.9,14376.7
2019-05-31T09:00+02:00,1604.1,335.9,12967.6,1.5,531.2,14264.6
2019-05-31T10:00+02:00,1612.3,331.8,11469.1,1.5,565.1,14311.9
2019-05-31T11:00+02:00,1615.4,332,10322.4,1.5,545.2,14024.4
2019-05-31T12:00+02:00,1621.1,332.3,9421.4,1.5,577.9,13831.9
2019-05-31T13:00+02:00,1625.7,331.1,8186.6,1.5,610.1,13668.9
2019-05-31T14:00+02:00,1635,324.5,8377.4,1.5,725.1,13572.9
2019-05-31T15:00+02:00,1634.5,331,8008.1,1.5,711.3,13396.3
2019-05-31T16:00+02:00,1621.2,329.3,8403.4,1.5,778.4,13351.1
2019-05-31T17:00+02:00,1624.4,354.3,9912.8,1.5,760.9,13373.4
2019-05-31T18:00+02:00,1623.8,352.4,11561.1,1.5,678.6,13319.4
2019-05-31T19:00+02:00,1624.2,335,12419.1,1.5,630.1,13264.2
2019-05-31T20:00+02:00,1621.5,337.7,11478.7,1.5,588.1,13014.7
2019-05-31T21:00+02:00,1633.9,336.4,10746.8,1.5,514.3,12787.6
2019-05-31T22:00+02:00,1630.3,334.5,10300.7,1.5,498.1,12711
2019-05-31T23:00+02:00,1629.2,334.7,10197.6,1.6,417.8,12298.4
2019-06-01T00:00+02:00,1649,332.1,9001.2,1.6,464.3,11836.2
2019-06-01T01:00+02:00,1643.3,331.1,7685.1,1.6,483.7,11735.6
2019-06-01T02:00+02:00,1650,336.6,6901.5,1.6,435.1,11554.9
2019-06-01T03:00+02:00,1651.4,327.9,6315.5,1.5,448.8,11437.3
2019-06-01T04:00+02:00,1660.4,334.6,6208.1,1.5,428.1,11319.2
2019-06-01T05:00+02:00,1665.5,335,6455.1,1.5,426.4,11289.4
2019-06-01T06:00+02:00,1674.3,335.9,6595,1.5,432.3,11438.6
2019-06-01T07:00+02:00,1677,336.5,7155.1,1.5,410.6,11779.9
2019-06-01T08:00+02:00,1684.6,334.6,7035.2,1.5,455.4,12407.3
2019-06-01T09:00+02:00,1686.8,339.3,7280.8,1.5,453.1,12926.5
2019-06-01T10:00+02:00,1693.5,338.1,7425.4,1.5,448.8,13294.7
2019-06-01T11:00+02:00,1700.7,335.9,7275.8,1.5,464,13321.2
2019-06-01T12:00+02:00,1718,334.6,7097.7,7,430.6,13021.8
2019-06-01T13:00+02:00,1716.4,338.5,6893,6.9,433.6,12902.5
2019-06-01T14:00+02:00,1719.3,334.8,6955.9,7,436.8,12714.2
2019-06-01T15:00+02:00,1719.1,335.9,6680.9,6.9,382.5,12496.4
2019-06-01T16:00+02:00,1721.4,339.2,7109.1,6.9,357.5,12658.8
2019-06-01T17:00+02:00,1714.7,332.8,7916.8,6.9,354.2,12697.8
2019-06-01T18:00+02:00,1715.5,339.5,9354.2,6.9,231.3,12769.1
2019-06-01T19:00+02:00,1718.7,335,10434.3,4.7,191.8,12614.4
2019-06-01T20:00+02:00,1711.2,337.3,10768.4,4.7,167,12430.2
2019-06-01T21:00+02:00,1708.4,335.9,10998.2,4.7,208.7,12355.2
2019-06-01T22:00+02:00,1707.5,335,10956.1,4.6,210.6,12195.8
2019-06-01T23:00+02:00,1704.2,332.8,9718.8,4.6,204.1,12056.6
2019-06-02T00:00+02:00,1695.5,337.6,8449.1,5.5,192.3,11780.9
2019-06-02T01:00+02:00,1696.4,340.2,7425.6,5.5,188.6,11364.1
2019-06-02T02:00+02:00,1691.4,339.4,6587.2,5.5,210.8,11197.2
2019-06-02T03:00+02:00,1691,339.7,6425.1,5.5,224.7,11398.4
2019-06-02T04:00+02:00,1689,334.7,6045.7,5.4,228.1,11164.9
2019-06-02T05:00+02:00,1686.3,339.7,6268.1,5.4,245.1,11224.6
2019-06-02T06:00+02:00,1685.2,341,6301.9,5.5,250.6,11360.4
2019-06-02T07:00+02:00,1689.2,339.5,6297.9,5.4,278.4,11532.2
2019-06-02T08:00+02:00,1689.4,336.8,6379.5,5.5,297.1,11778.4
2019-06-02T09:00+02:00,1687.7,343.2,6797.8,5.5,314.6,12156.7
2019-06-02T10:00+02:00,1680.7,340.7,7114,5.4,351.5,12494.9
2019-06-02T11:00+02:00,1685.2,340.6,6692.4,5.5,369.4,12367.4
2019-06-02T12:00+02:00,1685.7,339.1,6379.4,5.5,418.4,12300
2019-06-02T13:00+02:00,1683.2,341.1,6174.2,5.4,480.3,12141.3
2019-06-02T14:00+02:00,1683.3,339.7,6278.9,5.5,532.8,12237.2
2019-06-02T15:00+02:00,1685.2,344.1,6136.2,5.5,592.3,12268.3
2019-06-02T16:00+02:00,1689.2,344.3,6500.3,5.5,636.1,12462.8
2019-06-02T17:00+02:00,1694,339.5,7604.2,5.5,664.9,12613.8
2019-06-02T18:00+02:00,1697.6,342.6,9399.1,5.5,759,12787.8
2019-06-02T19:00+02:00,1695.7,346.2,12142.5,5.5,756.3,13266.7
2019-06-02T20:00+02:00,1697.7,342.1,12504.6,5.5,808.2,13076.5
2019-06-02T21:00+02:00,1699.6,342.9,11106.4,5.5,808.5,12862.8
2019-06-02T22:00+02:00,1705.1,338.2,9467.8,5.5,860.3,12453.2
2019-06-02T23:00+02:00,1716.9,338.8,7094.3,5.5,980.3,11983.9
2019-06-03T00:00+02:00,1721.5,341.5,5962.2,5.6,982.7,11531.1
2019-06-03T01:00+02:00,1725.5,346.5,6124.4,5.6,969.1,11297.6
2019-06-03T02:00+02:00,1730,347.3,5938.8,5.6,954.9,11171.6
2019-06-03T03:00+02:00,1731.6,345.8,5578.9,5.6,941.5,10990.9
2019-06-03T04:00+02:00,1732.8,342.9,6022.9,5.6,879.9,10967.3
2019-06-03T05:00+02:00,1734.1,345.1,7279,5.6,851.4,11617.4
2019-06-03T06:00+02:00,1739.3,336.5,10940.1,5.6,842.9,13051.1
2019-06-03T07:00+02:00,1757,346.4,13246.2,5.6,712.9,14031
2019-06-03T08:00+02:00,1772,348.1,14016,5.6,698.3,14233.9
2019-06-03T09:00+02:00,1785.5,343.9,14161.1,5.6,664.8,13935.1
2019-06-03T10:00+02:00,1779.8,344.2,13801.7,5.6,597.8,13884.8
2019-06-03T11:00+02:00,1781.7,345.4,14111.4,5.6,594.7,13896.6
2019-06-03T12:00+02:00,1792.2,347.1,13562.2,5.6,641.7,13747.6
2019-06-03T13:00+02:00,1794.7,345.1,13110,5.6,605.1,13495.1
2019-06-03T14:00+02:00,1793.7,345,12509,5.5,613.9,13382.1
2019-06-03T15:00+02:00,1789,341.5,12344.5,5.6,603.8,13482.1
2019-06-03T16:00+02:00,1785.5,332.8,12588.2,5.6,594.2,13621
2019-06-03T17:00+02:00,1781.3,346.3,13410.8,5.5,516.8,13600.1
2019-06-03T18:00+02:00,1783.9,345,13974.3,5.5,607.1,13514.9
2019-06-03T19:00+02:00,1784.1,346.2,13711.5,5.5,587.5,13408.7
2019-06-03T20:00+02:00,1783.6,342.3,12654.8,5.6,536.7,12994.9
2019-06-03T21:00+02:00,1776.7,337.5,11984.3,5.5,586.5,12823.2
2019-06-03T22:00+02:00,1772.3,342.9,11519.1,5.5,538.7,12558.9
2019-06-03T23:00+02:00,1765.4,341.9,10672.7,5.5,592.9,11973.2
2019-06-04T00:00+02:00,1799.5,342.3,9461,7,591.4,11762.5
2019-06-04T01:00+02:00,1799.3,344.2,8902.5,7,614.4,11464.7
2019-06-04T02:00+02:00,1796.3,344.5,8359.5,7.1,539.3,11220.8
2019-06-04T03:00+02:00,1792.7,340.5,8067.9,7.1,511.5,11140.3
2019-06-04T04:00+02:00,1793.8,340.6,8533.8,7,465.5,11093.6
2019-06-04T05:00+02:00,1790.3,340.6,9279.6,7,470,11475.4
2019-06-04T06:00+02:00,1792.7,344.3,11997.2,7,424.4,12595.4
2019-06-04T07:00+02:00,1803.6,344.4,13430.2,7,381.4,13796.4
2019-06-04T08:00+02:00,1810.1,337.4,14361.4,7.1,293.7,14036.8
2019-06-04T09:00+02:00,1808,336.6,14276.7,7.1,290.9,13820.5
2019-06-04T10:00+02:00,1799.6,342.7,14089.5,7.1,286.4,13946.6
2019-06-04T11:00+02:00,1805.3,336.1,13539.8,7.1,285.6,13515.8
2019-06-04T12:00+02:00,1812,342.8,13042.4,7.1,311,13236.9
2019-06-04T13:00+02:00,1812.8,324.2,12314.7,7.1,282.2,13194.2
2019-06-04T14:00+02:00,1813,323.9,12079.7,7.1,268.4,13299.7
2019-06-04T15:00+02:00,1812.1,334.4,11501.1,7.1,274.7,13261.7
2019-06-04T16:00+02:00,1810.9,328.4,11993.2,7.1,237.6,13349.9
2019-06-04T17:00+02:00,1807.6,334.9,12981.5,7.1,219.6,13460.1
2019-06-04T18:00+02:00,1806.5,338.6,12694.3,7.1,191.6,13060.4
2019-06-04T19:00+02:00,1804.7,340.6,12589.2,7.1,169.3,13087.5
2019-06-04T20:00+02:00,1804.3,339.4,12026,7.1,159,13049.1
2019-06-04T21:00+02:00,1798.6,341.1,10768.8,7.1,199.2,12852.1
2019-06-04T22:00+02:00,1792.5,344.5,9900.3,7.1,243,12694
2019-06-04T23:00+02:00,1788.4,343,8667.4,7.1,210.7,12268.4
2019-06-05T00:00+02:00,1807.4,343.4,7924.1,6.2,287.8,11769.3
2019-06-05T01:00+02:00,1805.9,339.7,7425.9,6.2,335.6,11349.2
2019-06-05T02:00+02:00,1802.3,341.2,7045.7,6.2,445.3,11285
2019-06-05T03:00+02:00,1799.3,342.4,6720.2,6.2,498.6,11234.3
2019-06-05T04:00+02:00,1796.8,343,6355.7,6.2,522.5,11199.2
2019-06-05T05:00+02:00,1793.1,344,7218.4,6.2,556.3,11559.8
2019-06-05T06:00+02:00,1800.6,346.1,10178.5,6.2,573.4,12702.9
2019-06-05T07:00+02:00,1796.3,345,12776.4,6.1,561.8,14088.6
2019-06-05T08:00+02:00,1799.8,347.4,14026.6,6,514.7,14424.1
2019-06-05T09:00+02:00,1801.4,341.8,14240.2,5.9,513.3,14342.1
2019-06-05T10:00+02:00,1794.6,341.3,14385.2,5.8,497,14339.4
2019-06-05T11:00+02:00,1794.6,341.9,14402,5.8,491.3,14288.9
2019-06-05T12:00+02:00,1785.9,345.1,14138,5.7,557,14147.4
2019-06-05T13:00+02:00,1784.1,333.5,13506.4,5.7,551.6,13832.2
2019-06-05T14:00+02:00,1784.8,334.5,13063.8,5.5,557.5,13697.7
2019-06-05T15:00+02:00,1779.6,338.4,13348.7,5.3,563.6,14033.6
2019-06-05T16:00+02:00,1777.6,341.6,13078.3,5.2,553,13747.2
2019-06-05T17:00+02:00,1781.9,344.9,13053.1,4,555,13514.5
2019-06-05T18:00+02:00,1782.4,340.3,12744.3,3.4,486.6,13183.4
2019-06-05T19:00+02:00,1783.6,343.7,12581.2,3.2,410.4,13133.3
2019-06-05T20:00+02:00,1777.5,345.4,12087.2,3.2,340,13153.8
2019-06-05T21:00+02:00,1778.8,342.5,11189.1,3.1,256.2,12989
2019-06-05T22:00+02:00,1776.5,333.8,10392.4,3.1,190.3,12633.6
2019-06-05T23:00+02:00,1771.1,340.9,8894.3,3.1,137.3,12094.2
2019-06-06T00:00+02:00,1754.7,337.9,7442.4,1.9,178,11436.4
2019-06-06T01:00+02:00,1753.8,340.7,6624.4,1.9,145.9,11091.6
2019-06-06T02:00+02:00,1753,342.7,6288.9,1.9,196.5,10986.4
2019-06-06T03:00+02:00,1749.5,338.5,6201.3,1.9,202.9,10823.5
2019-06-06T04:00+02:00,1748.4,336.7,6334.7,1.8,242,10669.6
2019-06-06T05:00+02:00,1747.5,330.4,6782.1,1.8,285.7,11042.7
2019-06-06T06:00+02:00,1749.9,330.9,9016,1.8,346.6,12125.7
2019-06-06T07:00+02:00,1751.2,329.4,11107,1.7,368.1,13053.3
2019-06-06T08:00+02:00,1753.2,325,11624.5,1.7,411.5,13265.9
2019-06-06T09:00+02:00,1750.5,324.4,12210,1.6,467.2,13193.5
2019-06-06T10:00+02:00,1751.8,331.1,11482.1,1.6,576.4,13078.7
2019-06-06T11:00+02:00,1750.8,340.1,10996.5,1.6,646,13213.4
2019-06-06T12:00+02:00,1748.5,341.7,10403.4,1.6,645,12890.3
2019-06-06T13:00+02:00,1740.8,341.5,10232.3,1.6,776.8,12935.4
2019-06-06T14:00+02:00,1742.6,343.5,9961.5,1.5,819.6,13220.3
2019-06-06T15:00+02:00,1741.4,338.5,9877.8,1.5,842.4,13068.7
2019-06-06T16:00+02:00,1741.9,336.1,9978.5,1.5,899.4,13367.2
2019-06-06T17:00+02:00,1744.1,345.9,10696.6,3.2,873,13588.6
2019-06-06T18:00+02:00,1747.9,346.2,11667.6,3.6,735.4,13613.3
2019-06-06T19:00+02:00,1753,345.4,11963.4,3.9,724.1,13426.5
2019-06-06T20:00+02:00,1751.4,346.6,11283.3,4,659.8,13102.6
2019-06-06T21:00+02:00,1754.5,333.1,10983.6,4,604.2,12838.4
2019-06-06T22:00+02:00,1754.9,332.6,10726,4.1,674.8,12723.1
2019-06-06T23:00+02:00,1754.6,338.6,10165.3,4.2,691.3,12277.3
2019-06-07T00:00+02:00,1756.7,338.4,9475.7,4.2,642.3,11550.1
2019-06-07T01:00+02:00,1755.6,329.7,8958.9,4.2,593.9,11003.9
2019-06-07T02:00+02:00,1757.5,329.1,8553.5,4.3,619.5,10834.2
2019-06-07T03:00+02:00,1756.8,340.6,8217,4.5,552.6,10626.3
2019-06-07T04:00+02:00,1755.7,339.8,7789.6,4.7,486.4,10500.3
2019-06-07T05:00+02:00,1756.2,337.8,8698.2,4.8,508.1,10850.8
2019-06-07T06:00+02:00,1758.9,336.9,10486.9,4.7,414.3,11825.9
2019-06-07T07:00+02:00,1763.2,335.3,12258.5,4.7,422.6,12970.7
2019-06-07T08:00+02:00,1758.1,338.3,13021.4,4.8,386,13541.5
2019-06-07T09:00+02:00,1766.7,337.3,12989.7,1.8,384.1,13598.2
2019-06-07T10:00+02:00,1769.7,333.9,12730.8,2,351.3,13496.8
2019-06-07T11:00+02:00,1771.7,331.7,12648.6,1.3,259.3,13350.6
2019-06-07T12:00+02:00,1784.8,329.9,11930.1,1.3,304.7,13230.4
2019-06-07T13:00+02:00,1781.4,329,10700,1.4,317.4,13186.6
2019-06-07T14:00+02:00,1767.8,325.8,10053.5,1.4,303.4,13071.6
2019-06-07T15:00+02:00,1772.9,278.4,10048,1.5,273.8,12816.7
2019-06-07T16:00+02:00,1777.2,274.4,10707,1.5,273.7,12888.4
2019-06-07T17:00+02:00,1780.3,270.4,11501.5,1.6,245.8,12704.6
2019-06-07T18:00+02:00,1760.5,284.6,11195.4,1.6,141.9,12487
2019-06-07T19:00+02:00,1755.2,284.5,11476.5,1.6,109.2,12623.2
2019-06-07T20:00+02:00,1743,294.6,11130.1,1.6,126.1,12351.3
2019-06-07T21:00+02:00,1734.3,310.5,10679.3,1.7,85.7,12163.5
2019-06-07T22:00+02:00,1718.5,321.7,9944,4.7,111.2,11906.7
2019-06-07T23:00+02:00,1713.3,329.1,9198.1,4.7,104.5,11748.4
2019-06-08T00:00+02:00,1699.2,332.8,8435,4.9,94.9,11318
2019-06-08T01:00+02:00,1694,333.4,7316.5,4.8,51.5,10815.7
2019-06-08T02:00+02:00,1691,344.9,6663.7,4.7,108.5,10568.4
2019-06-08T03:00+02:00,1686,344.5,6453,4.7,151.9,10500.9
2019-06-08T04:00+02:00,1684.6,343.7,6030.5,4.6,218.7,10433
2019-06-08T05:00+02:00,1683.6,343.6,6134.3,4.6,255.7,10327.5
2019-06-08T06:00+02:00,1685.7,332.8,6492.4,4.5,343.1,10382.7
2019-06-08T07:00+02:00,1683,332.4,6867.3,4.4,333.3,10605.7
2019-06-08T08:00+02:00,1682.4,333.6,7218.4,4.3,452.6,11128
2019-06-08T09:00+02:00,1687.5,333.6,7894.9,4.2,555.5,11691
2019-06-08T10:00+02:00,1682,333.7,7503.5,4.1,491.2,12023.5
2019-06-08T11:00+02:00,1683.8,329.7,7176.8,4.1,557.1,12182.7
2019-06-08T12:00+02:00,1681.2,332.4,6989.7,4,480.8,11820.6
2019-06-08T13:00+02:00,1682.1,332.3,6618.2,3.9,576.7,11867
2019-06-08T14:00+02:00,1683.9,333.5,6390.7,3.8,547.9,11766.5
2019-06-08T15:00+02:00,1685.2,332.8,6634.9,3.7,557.8,11711.6
2019-06-08T16:00+02:00,1685.6,336.3,7004.3,3.7,579,11613.7
2019-06-08T17:00+02:00,1685.1,335.9,7011.8,3.5,601.2,11731.8
2019-06-08T18:00+02:00,1686.4,335.6,7375.5,3.5,744.5,11927.6
2019-06-08T19:00+02:00,1687.8,337.4,8236.1,3.5,839.4,12090.7
2019-06-08T20:00+02:00,1689.2,340.8,8341.4,3.3,822.6,11846.4
2019-06-08T21:00+02:00,1688.5,342.2,8170,3.3,715.9,11511.3
2019-06-08T22:00+02:00,1690.3,338.2,7712.4,3.3,682.4,11315.8
2019-06-08T23:00+02:00,1690.8,347.7,7252,3.3,655.5,11151.5
2019-06-09T00:00+02:00,1684.1,341.1,6811.2,2.9,574.1,10821.7
2019-06-09T01:00+02:00,1677.1,340.1,6147,2.8,506.2,10434.8
2019-06-09T02:00+02:00,1674.7,341.7,5869.2,2.8,456.2,10295.1
2019-06-09T03:00+02:00,1676.6,344.3,5785.3,2.7,432.3,10215.7
2019-06-09T04:00+02:00,1677.3,342.8,5458.3,2.7,320.4,9830.5
2019-06-09T05:00+02:00,1678.7,340.9,5664.6,2.6,291.2,9781.5
2019-06-09T06:00+02:00,1678.9,341.9,5978.5,2.5,400.3,10014
2019-06-09T07:00+02:00,1691.2,340.9,6479.5,2.5,497.1,10377.8
2019-06-09T08:00+02:00,1698.5,341.9,6988.3,2.5,610.6,10780.6
2019-06-09T09:00+02:00,1697.8,339.6,6958,2.5,564.6,11136.3
2019-06-09T10:00+02:00,1702,340.8,6862.6,2.5,657.4,11432.9
2019-06-09T11:00+02:00,1691.4,336.4,6615.4,2.5,649.5,11468
2019-06-09T12:00+02:00,1700.7,334.9,6560.1,2.5,660.9,11667.8
2019-06-09T13:00+02:00,1702.7,335.1,6834.4,2.5,647.6,11663.9
2019-06-09T14:00+02:00,1699.5,334.5,6781.2,2.5,627.1,11467.1
2019-06-09T15:00+02:00,1703.8,338.2,7455.4,2.6,666.9,11582.5
2019-06-09T16:00+02:00,1708.2,333.8,8459.5,2.7,589,11661.3
2019-06-09T17:00+02:00,1710.5,331.8,9303.5,2.7,596.7,11713.4
2019-06-09T18:00+02:00,1717.7,330,10000.9,2.7,646,11716.4
2019-06-09T19:00+02:00,1718.4,330.5,10131.3,2.9,675.4,11720.7
2019-06-09T20:00+02:00,1720.5,337.1,10022.7,2.9,639.5,11644.2
2019-06-09T21:00+02:00,1723.2,336.4,9977.8,3,605.2,11446.6
2019-06-09T22:00+02:00,1721.1,334.6,9839.2,3.1,720.4,11376
2019-06-09T23:00+02:00,1719.6,335.8,9559.9,3.3,775.6,11316.1
2019-06-10T00:00+02:00,1718.2,332.8,8494.8,3.2,612,10736.8
2019-06-10T01:00+02:00,1714.4,330.5,7471.7,4.3,680.5,10519.9
2019-06-10T02:00+02:00,1712.9,332.7,7095.3,4.3,606.3,10368
2019-06-10T03:00+02:00,1715.8,334.8,7002.8,4.3,657.5,10236.8
2019-06-10T04:00+02:00,1714,334.4,7137.6,4.3,639.3,10165.3
2019-06-10T05:00+02:00,1713.6,323.4,7434.3,4.3,731.1,10308.3
2019-06-10T06:00+02:00,1721.5,323.3,8124.4,4.3,737.9,10714
2019-06-10T07:00+02:00,1726.7,323.6,9279.3,4.3,609.9,10993.2
2019-06-10T08:00+02:00,1740.3,323.5,10450.7,4.3,697.3,11579
2019-06-10T09:00+02:00,1750.9,335.6,10506.4,4.3,562.8,11809.9
2019-06-10T10:00+02:00,1742.8,340.7,10365.9,4.3,623.2,12204.2
2019-06-10T11:00+02:00,1744.6,341.6,10217.3,4.3,644.3,12400
2019-06-10T12:00+02:00,1739.8,342.4,9716.4,4.4,539.2,12234
2019-06-10T13:00+02:00,1744.8,341.3,8567.2,4.3,494.6,11998.4
2019-06-10T14:00+02:00,1739.8,340.9,8519.5,4.4,420.6,11971.7
2019-06-10T15:00+02:00,1742.1,340.7,9144.6,4.4,482.2,12080.2
2019-06-10T16:00+02:00,1734.6,340.6,9838.9,4.4,445.7,11992.4
2019-06-10T17:00+02:00,1726.5,340.6,10973.6,4.5,371.8,12084.4
2019-06-10T18:00+02:00,1730.8,342.6,11776.6,4.5,329.6,12060.6
2019-06-10T19:00+02:00,1722.7,344.7,11805,4.5,327.6,11976.7
2019-06-10T20:00+02:00,1721.2,343.8,11473.3,4.5,265.8,12072.4
2019-06-10T21:00+02:00,1722.2,347.3,11008.9,4.5,259.7,11933.3
2019-06-10T22:00+02:00,1721.5,347.8,10400.3,4.5,263.9,11755
2019-06-10T23:00+02:00,1717.7,347.4,9679.7,4.5,270.8,11609.9
2019-06-11T00:00+02:00,1718.2,342.1,8558.6,4.9,280.8,10966.7
2019-06-11T01:00+02:00,1714.7,343,7678.8,4.9,286.9,10870.9
2019-06-11T02:00+02:00,1710.7,342.6,7627.5,4.9,262.9,10896.2
2019-06-11T03:00+02:00,1707.7,342.6,7208.3,4.9,264,10886.7
2019-06-11T04:00+02:00,1705.8,338.7,7267.1,4.9,299.4,10799.9
2019-06-11T05:00+02:00,1705,340.7,8392.8,4.9,281.3,11285
2019-06-11T06:00+02:00,1710.1,344.3,11363.9,4.9,269,12049.6
2019-06-11T07:00+02:00,1710.3,343.9,13576.5,4.8,271.9,13517.8
2019-06-11T08:00+02:00,1728.2,347,14074.6,4.9,274.7,13736
2019-06-11T09:00+02:00,1739.7,341.4,13889.7,4.8,296.9,13491.5
2019-06-11T10:00+02:00,1750.5,344.6,13570.5,4.6,319,13455.4
2019-06-11T11:00+02:00,1757.4,348.4,13422.9,4.3,349.9,13338.8
2019-06-11T12:00+02:00,1748.7,345.3,13429.1,5,390.3,13423.7
2019-06-11T13:00+02:00,1748.5,347,13410.1,4.8,407.2,13405.6
2019-06-11T14:00+02:00,1745,344.8,13573.3,4.6,416.2,13406.1
2019-06-11T15:00+02:00,1740,343.5,13065.7,4.3,454.9,13305.5
2019-06-11T16:00+02:00,1747.3,348.9,12538.2,4.2,542.7,13147.1
2019-06-11T17:00+02:00,1745,347.7,12634.3,4,572.1,12995.5
2019-06-11T18:00+02:00,1747.8,347.9,12351.6,3.9,599.3,12848.3
2019-06-11T19:00+02:00,1748.8,347.1,12221.8,3.8,610.2,12858.4
2019-06-11T20:00+02:00,1743.9,346.1,11530.5,3.6,661.1,12876.1
2019-06-11T21:00+02:00,1741.9,343.9,11243.4,3.5,646,12709.9
2019-06-11T22:00+02:00,1739.6,344.9,10795.6,3.4,663,12481
2019-06-11T23:00+02:00,1734.8,341.9,9602.5,3.2,667.1,11927.1
2019-06-12T00:00+02:00,1703,339.3,8875,7,771.7,11527.7
2019-06-12T01:00+02:00,1705.5,343.8,8088.2,7,764,11077
2019-06-12T02:00+02:00,1706.3,345.5,7877.6,7,766.7,10968
2019-06-12T03:00+02:00,1709.3,342.9,7814.7,6.9,753.4,10872
2019-06-12T04:00+02:00,1710.5,343.2,8056.3,6.8,737.1,10918.1
2019-06-12T05:00+02:00,1710.2,342.2,8846.7,6.8,759.1,11151.4
2019-06-12T06:00+02:00,1711.2,341.8,10684.7,6.7,724.9,12071.7
2019-06-12T07:00+02:00,1715.2,343.9,12325.1,6.6,703.9,13293.1
2019-06-12T08:00+02:00,1718.8,350,13142.2,6.6,646.9,13712.5
2019-06-12T09:00+02:00,1717.3,349.6,13051.1,6.6,625.2,13658.5
2019-06-12T10:00+02:00,1716.7,351.3,13170.5,6.6,575.3,13681.3
2019-06-12T11:00+02:00,1719.7,342.5,13348.7,6.5,564.6,13673.2
2019-06-12T12:00+02:00,1718.4,337.5,13514,8.5,441.5,13656.9
2019-06-12T13:00+02:00,1716.6,337,13736.5,8.5,456,13764.3
2019-06-12T14:00+02:00,1715.7,338.6,13448.3,8.4,435.2,13509.2
2019-06-12T15:00+02:00,1715,333.1,12883.2,8.3,444.8,13567.3
2019-06-12T16:00+02:00,1712.5,330.9,12634.6,8.3,508.6,13511.9
2019-06-12T17:00+02:00,1714.1,329,12774.2,8.2,429,13381.4
2019-06-12T18:00+02:00,1714.2,329.2,12461.8,8.2,442.1,13160.1
2019-06-12T19:00+02:00,1717.5,328,12539.1,8,562.4,13276.1
2019-06-12T20:00+02:00,1717.7,332,12138.2,8,538.9,13201
2019-06-12T21:00+02:00,1717.2,326.3,12433.2,8,518,13172
2019-06-12T22:00+02:00,1708.9,313.8,11497.7,8,565.4,12627.9
2019-06-12T23:00+02:00,1708.7,331.5,10185.9,7.9,630.2,12137.7
2019-06-13T00:00+02:00,1692.1,327.6,8482,5.8,664.9,11548
2019-06-13T01:00+02:00,1691,328.3,7782,5.8,700.2,11222
2019-06-13T02:00+02:00,1690,329.3,7124.2,5.8,725.1,11013.3
2019-06-13T03:00+02:00,1689.5,325.8,7008,5.8,779.7,10976.5
2019-06-13T04:00+02:00,1691.3,325.5,7305.1,5.7,724.8,11010
2019-06-13T05:00+02:00,1693.3,325.2,8675.9,5.7,758.6,11271.9
2019-06-13T06:00+02:00,1694.9,336.7,11510.5,5.8,787.8,12395.8
2019-06-13T07:00+02:00,1697.5,329.9,13666.6,5.8,772.6,13604.5
2019-06-13T08:00+02:00,1702,332.9,13918.5,5.8,726.9,13853.1
2019-06-13T09:00+02:00,1704.1,332.2,13809.6,5.8,698.7,13684.9
2019-06-13T10:00+02:00,1706.8,333.1,12555.1,5.9,682.2,13537
2019-06-13T11:00+02:00,1711,332.9,11630.2,5.9,707.8,13431.6
2019-06-13T12:00+02:00,1710.8,332.8,11219.8,6.2,685.6,13486.8
2019-06-13T13:00+02:00,1703.8,332.1,10782.6,6.3,749.4,13359
2019-06-13T14:00+02:00,1704.6,331.9,11137.5,6.3,864.8,13418.4
2019-06-13T15:00+02:00,1707.5,334.3,11721.2,6.3,895.7,13556.9
2019-06-13T16:00+02:00,1708.1,335.2,11661.4,5.5,875.9,13390.7
2019-06-13T17:00+02:00,1714,337.6,12799.5,5.5,852.7,13362.9
2019-06-13T18:00+02:00,1714,338.3,13371.2,5.5,820.6,12974.9
2019-06-13T19:00+02:00,1711.4,337.9,13742.9,5.4,788.9,12957
2019-06-13T20:00+02:00,1710.7,338.3,12967.4,5.5,768.3,12774.5
2019-06-13T21:00+02:00,1702.2,337.6,12866.2,5.5,786.9,12582.4
2019-06-13T22:00+02:00,1694.4,339.3,12401.8,5.4,800.6,12421.9
2019-06-13T23:00+02:00,1692.1,340.4,11195.8,5.4,839.4,12146
2019-06-14T00:00+02:00,1704.6,340.3,10554,7.5,739.2,11703.3
2019-06-14T01:00+02:00,1702.9,342.9,9332.6,7.5,803.7,11361.2
2019-06-14T02:00+02:00,1700.9,343.4,8334.9,7.5,782.9,11110
2019-06-14T03:00+02:00,1698.7,343.4,8110.5,7.5,762.4,10933.5
2019-06-14T04:00+02:00,1693.9,347.1,8319,7.4,788.4,10951.8
2019-06-14T05:00+02:00,1694.3,345.6,10188.1,7.4,767.5,11282.8
2019-06-14T06:00+02:00,1692,344.4,12605.8,7.5,637.6,12084.6
2019-06-14T07:00+02:00,1695,338.9,14230.9,7.4,587.6,13105
2019-06-14T08:00+02:00,1690.1,331.7,14499.8,7.5,564.8,13389.7
2019-06-14T09:00+02:00,1695.2,329.3,14324.3,7.5,544.2,13489.1
2019-06-14T10:00+02:00,1693.2,336.5,14324.8,7.4,499.8,13552.3
2019-06-14T11:00+02:00,1693.2,332.6,14600.8,8.2,474.7,13484.5
2019-06-14T12:00+02:00,1697.5,331.7,14626.8,8.2,478.4,13549.2
2019-06-14T13:00+02:00,1697.4,333.5,14066.9,8.2,476.5,13392.9
2019-06-14T14:00+02:00,1695,334.3,13862.9,8.2,471.8,13191.4
2019-06-14T15:00+02:00,1692,343.7,13802.4,8.2,452.4,13048.2
2019-06-14T16:00+02:00,1706.7,350.8,13158.2,8.2,431.2,12905.5
2019-06-14T17:00+02:00,1709,355.7,13167.5,8.2,406.2,12780.1
2019-06-14T18:00+02:00,1700.8,354,13437.8,8.2,383.9,12608.9
2019-06-14T19:00+02:00,1700.5,359.5,12995.2,8.2,346.7,12439.7
2019-06-14T20:00+02:00,1701.8,364.5,12278.6,8.2,330.2,12279.2
2019-06-14T21:00+02:00,1699.2,359.2,11904.6,8.2,295.7,12128.2
2019-06-14T22:00+02:00,1692.8,363.4,11328.3,8.1,252.6,11948.9
2019-06-14T23:00+02:00,1689,360.8,10592.9,8.1,271.9,11757.8
2019-06-15T00:00+02:00,1704.3,370.5,9755.5,5.4,292.7,11389.7
2019-06-15T01:00+02:00,1702.1,374.1,9016.4,6,320.6,11148
2019-06-15T02:00+02:00,1700,375.7,8354.9,5.9,350.5,10973.6
2019-06-15T03:00+02:00,1697,376.8,7985.6,5.9,366,10883.6
2019-06-15T04:00+02:00,1695.2,373.9,7863.9,5.9,370.6,10701.6
2019-06-15T05:00+02:00,1693.2,374.2,7818,5.9,367.2,10672.7
2019-06-15T06:00+02:00,1693.8,337.6,8004.2,5.8,348.1,10775.4
2019-06-15T07:00+02:00,1706.1,342.8,8481.2,5.9,339.2,11126.1
2019-06-15T08:00+02:00,1703.7,342.6,9891.7,5.9,331.6,11792.3
2019-06-15T09:00+02:00,1707.7,346,10701.5,5.9,324.8,12191
2019-06-15T10:00+02:00,1704.4,346.3,10186.4,5.8,297.7,12306.1
2019-06-15T11:00+02:00,1692.1,340.7,8905.2,5.8,284.1,12202.5
2019-06-15T12:00+02:00,1691.1,342.9,8409.8,5.8,352.3,12137.1
2019-06-15T13:00+02:00,1690.3,345.6,8843.3,5.8,342.2,12116.7
2019-06-15T14:00+02:00,1691.6,380.6,8696.1,5.7,373.5,12029.8
2019-06-15T15:00+02:00,1692,382.1,8467.2,5.8,421.8,12038
2019-06-15T16:00+02:00,1694.5,379.8,7771,5.7,448.4,11965.5
2019-06-15T17:00+02:00,1695.7,376.7,8710.9,5.7,454.6,12027.1
2019-06-15T18:00+02:00,1697.5,376.9,9790.9,5.7,498.7,12041.5
2019-06-15T19:00+02:00,1695.3,383.3,9832.4,5.6,575.4,11962.7
2019-06-15T20:00+02:00,1698.2,384.1,9390.4,5.6,620.7,11848
2019-06-15T21:00+02:00,1693.4,360.1,9080.2,5.5,645.2,11629.7
2019-06-15T22:00+02:00,1687.1,359.8,8905.2,5.5,638.4,11352.1
2019-06-15T23:00+02:00,1684.5,358,8699.5,5.6,571.6,11261.2
2019-06-16T00:00+02:00,1664.3,386.5,8164.7,5.3,606.9,11129.1
2019-06-16T01:00+02:00,1670.1,384.4,7306.2,5.3,539,10783.5
2019-06-16T02:00+02:00,1670,387.2,7146.5,5.3,490.8,10628.9
2019-06-16T03:00+02:00,1669.1,384.4,7022.6,5.3,402.9,10398.5
2019-06-16T04:00+02:00,1667.8,383.5,7008.4,5.3,349.2,10253.2
2019-06-16T05:00+02:00,1667.4,384.8,6874.8,5.3,331.5,10295.3
2019-06-16T06:00+02:00,1669.3,379.7,7122,5.3,289.7,10402.8
2019-06-16T07:00+02:00,1671.8,377,7862.6,5.6,258.2,10670.5
2019-06-16T08:00+02:00,1675.3,375,8258.6,5.6,196.6,10877.4
2019-06-16T09:00+02:00,1675.2,376,8213.7,5.7,252.5,11398.2
2019-06-16T10:00+02:00,1674.8,371.9,8585.7,5.6,268.7,11773.1
2019-06-16T11:00+02:00,1679.5,373.3,8745.5,5.7,237.4,11872.4
2019-06-16T12:00+02:00,1679.5,371.2,8306.8,5.7,225.1,11898.2
2019-06-16T13:00+02:00,1692.5,374.2,8162,5.7,271.8,11959.8
2019-06-16T14:00+02:00,1693.9,375,8714.2,5.8,287.7,11995.6
2019-06-16T15:00+02:00,1692.8,369.9,8665.4,5.8,332.6,12008.4
2019-06-16T16:00+02:00,1695.9,372.8,8780.8,5.8,338,12074.9
2019-06-16T17:00+02:00,1699,378.3,10270.7,5.8,386.3,12267.2
2019-06-16T18:00+02:00,1696.9,373.7,10715.8,5.8,383.6,12112
2019-06-16T19:00+02:00,1695.7,378.6,11136.9,5.3,426.3,12057.6
2019-06-16T20:00+02:00,1696.8,374.2,11126,5.3,447.4,12003.8
2019-06-16T21:00+02:00,1684.7,373.6,10972.3,5.3,357.1,11888.8
2019-06-16T22:00+02:00,1676.9,377,10583.2,5.3,370.4,11659.2
2019-06-16T23:00+02:00,1677.2,367.8,9676.7,5.3,403.5,11401.6
2019-06-17T00:00+02:00,1657.7,366.2,8461.4,5.2,293.9,10820.8
2019-06-17T01:00+02:00,1656.7,367.4,7936.4,5.2,341.4,10562.6
2019-06-17T02:00+02:00,1655.7,372.1,7666.9,5.2,319.8,10433.9
2019-06-17T03:00+02:00,1654.7,370.2,7462.7,5.2,372.8,10392.2
2019-06-17T04:00+02:00,1653.9,371.2,7406.4,5.2,401,10390.9
2019-06-17T05:00+02:00,1653.6,368.3,8560.9,5.1,453.5,10724.3
2019-06-17T06:00+02:00,1654.3,374.8,11657.2,5.2,452.8,11834.5
2019-06-17T07:00+02:00,1668,373.9,13558.8,5.2,441.8,13025.9
2019-06-17T08:00+02:00,1659.9,370.5,13779.6,5.2,518.8,13349.5
2019-06-17T09:00+02:00,1639.8,374.3,13559,5.1,518.9,13298.6
2019-06-17T10:00+02:00,1647.8,370.4,13326.7,5.1,534.3,13328.8
2019-06-17T11:00+02:00,1643.7,357.3,13249.9,5.1,536.5,13341.1
2019-06-17T12:00+02:00,1642.4,355.5,13116.2,5.1,532.8,13253.3
2019-06-17T13:00+02:00,1639.6,349.9,13068.9,5.1,539,13185.2
2019-06-17T14:00+02:00,1638.5,346.8,12858.2,5.1,559.3,13266.1
2019-06-17T15:00+02:00,1642.6,350.1,12390.1,5.1,589.8,13199.8
2019-06-17T16:00+02:00,1642.7,347,11970.8,5.1,620.8,13236
2019-06-17T17:00+02:00,1644.1,348.3,12235.1,5.1,627.4,13170.8
2019-06-17T18:00+02:00,1637.8,344.8,12247.9,5.2,681.2,13061.3
2019-06-17T19:00+02:00,1639.3,350.1,12037.2,5.2,572.3,12834.2
2019-06-17T20:00+02:00,1641.6,350.5,11278.7,5.2,584.9,12676.8
2019-06-17T21:00+02:00,1641.1,351.8,10597.2,5.2,590.4,12504.5
2019-06-17T22:00+02:00,1640.8,349.2,10072.1,5.2,574.4,12153.5
2019-06-17T23:00+02:00,1640.3,346.4,9772,4.6,570.4,11850.5
2019-06-18T00:00+02:00,1635.9,357.8,8733,4.2,586.6,11344.5
2019-06-18T01:00+02:00,1634.4,359.4,8257.5,4.6,559.9,10919.7
2019-06-18T02:00+02:00,1634,358.6,7777.6,4.6,526.2,10749.1
2019-06-18T03:00+02:00,1637.2,356.6,7435.8,4.6,515.9,10760.9
2019-06-18T04:00+02:00,1639.7,357.4,7126.8,4.6,486.1,10668.8
2019-06-18T05:00+02:00,1640.1,356.4,8296.4,4.7,461.9,11093.2
2019-06-18T06:00+02:00,1644.7,358.8,10890,4.6,412.2,12069.8
2019-06-18T07:00+02:00,1655.9,359.7,13017.1,4.6,359.2,13278.7
2019-06-18T08:00+02:00,1659.4,361.4,13678.4,4.6,325.4,13610.1
2019-06-18T09:00+02:00,1664.2,353.9,13552.5,4.6,332.4,13435
2019-06-18T10:00+02:00,1666.2,355.1,13976.2,4.6,307.6,13590.9
2019-06-18T11:00+02:00,1663.4,351.5,13847.9,4.6,303.2,13476.6
2019-06-18T12:00+02:00,1662.7,348.1,13205.3,4.6,328.1,13294.8
2019-06-18T13:00+02:00,1660.8,348.9,12796.8,4.6,308,13148.2
2019-06-18T14:00+02:00,1658.9,353,12672.8,4.6,336.6,13205.3
2019-06-18T15:00+02:00,1659.4,354.9,11934.8,4.6,357.5,13103.6
2019-06-18T16:00+02:00,1656.9,353,11340.8,4.6,366.2,13063
2019-06-18T17:00+02:00,1664.3,349.7,11472.2,4.6,385.8,13006
2019-06-18T18:00+02:00,1666.3,352.2,11517.5,4.6,319.6,12697.6
2019-06-18T19:00+02:00,1666.9,349.7,11744.8,4.6,270.3,12690.8
2019-06-18T20:00+02:00,1666.6,353.4,11258.7,4.6,243.9,12658.7
2019-06-18T21:00+02:00,1655.7,351.6,10749.1,4.6,228.2,12552.3
2019-06-18T22:00+02:00,1658.5,352.8,10287.4,4.6,240.8,12340.9
2019-06-18T23:00+02:00,1650.5,351.8,10007,4.6,205.3,11993.5
2019-06-19T00:00+02:00,1642.1,352.2,9443.2,4.8,209.7,11452.2
2019-06-19T01:00+02:00,1639.5,353.6,9340.3,4.9,209,11108.5
2019-06-19T02:00+02:00,1637.6,353.4,9173.7,4.9,204.8,10893
2019-06-19T03:00+02:00,1634.6,354.4,9077,4.8,169.7,10817.5
2019-06-19T04:00+02:00,1631.3,354.6,9092,4.8,152.1,10715.8
2019-06-19T05:00+02:00,1630.3,347.9,10172.1,4.8,126.3,10939.4
2019-06-19T06:00+02:00,1635.4,348.2,12678.5,4.8,110.4,11939.8
2019-06-19T07:00+02:00,1650.4,349.1,13833.3,4.8,95,12993.3
2019-06-19T08:00+02:00,1622.8,346.9,14120.2,4.8,90.8,13296
2019-06-19T09:00+02:00,1599.5,347.8,14306.7,4.7,91.4,13457.5
2019-06-19T10:00+02:00,1591.2,348.6,14528.9,4.7,82.9,13537.3
2019-06-19T11:00+02:00,1610.7,349.4,14511,3.5,105,13408.8
2019-06-19T12:00+02:00,1608,348.4,14439.4,4.8,88.2,13385.4
2019-06-19T13:00+02:00,1604.7,349.4,14112.7,4.8,77.9,13329.4
2019-06-19T14:00+02:00,1606,348,14213.6,4.7,61.7,13493.6
2019-06-19T15:00+02:00,1632.3,350.1,13688,4.7,62.1,13360.3
2019-06-19T16:00+02:00,1627.5,348.4,13487.5,4.7,68.7,13426.9
2019-06-19T17:00+02:00,1638.7,352.8,13349.3,4.6,78.5,13220.5
2019-06-19T18:00+02:00,1636.4,353.7,13685.1,4.6,102.1,13125.6
2019-06-19T19:00+02:00,1642.4,349.6,13980.5,4.6,122.4,13088.5
2019-06-19T20:00+02:00,1640.9,352.4,13605.7,4.6,135.9,13065.6
2019-06-19T21:00+02:00,1639,347.4,12543.2,4.6,167.6,12792
2019-06-19T22:00+02:00,1637.6,348.1,11760,4.6,215.8,12581.7
2019-06-19T23:00+02:00,1629.3,354.9,10878.1,4.6,280.1,12106.4
2019-06-20T00:00+02:00,1645.7,357.1,9998.8,5.2,330,11576.7
2019-06-20T01:00+02:00,1650.1,352.5,9231.4,5.5,349.2,11189
2019-06-20T02:00+02:00,1649.7,354,8439.1,5.7,353,10931.4
2019-06-20T03:00+02:00,1653.5,351.5,8210.6,5.7,338.9,10888
2019-06-20T04:00+02:00,1653.7,353.2,7961.4,5.7,317.9,10839.5
2019-06-20T05:00+02:00,1653.9,354.3,8526.8,5.7,319.2,11041.5
2019-06-20T06:00+02:00,1656.2,355.9,11227.4,5.8,297.7,12042.5
2019-06-20T07:00+02:00,1665,353.4,13083,5.7,296.1,13094.2
2019-06-20T08:00+02:00,1669,355,13809.5,5.8,293.6,13587.4
2019-06-20T09:00+02:00,1674.6,349,13863.3,5.8,286.4,13536.7
2019-06-20T10:00+02:00,1675.3,354.9,13858.1,5.3,218,13408.1
2019-06-20T11:00+02:00,1670.5,354.7,13291.7,5.7,219.7,13280.8
2019-06-20T12:00+02:00,1670.1,351.8,12892,5.8,237.8,13263.7
2019-06-20T13:00+02:00,1669.6,352.9,13236.2,5.8,269.5,13381.3
2019-06-20T14:00+02:00,1657.1,355.1,12787.1,5.8,287.1,13226.9
2019-06-20T15:00+02:00,1652.7,345,11928.7,5.8,287.5,13121.8
2019-06-20T16:00+02:00,1651.6,351.1,11638.5,5.8,304,13121.5
2019-06-20T17:00+02:00,1653.5,354.7,11956.7,7.2,322.3,13137.5
2019-06-20T18:00+02:00,1654.1,354.9,12032.7,8.4,406.3,13033.1
2019-06-20T19:00+02:00,1655,355.1,12178.5,8.3,401.4,13025.8
2019-06-20T20:00+02:00,1652.3,353,11576.8,8.6,394.9,12759.2
2019-06-20T21:00+02:00,1648.1,349.9,10569.6,10,418.1,12585.6
2019-06-20T22:00+02:00,1647.3,348.4,9637.7,6,407.3,12295.1
2019-06-20T23:00+02:00,1650.4,348,9542.2,6,441.5,11855.4
2019-06-21T00:00+02:00,1612.7,348,9265.5,9.7,380.9,11397.4
2019-06-21T01:00+02:00,1612.5,345.5,8427.7,9.7,401.8,11030
2019-06-21T02:00+02:00,1610.5,350.4,7993.6,10.7,439,10891
2019-06-21T03:00+02:00,1614.5,346.2,7657,10,360.3,10633.4
2019-06-21T04:00+02:00,1613.5,346.8,7897.4,9.2,336.4,10637.2
2019-06-21T05:00+02:00,1612.6,348.7,8808.2,9.9,378.9,10794.2
2019-06-21T06:00+02:00,1613.8,351.8,10114.1,8.6,336.3,11582.3
2019-06-21T07:00+02:00,1616.5,346.4,11417.7,8,358.1,12763.6
2019-06-21T08:00+02:00,1574.8,344.1,11706.3,9.6,435.1,13229.7
2019-06-21T09:00+02:00,1579.1,343.1,11917,8.4,372.1,13344.2
2019-06-21T10:00+02:00,1618.8,342,12189.6,6.2,366.1,13453.3
2019-06-21T11:00+02:00,1621.5,328.3,12054.4,5.8,364.4,13192.4
2019-06-21T12:00+02:00,1626.5,337.1,11696.7,5.7,403,13106.8
2019-06-21T13:00+02:00,1627.5,330.4,11612.2,5.6,418.5,13185.1
2019-06-21T14:00+02:00,1614.7,329.4,11127.7,5.4,443.4,13052.4
2019-06-21T15:00+02:00,1623.9,329,10437.4,6.4,423.7,12785
2019-06-21T16:00+02:00,1626.9,323.5,9814.6,6.5,435,12660.1
2019-06-21T17:00+02:00,1628.5,328.4,9833.2,6.7,463.2,12654.8
2019-06-21T18:00+02:00,1628.7,329.4,9720.5,7.3,500.3,12434
2019-06-21T19:00+02:00,1627.6,331,9462.7,7.5,490.9,12343.3
2019-06-21T20:00+02:00,1636.6,331.5,8938.5,8.6,522.1,12225.7
2019-06-21T21:00+02:00,1635.6,332.8,8665.3,8.2,516.4,11878.6
2019-06-21T22:00+02:00,1636.4,334.9,8681.9,9.1,498.3,11797.4
2019-06-21T23:00+02:00,1636.3,344,8218.9,11.1,598,11716.1
2019-06-22T00:00+02:00,1655.7,338.8,8069.6,6.4,628.9,11305.8
2019-06-22T01:00+02:00,1655.9,337.5,7052.1,6.5,694.6,11125.3
2019-06-22T02:00+02:00,1653.9,339.7,6481,6.5,736,10881
2019-06-22T03:00+02:00,1658.3,334,6015.6,6.5,729.5,10702.2
2019-06-22T04:00+02:00,1661.8,341.1,5937.6,6.5,726,10528.9
2019-06-22T05:00+02:00,1666,341.2,6231.6,6.5,719.6,10542.5
2019-06-22T06:00+02:00,1670,340.7,6852.4,6.5,712,10832.2
2019-06-22T07:00+02:00,1673,341.8,7779.2,6.4,699,11320.2
2019-06-22T08:00+02:00,1675.8,347.3,8200.4,6.4,692.4,11739.5
2019-06-22T09:00+02:00,1682,347.6,8269.7,4.1,691.8,12064.4
2019-06-22T10:00+02:00,1677.4,347.3,8218,4.1,706.7,12413
2019-06-22T11:00+02:00,1678.5,347.2,7824,4,718.9,12403.4
2019-06-22T12:00+02:00,1686.5,351.1,7776.5,4,729.9,12187.5
2019-06-22T13:00+02:00,1688.5,352.8,7227.4,10.8,784.2,12128.7
2019-06-22T14:00+02:00,1688.2,350.4,7232.1,10.4,731.4,11953.1
2019-06-22T15:00+02:00,1686.5,348.8,7276.6,10.4,714.5,11875.6
2019-06-22T16:00+02:00,1686,349.9,7917.4,10.8,782.5,12076.4
2019-06-22T17:00+02:00,1670.7,345.7,8457.8,10.4,741.4,12011.6
2019-06-22T18:00+02:00,1671.7,344.5,9035.7,10.3,759.8,12130.5
2019-06-22T19:00+02:00,1671.2,343,9163.2,10.2,745.2,11968.1
2019-06-22T20:00+02:00,1667.3,342.6,9040.8,10.1,726.1,11791.7
2019-06-22T21:00+02:00,1666.9,340.5,8954.3,10.2,744,11638.9
2019-06-22T22:00+02:00,1664.2,343.8,8740.2,10.2,724,11483.3
2019-06-22T23:00+02:00,1666.1,341.4,7626.8,14,797.4,11497
2019-06-23T00:00+02:00,1697,344.1,6582.1,17.4,680.7,11480.2
2019-06-23T01:00+02:00,1697.3,342.8,5802,17.2,573.4,11171.2
2019-06-23T02:00+02:00,1695.7,343.7,5658.2,17.6,584.3,11028.9
2019-06-23T03:00+02:00,1694,346.7,5482.1,17.5,574.1,11013
2019-06-23T04:00+02:00,1692.5,347.1,5291.2,16.1,407,10624.3
2019-06-23T05:00+02:00,1690.2,350.2,5301.8,17.2,538.3,10755.7
2019-06-23T06:00+02:00,1689,349.2,5587,16.5,426.9,10666.3
2019-06-23T07:00+02:00,1688.5,351.8,5868.4,17.2,534.4,10907.9
2019-06-23T08:00+02:00,1691.8,356.5,6766.7,17.6,601.1,11351.9
2019-06-23T09:00+02:00,1691.9,352.4,6923.7,11.3,424.1,11488.6
2019-06-23T10:00+02:00,1688.3,352.9,6897.1,11.3,428.8,11802.2
2019-06-23T11:00+02:00,1691,351.5,6933.8,11.7,496.9,12008.9
2019-06-23T12:00+02:00,1689.9,350.1,6608.4,11.7,475.6,12030.4
2019-06-23T13:00+02:00,1690.7,352,6595.7,10.7,377.9,11885.8
2019-06-23T14:00+02:00,1689,348.2,6654.6,11.4,443.7,11991
2019-06-23T15:00+02:00,1687.1,343.8,6815,11.6,456.1,12001.5
2019-06-23T16:00+02:00,1685.5,354.4,7303.7,12.1,528.2,12132.1
2019-06-23T17:00+02:00,1686.4,354.7,7659.1,11.8,399.7,11947.2
2019-06-23T18:00+02:00,1687.9,346.9,8961,16.2,433.6,12212
2019-06-23T19:00+02:00,1688.4,354.1,9750.9,15.1,336.9,11990.4
2019-06-23T20:00+02:00,1688.5,349.3,10375.8,14,291.5,11939.8
2019-06-23T21:00+02:00,1685.3,350.6,10193,13,238.2,11871.8
2019-06-23T22:00+02:00,1684.3,351.3,9914.6,13.4,344.4,12055
2019-06-23T23:00+02:00,1681.4,350,8717.7,11.6,235.3,11784.8
2019-06-24T00:00+02:00,1655.3,354,6877.5,10.4,183.3,11308.4
2019-06-24T01:00+02:00,1654.2,355.5,6230.4,9.3,125.8,10913.8
2019-06-24T02:00+02:00,1654.1,351.8,6176.1,9.7,142.5,10919.2
2019-06-24T03:00+02:00,1651.8,358.7,6171.8,9.6,124,11014.5
2019-06-24T04:00+02:00,1648.8,361.4,6678.7,9.3,112.8,10965.7
2019-06-24T05:00+02:00,1645.3,362.4,7188.3,8.7,92.4,11129.8
2019-06-24T06:00+02:00,1649.3,360.2,11112.3,8.7,116.3,11990.4
2019-06-24T07:00+02:00,1656,358.7,13837,8.6,132.7,13152.5
2019-06-24T08:00+02:00,1653.8,358.7,14339.2,8.2,127,13455.3
2019-06-24T09:00+02:00,1651.8,353,14232.7,7.8,177.8,13516.6
2019-06-24T10:00+02:00,1649.5,354,13934.8,7.5,211,13560.6
2019-06-24T11:00+02:00,1640.6,353,13966.3,7,193.8,13491.1
2019-06-24T12:00+02:00,1641.1,350.6,13790.1,6.8,242.6,13562.2
2019-06-24T13:00+02:00,1638,350.7,13344.2,6.6,189.2,13458.7
2019-06-24T14:00+02:00,1631.9,341.6,13242.5,6.5,206.9,13423.9
2019-06-24T15:00+02:00,1632.2,352.2,13103.8,6.5,320.4,13386
2019-06-24T16:00+02:00,1629.8,350.9,13186.8,7.5,354.9,13373.8
2019-06-24T17:00+02:00,1628.8,352.3,13622.4,7.2,438.8,13419.5
2019-06-24T18:00+02:00,1626.8,352.9,13559.2,7.4,476.2,13212.9
2019-06-24T19:00+02:00,1627.1,354.8,13641.5,7.5,503,13189.9
2019-06-24T20:00+02:00,1615.2,350.9,13387.7,6.2,486.1,13086.6
2019-06-24T21:00+02:00,1612.3,348.4,12526.4,6.6,550.7,12906.4
2019-06-24T22:00+02:00,1611.7,352.5,11579.7,7.3,519.4,12600.5
2019-06-24T23:00+02:00,1611.1,349.2,9227.8,7.1,530.8,12010.1
2019-06-25T00:00+02:00,1592.2,351.9,7440.6,10.5,590.7,11452.5
2019-06-25T01:00+02:00,1594.2,355.4,6588.4,11.2,663.6,11175.2
2019-06-25T02:00+02:00,1598.4,359.1,6400.6,11.3,690.2,11021
2019-06-25T03:00+02:00,1602.8,359.4,6287.3,11.1,649.4,10840.8
2019-06-25T04:00+02:00,1604.7,360.2,6464.9,12.3,693.1,10797.1
2019-06-25T05:00+02:00,1610,358.9,7840.6,12.6,722.1,11151.6
2019-06-25T06:00+02:00,1623.5,361.8,11821,11.9,660.9,11961.2
2019-06-25T07:00+02:00,1645.3,362.4,14031.7,13.2,656.4,13027.5
2019-06-25T08:00+02:00,1639.8,358.8,14747.9,13.6,647.8,13475.4
2019-06-25T09:00+02:00,1646.9,361.3,15049.8,12.6,600.3,13558.9
2019-06-25T10:00+02:00,1650.5,360.4,15179.6,16.1,538.3,13544
2019-06-25T11:00+02:00,1655.8,359.7,15428.2,20.6,514.7,13705.6
2019-06-25T12:00+02:00,1653.4,357.9,15201.3,21,473.6,13624.6
2019-06-25T13:00+02:00,1649.8,363.5,14998.2,21.1,454,13520.4
2019-06-25T14:00+02:00,1648.2,355.6,15010.7,21.3,432.5,13533
2019-06-25T15:00+02:00,1648,360.1,14963.8,21.2,445.5,13597.6
2019-06-25T16:00+02:00,1649.9,351.6,14664.3,21.1,390.5,13505.6
2019-06-25T17:00+02:00,1651.9,344.8,15252.8,21,373.7,13509.2
2019-06-25T18:00+02:00,1651.8,353.6,15114.6,20.8,382.8,13370.4
2019-06-25T19:00+02:00,1652.3,345.3,14948.4,20.6,367.9,13276.3
2019-06-25T20:00+02:00,1649.4,349.3,14077.2,20.3,383.8,13162.5
2019-06-25T21:00+02:00,1642.1,353.5,13353.8,20,395.5,12967.7
2019-06-25T22:00+02:00,1636.1,352.8,12758.9,20.4,423.5,12655.2
2019-06-25T23:00+02:00,1638.6,350.3,11430.1,19.9,409.2,12196.2
2019-06-26T00:00+02:00,1638,351.5,10255.8,12.2,305.5,11511.6
2019-06-26T01:00+02:00,1635.2,353.4,10115.7,11.4,281.4,11236.5
2019-06-26T02:00+02:00,1626.5,358.5,10051.9,11.1,275.4,11076.2
2019-06-26T03:00+02:00,1621,355.1,9717.1,11,252.9,10935.8
2019-06-26T04:00+02:00,1619,352.2,9273.2,10.8,259,10788.6
2019-06-26T05:00+02:00,1618.4,352,10439.6,10.6,238.1,10994.6
2019-06-26T06:00+02:00,1613.2,355.5,12940.1,10.1,220.5,11858.8
2019-06-26T07:00+02:00,1622.4,353.3,14329.4,10.1,219.3,12763.7
2019-06-26T08:00+02:00,1620,348.8,14780,10.1,243.1,13260.6
2019-06-26T09:00+02:00,1612,354.5,14551.4,10.2,272.3,13435.7
2019-06-26T10:00+02:00,1611.9,353.2,14639.8,10.6,340.1,13437.7
2019-06-26T11:00+02:00,1611.5,350.7,14437.1,11,398,13364.3
2019-06-26T12:00+02:00,1607.6,354.4,14224.4,10.8,453.7,13355.6
2019-06-26T13:00+02:00,1607.2,354.8,13294.9,11.1,543.5,13253.2
2019-06-26T14:00+02:00,1604.8,347.3,12795,12.1,643.6,13141.9
2019-06-26T15:00+02:00,1605.4,348.8,12344.6,12.8,736.4,13112.5
2019-06-26T16:00+02:00,1605.2,349.7,11577,12.5,682.1,12984.4
2019-06-26T17:00+02:00,1605.1,350.1,11801.1,13.8,785.6,12962.7
2019-06-26T18:00+02:00,1604.5,347.2,11515.1,13.5,726.7,12667.3
2019-06-26T19:00+02:00,1604.5,350.6,11174.1,14,751.9,12645.6
2019-06-26T20:00+02:00,1602.4,351.7,10496.7,13.3,706.2,12513.8
2019-06-26T21:00+02:00,1598.7,350.5,9559,13.4,776.6,12443.2
2019-06-26T22:00+02:00,1592.7,353.3,8544.3,12.6,688.9,12101.3
2019-06-26T23:00+02:00,1587,354.9,7488.4,12.8,695.2,11848.5
2019-06-27T00:00+02:00,1568.6,354.7,6614.6,13.3,705.4,11235
2019-06-27T01:00+02:00,1562.6,355.4,6408.7,14.2,808.4,11070
2019-06-27T02:00+02:00,1554.5,357.2,6113.6,14.1,824.6,10919.1
2019-06-27T03:00+02:00,1543,357.3,5717.5,13,777,10646.6
2019-06-27T04:00+02:00,1540.5,358.4,5613.5,12,740.8,10484.4
2019-06-27T05:00+02:00,1538.2,358.9,6331.2,12.2,859.7,10981.9
2019-06-27T06:00+02:00,1536.3,360.4,8272.1,9.7,663.9,11675.3
2019-06-27T07:00+02:00,1539.9,360.3,10485.7,11.1,708.5,12840.7
2019-06-27T08:00+02:00,1540.5,362.5,11318.4,9.6,601.6,13223.9
2019-06-27T09:00+02:00,1541.9,355.4,11841.7,8.6,539.8,13341.8
2019-06-27T10:00+02:00,1528.2,362,11992.6,9.1,570.3,13268.2
2019-06-27T11:00+02:00,1523.1,365,11883,9,549.7,13168.4
2019-06-27T12:00+02:00,1519.5,362.4,11642.1,9.5,588.5,13028.2
2019-06-27T13:00+02:00,1514.3,361,11640.3,8.8,605.6,13072.4
2019-06-27T14:00+02:00,1505.6,358.6,11416.8,8,604.2,13034.1
2019-06-27T15:00+02:00,1500.2,356.1,10708.5,8.7,669.7,12885.7
2019-06-27T16:00+02:00,1499.2,346.4,10935.1,8.1,606.6,12808.4
2019-06-27T17:00+02:00,1499.6,351.5,11349.6,8.4,594.3,12824.4
2019-06-27T18:00+02:00,1499.8,349.1,11479.6,8.6,572.5,12729.4
2019-06-27T19:00+02:00,1496.1,348.5,11662.5,9.2,567.4,12634.1
2019-06-27T20:00+02:00,1495.9,353.7,11479.5,8.7,522.2,12614.3
2019-06-27T21:00+02:00,1496.2,357.6,11050.8,9.1,517.6,12603.7
2019-06-27T22:00+02:00,1490.4,371.2,10736.4,9.3,527.9,12409.5
2019-06-27T23:00+02:00,1489,373,9150.9,9.8,526.6,12147.3
2019-06-28T00:00+02:00,1472.9,371.9,8762.5,10.4,592.9,11650.4
2019-06-28T01:00+02:00,1475.1,370.2,8324.8,9.6,485.2,11180.9
2019-06-28T02:00+02:00,1473.8,370.2,8233.3,9.7,468.1,10993.3
2019-06-28T03:00+02:00,1472.4,372,8194.2,9,494.8,10907.9
2019-06-28T04:00+02:00,1473.2,375.5,8353.8,8.9,515.8,10999.3
2019-06-28T05:00+02:00,1474.4,373.6,9838.8,10.8,671.1,11330
2019-06-28T06:00+02:00,1475.2,372.1,11706.2,10,570.5,11859.1
2019-06-28T07:00+02:00,1477.7,375.5,13070.2,10.1,573.3,12789.7
2019-06-28T08:00+02:00,1471.2,366.3,13774.5,10.6,654.6,13355
2019-06-28T09:00+02:00,1470,365.6,13577.5,11.6,745.6,13574.8
2019-06-28T10:00+02:00,1466.6,368.6,13451.2,11.4,722.3,13570.4
2019-06-28T11:00+02:00,1465.1,364.9,13358.6,11.5,716.2,13434
2019-06-28T12:00+02:00,1465.5,349.9,13361.8,9.5,719.8,13346.1
2019-06-28T13:00+02:00,1462.9,348.9,13022.8,12.6,805.9,13336.8
2019-06-28T14:00+02:00,1462.2,349.1,12680.5,10,798.7,13096.9
2019-06-28T15:00+02:00,1461.3,341,12262.8,11.8,824.6,12964.2
2019-06-28T16:00+02:00,1459.1,338.2,11869.4,12,834.7,12802.8
2019-06-28T17:00+02:00,1459,351,12067,12.4,906.6,12755
2019-06-28T18:00+02:00,1460.8,348.1,12136.8,12.3,949,12752.3
2019-06-28T19:00+02:00,1461.1,355.7,12286.1,12.2,938.9,12693.6
2019-06-28T20:00+02:00,1460.2,353.9,11820.3,12.2,925.5,12460.4
2019-06-28T21:00+02:00,1459.9,355.8,10812.9,12.3,924.5,12204.3
2019-06-28T22:00+02:00,1454.2,353.2,10171.3,12.2,906.3,12009.3
2019-06-28T23:00+02:00,1455.2,352.5,9702.1,12.4,949.7,11974.1
2019-06-29T00:00+02:00,1396.4,353.1,8998.9,9.3,826.2,11255.1
2019-06-29T01:00+02:00,1391.6,347.7,8087.2,9.2,822,10859.5
2019-06-29T02:00+02:00,1385.2,342.4,7667.6,9.2,801.7,10700.5
2019-06-29T03:00+02:00,1380.1,342.3,7209.1,9.5,815.5,10663.7
2019-06-29T04:00+02:00,1381.7,342.1,6990.3,9.2,777.5,10480.6
2019-06-29T05:00+02:00,1382.2,338.8,6924.9,9.2,739.2,10401.1
2019-06-29T06:00+02:00,1382.2,328.4,6765.3,9.4,771.2,10618.7
2019-06-29T07:00+02:00,1386.6,330.1,8015.1,9.1,703.9,10904.4
2019-06-29T08:00+02:00,1386.8,336.6,8620.6,9,678.8,11465.3
2019-06-29T09:00+02:00,1385.3,352.2,9025.3,8.9,659.6,11946.5
2019-06-29T10:00+02:00,1384.1,354.5,8913.5,8.4,615.7,12098.3
2019-06-29T11:00+02:00,1381.6,345.9,9010.1,7.6,583,12151.2
2019-06-29T12:00+02:00,1382.6,348.6,8929.5,5.8,555.6,12034.3
2019-06-29T13:00+02:00,1382.8,351.2,7782,3,525.4,11908.9
2019-06-29T14:00+02:00,1385.3,348.4,7625.4,3.1,538.6,11997.6
2019-06-29T15:00+02:00,1384,347.6,7762.1,2.8,473.7,11885.9
2019-06-29T16:00+02:00,1385.4,348.5,8641.9,2.7,409.6,11850.8
2019-06-29T17:00+02:00,1379.3,348.7,9817.3,2.6,380.3,11986.6
2019-06-29T18:00+02:00,1379.6,348.1,10893.6,2.5,335.1,11918.2
2019-06-29T19:00+02:00,1381.8,348.9,10928.2,2.4,263.5,11843.8
2019-06-29T20:00+02:00,1382.5,348.3,10326.6,2.5,268.4,11696.5
2019-06-29T21:00+02:00,1383.9,345.9,10167.2,2.2,251.3,11627.3
2019-06-29T22:00+02:00,1379.2,346.6,9838.2,2.2,235.2,11366.5
2019-06-29T23:00+02:00,1380,349.6,9319.2,2.3,204.2,11279
2019-06-30T00:00+02:00,1373.2,349.7,8412.8,2.5,229.4,11099.9
2019-06-30T01:00+02:00,1346.6,349.6,7394.5,2.5,215.4,10748.8
2019-06-30T02:00+02:00,1332.4,351.3,6985.6,3,211.6,10570.8
2019-06-30T03:00+02:00,1319.7,351.2,6229.7,3.3,279.1,10489.4
2019-06-30T04:00+02:00,1318.2,351.5,5425.5,4.4,386.4,10395.8
2019-06-30T05:00+02:00,1317.3,348.2,5154.6,4,343.9,10189.9
2019-06-30T06:00+02:00,1319.1,350.1,5458.8,4,429.4,10284.3
2019-06-30T07:00+02:00,1320.3,350.6,5761.3,3.9,511.3,10554.9
2019-06-30T08:00+02:00,1327.6,349.6,6059.8,4.6,603.4,10855.5
2019-06-30T09:00+02:00,1338.7,350.7,6576.5,3.2,551.9,11090.7
2019-06-30T10:00+02:00,1350.2,352.9,6712.5,4.1,623.1,11219
2019-06-30T11:00+02:00,1359.1,351,6966.1,5,672.9,11768.7
2019-06-30T12:00+02:00,1368.5,350.7,6933.8,5.7,697.3,11813.2
2019-06-30T13:00+02:00,1371.9,350.6,6769.8,5.5,667.2,11798.1
2019-06-30T14:00+02:00,1372,351,6644.9,6.2,802.4,11930.4
2019-06-30T15:00+02:00,1376,350.6,7378.6,4.8,695.5,11673.4
2019-06-30T16:00+02:00,1374,351.9,7041.7,4.4,684.2,11729.6
2019-06-30T17:00+02:00,1385.9,350.7,7281.7,4.1,720.2,11815.6
2019-06-30T18:00+02:00,1383.1,349.9,8325.5,5.3,666.1,11770.5
2019-06-30T19:00+02:00,1387.8,350.7,8541,7.2,818.5,11853.7
2019-06-30T20:00+02:00,1389.2,349.5,8672,8.8,882.3,11907.5
2019-06-30T21:00+02:00,1392,349.4,8671.1,9.1,870.4,11768.4
2019-06-30T22:00+02:00,1387.1,350.4,8187,9.5,934.7,11677.2
2019-06-30T23:00+02:00,1379.5,349.5,7861.7,8.8,879,11190.2
2019-07-01T00:00+02:00,1375.6,351.3,7020.8,8.9,932.5,10801.6
2019-07-01T01:00+02:00,1374.6,349.6,6437.9,9.1,952.8,10562.6
2019-07-01T02:00+02:00,1375.3,351.4,6398.4,8.1,840.8,10524.5
2019-07-01T03:00+02:00,1377,348.3,6467.9,5.4,679.2,10578.1
2019-07-01T04:00+02:00,1380,349.8,6636.2,4.6,566.5,10342.5
2019-07-01T05:00+02:00,1388.4,349.6,7238.4,3.8,461.2,10327.8
2019-07-01T06:00+02:00,1399.5,348,9529.5,4.2,460.4,10905.2
2019-07-01T07:00+02:00,1419.2,347.6,11570.7,4.5,492.1,11979.5
2019-07-01T08:00+02:00,1438.6,346.1,12282.8,4.8,525.1,12598.2
2019-07-01T09:00+02:00,1456.9,341.7,12039.7,4.6,554,12865.1
2019-07-01T10:00+02:00,1453.3,343.7,12120.6,5.1,535.1,13034.5
2019-07-01T11:00+02:00,1458.9,346.6,11728.5,6.4,587.3,12999.3
2019-07-01T12:00+02:00,1462.2,340.8,11289.9,7.5,569,12953.4
2019-07-01T13:00+02:00,1471.8,347.1,10726.3,7.5,523.2,12874.5
2019-07-01T14:00+02:00,1473.1,350.3,10294.3,7.5,551.1,12929.7
2019-07-01T15:00+02:00,1470.2,344.1,10748.4,8.1,599.4,12946.1
2019-07-01T16:00+02:00,1474.3,342.4,10524,8.3,587.1,12790.6
2019-07-01T17:00+02:00,1474.8,342.4,11074,9.3,701.1,12849
2019-07-01T18:00+02:00,1477.7,345.6,11384.9,9,674.1,12603.4
2019-07-01T19:00+02:00,1474.7,344.1,11065.1,9.4,697.4,12511.2
2019-07-01T20:00+02:00,1471.2,348.4,10673.9,10.2,734,12312
2019-07-01T21:00+02:00,1472.2,351.4,10398.9,9.1,705.3,12145
2019-07-01T22:00+02:00,1469.7,344.8,9601.6,9.4,691.1,11766.8
2019-07-01T23:00+02:00,1461.6,346.8,8489,9.5,673.6,11432.2
2019-07-02T00:00+02:00,1523.1,344.1,8253.1,9.5,695.5,11220.5
2019-07-02T01:00+02:00,1519.2,342.4,7781.5,10.6,743.5,11002.1
2019-07-02T02:00+02:00,1513.5,344.9,7540.3,11.5,767.4,10887.8
2019-07-02T03:00+02:00,1511.3,345.8,7245.2,12.7,794.6,10860.1
2019-07-02T04:00+02:00,1507.3,344,7011.6,13.8,822.8,10775.6
2019-07-02T05:00+02:00,1504.9,342,7890.4,14.2,820.1,10967
2019-07-02T06:00+02:00,1502.7,349.1,9308.7,14.1,804.2,11737
2019-07-02T07:00+02:00,1502,351.9,10640.1,14.9,858.2,12811
2019-07-02T08:00+02:00,1486.1,346,11226.3,15,858.6,12968.2
2019-07-02T09:00+02:00,1478.4,341.3,11868.2,15.1,885,13360.4
2019-07-02T10:00+02:00,1475.5,345,12012.8,14.2,804.5,13248.3
2019-07-02T11:00+02:00,1472.4,347.6,12027.7,15.6,874.7,13212.5
2019-07-02T12:00+02:00,1470.3,349.5,11746.1,15.3,878,13260.4
2019-07-02T13:00+02:00,1471.3,349,11743.9,16.1,957.1,13235.6
2019-07-02T14:00+02:00,1482.4,347.5,11640.3,16.2,955.8,13177.6
2019-07-02T15:00+02:00,1477.3,348.4,11110.2,15.8,918.6,13112.4
2019-07-02T16:00+02:00,1478.8,350.5,11046.5,15.6,926.7,13127
2019-07-02T17:00+02:00,1480.2,347.2,11412.9,15.4,896.6,12930.1
2019-07-02T18:00+02:00,1478.2,350.3,11349.3,15.5,878.8,12530.1
2019-07-02T19:00+02:00,1473.9,350.6,11631.5,16.1,917.8,12516
2019-07-02T20:00+02:00,1475.8,352.6,11770,15.6,836.1,12377.1
2019-07-02T21:00+02:00,1472.5,348.8,11887.7,15,823.2,12332.5
2019-07-02T22:00+02:00,1470.5,347.8,11752.4,14.4,821.5,12280.1
2019-07-02T23:00+02:00,1465.9,351.1,10694.4,14.4,776.6,11953.1
2019-07-03T00:00+02:00,1419.1,333.4,9336.4,17.5,782.9,11490.7
2019-07-03T01:00+02:00,1422.8,333.3,8870.8,17.7,762.2,11198.4
2019-07-03T02:00+02:00,1421.9,331.9,8683.8,14.5,693.1,11001.9
2019-07-03T03:00+02:00,1427,334.6,8409.5,15.5,708.5,10873.4
2019-07-03T04:00+02:00,1422.8,331.9,8533.6,16.2,706.4,10665.8
2019-07-03T05:00+02:00,1426,334.7,9638.5,16.6,744.4,10942.9
2019-07-03T06:00+02:00,1424.8,329.6,11825.6,17.6,810.6,11853
2019-07-03T07:00+02:00,1435.3,332.3,13074.9,17.8,778.4,12823.5
2019-07-03T08:00+02:00,1435.2,327.9,13660.8,17.9,796.8,13274.7
2019-07-03T09:00+02:00,1439.4,324.4,13700.6,15.6,784.4,13428
2019-07-03T10:00+02:00,1438.8,332.1,13517.7,17.9,765.6,13374.4
2019-07-03T11:00+02:00,1440.6,330.5,13339.1,17.9,813.2,13359.9
2019-07-03T12:00+02:00,1434.9,332.9,12638,14.9,838.4,13260.8
2019-07-03T13:00+02:00,1440.8,332.8,12199.1,15,896.3,13218.7
2019-07-03T14:00+02:00,1441.6,334.6,11925.4,15,908,13197.9
2019-07-03T15:00+02:00,1442.6,332.6,12040.3,15.6,930.3,13159.6
2019-07-03T16:00+02:00,1442.9,329.1,12284,18,925.7,13369.7
2019-07-03T17:00+02:00,1444.3,332.5,12539.2,17.8,895.5,13251.7
2019-07-03T18:00+02:00,1442.4,333.6,12588.7,17.5,832.7,13120.1
2019-07-03T19:00+02:00,1441.7,333.8,12532.4,16.8,762.2,13190.5
2019-07-03T20:00+02:00,1442.7,333.1,12533.9,14.8,737.7,13148.9
2019-07-03T21:00+02:00,1439.4,332.8,12727.8,14.2,619.6,12954.7
2019-07-03T22:00+02:00,1436.4,332.3,12200.1,14.9,571.8,12808
2019-07-03T23:00+02:00,1429.2,333,11203.6,15.6,638.7,12515.3
2019-07-04T00:00+02:00,1443.5,333.1,10046.9,12.4,508.7,11851.8
2019-07-04T01:00+02:00,1431.4,333.2,9676.2,12.3,444.9,11523.5
2019-07-04T02:00+02:00,1425.5,332.4,9345.9,11.7,396.6,11384.5
2019-07-04T03:00+02:00,1419.8,333,9504.8,11.6,382.9,11379
2019-07-04T04:00+02:00,1417.9,339,9584.9,11.4,332.2,11186.1
2019-07-04T05:00+02:00,1417.5,333.5,10453.4,11.3,412.6,11155.6
2019-07-04T06:00+02:00,1417.7,338,11997.9,10.7,517.8,11976
2019-07-04T07:00+02:00,1426.8,333.5,13143.8,11,571.1,12934.8
2019-07-04T08:00+02:00,1425.5,333.6,13390.5,10.8,561.8,13402.9
2019-07-04T09:00+02:00,1417.8,331.8,13367.6,5.8,523.7,13484.4
2019-07-04T10:00+02:00,1426.4,334.1,13402.8,5.8,489.2,13535.1
2019-07-04T11:00+02:00,1421.3,332.4,13101.9,6.5,531.3,13556.7
2019-07-04T12:00+02:00,1425.2,332.4,12805.6,6.2,488.2,13450.8
2019-07-04T13:00+02:00,1424.4,334.9,12564.5,6.9,524.8,13363.9
2019-07-04T14:00+02:00,1426,328.2,12561.5,7.3,504.1,13486.4
2019-07-04T15:00+02:00,1424.9,329,12533,7.7,470.3,13245.5
2019-07-04T16:00+02:00,1422.6,327.1,12449.2,9.1,423.1,13137.9
2019-07-04T17:00+02:00,1422.2,336.1,12661.6,10.2,480.9,13040.5
2019-07-04T18:00+02:00,1419.2,336.6,12711.8,11.2,513.7,12854.3
2019-07-04T19:00+02:00,1417.1,331.2,12568.7,9.3,482.4,12711.6
2019-07-04T20:00+02:00,1417.3,334.1,12500,10.5,514.6,12706.6
2019-07-04T21:00+02:00,1414.5,333.4,11956.7,8.8,437.9,12560.2
2019-07-04T22:00+02:00,1415.4,335,11368.6,15.8,439.5,12375.7
2019-07-04T23:00+02:00,1411.9,335.5,10316.9,14.8,409,12054.4
2019-07-05T00:00+02:00,1372.9,328.1,8732.3,17.3,393.2,11693.6
2019-07-05T01:00+02:00,1359.4,324,8538.2,19,466.6,11505.1
2019-07-05T02:00+02:00,1353.5,332.1,8355.8,16.5,445.4,11314.7
2019-07-05T03:00+02:00,1348.1,332.1,8612.7,18.3,521.8,11506.3
2019-07-05T04:00+02:00,1345.3,335.9,8901,16,468.7,11164.7
2019-07-05T05:00+02:00,1343.9,334.4,9917.4,17.5,508.1,11641.5
2019-07-05T06:00+02:00,1336.7,334.5,11940.1,15.3,393.8,12211.4
2019-07-05T07:00+02:00,1334.2,333.4,13043.6,13.3,318.1,12947.3
2019-07-05T08:00+02:00,1332,326.1,13466,16,454.8,13501.2
2019-07-05T09:00+02:00,1328.2,325.8,13553.7,16.8,407.4,13598.2
2019-07-05T10:00+02:00,1329.4,326.3,13624,14.8,334.2,13508.7
2019-07-05T11:00+02:00,1329.1,326.3,13533.9,14.5,346.6,13471
2019-07-05T12:00+02:00,1323.8,327.8,13512.1,12.8,338,13407.7
2019-07-05T13:00+02:00,1315.8,324.8,13020.9,14.1,421.5,13249.9
2019-07-05T14:00+02:00,1312.4,325.9,12797.3,12.6,410,13140.4
2019-07-05T15:00+02:00,1312.3,324.9,12913.7,13.4,460.3,13170.7
2019-07-05T16:00+02:00,1309.8,321.2,13042.2,13,422.3,12995.1
2019-07-05T17:00+02:00,1306.6,326.2,13244,6.5,393.3,12826
2019-07-05T18:00+02:00,1294.7,324.6,13305.9,6.2,361.7,12719.2
2019-07-05T19:00+02:00,1290.5,340,13290.8,6,319.9,12614.1
2019-07-05T20:00+02:00,1287.3,335.7,13013,5.5,273.5,12533.1
2019-07-05T21:00+02:00,1284.7,347.3,12818.7,5.4,233.2,12356.9
2019-07-05T22:00+02:00,1283.2,348.6,12193.8,5.2,172.9,12082.1
2019-07-05T23:00+02:00,1276,350.8,11205.6,5,108.2,11992.7
2019-07-06T00:00+02:00,1217.1,330.6,10784.1,5.8,125.5,11607.8
2019-07-06T01:00+02:00,1206.9,331.3,10269.4,6.3,128.1,11299.5
2019-07-06T02:00+02:00,1201.6,331.1,9707.7,6.5,115.6,11107.5
2019-07-06T03:00+02:00,1195.5,330.3,9755.9,7,146.8,11057.5
2019-07-06T04:00+02:00,1190.1,334.1,9526.4,7.5,177.7,10929.5
2019-07-06T05:00+02:00,1188.2,334.7,9800.2,7.9,201.1,10902.9
2019-07-06T06:00+02:00,1184.9,332.8,9840.1,8,212.7,10615.4
2019-07-06T07:00+02:00,1187.3,328.4,10361.5,6.3,192.7,10892.3
2019-07-06T08:00+02:00,1192.3,332.8,11234.4,5.8,230.7,11271
2019-07-06T09:00+02:00,1190.8,331.4,11409.3,5.7,201.3,11685.3
2019-07-06T10:00+02:00,1195,333.7,10798.6,9.9,292.1,12009.8
2019-07-06T11:00+02:00,1198.9,336.8,9727.7,10.2,267.8,11998.1
2019-07-06T12:00+02:00,1201.1,334.4,8967.1,10.3,350.6,11984.3
2019-07-06T13:00+02:00,1200.4,336.4,8747.3,10.4,397.3,11986.1
2019-07-06T14:00+02:00,1200.5,335.3,8745.5,10.7,483.9,11951.2
2019-07-06T15:00+02:00,1198.1,330.3,8515.3,12.7,633.7,12021.7
2019-07-06T16:00+02:00,1196.5,333.8,9042.3,11.3,661.8,12106.7
2019-07-06T17:00+02:00,1196.8,331.3,10313.2,11.1,711.5,12363.1
2019-07-06T18:00+02:00,1194.1,333.6,10439.9,10.8,694.7,12375.7
2019-07-06T19:00+02:00,1189.8,333.2,10620.2,10.3,663.1,12186.7
2019-07-06T20:00+02:00,1186.7,333.2,10104.9,9.4,625.4,11992.7
2019-07-06T21:00+02:00,1185.2,332,9966.9,7,532.2,11738
2019-07-06T22:00+02:00,1184.3,329.6,10314.4,5.9,513.6,11668.2
2019-07-06T23:00+02:00,1179.5,326.2,9552.2,7.7,518.1,11623.2
2019-07-07T00:00+02:00,1149.5,329.7,7900.5,5.5,552,11336.9
2019-07-07T01:00+02:00,1141,332.8,6837.8,4.9,514,11059.4
2019-07-07T02:00+02:00,1136.5,327.1,6189.5,4.5,492.1,10863.5
2019-07-07T03:00+02:00,1135.7,327.2,5475.8,3.6,455.5,10732
2019-07-07T04:00+02:00,1135,326.1,5311,3.5,435.3,10639
2019-07-07T05:00+02:00,1133.4,320.4,5646.8,3.3,409.2,10561.3
2019-07-07T06:00+02:00,1128.8,324,6089.9,3,392.4,10613.9
2019-07-07T07:00+02:00,1129.1,328.8,6457.3,2.7,379.8,10822.5
2019-07-07T08:00+02:00,1130.3,325.8,7339,1.9,400.5,11348.5
2019-07-07T09:00+02:00,1126,321.6,8365,2.6,417,11836.8
2019-07-07T10:00+02:00,1123.7,319.3,8620,2.5,346.2,12007.2
2019-07-07T11:00+02:00,1122.5,318.8,8599.1,2.9,393.5,12159.6
2019-07-07T12:00+02:00,1120.1,322.7,8224.9,2.5,375,12044.5
2019-07-07T13:00+02:00,1118.4,316.3,7847.8,2.9,345.5,11960.8
2019-07-07T14:00+02:00,1118.4,314.8,7212.6,3.1,352.4,11850.2
2019-07-07T15:00+02:00,1119,315.4,7141.2,2.8,316,11753.5
2019-07-07T16:00+02:00,1118,309.5,7538.2,3,329.6,11761
2019-07-07T17:00+02:00,1117.3,309.4,8513.9,3.1,324.6,11812.5
2019-07-07T18:00+02:00,1116.4,314.9,9612,3.9,387,11901.4
2019-07-07T19:00+02:00,1115,316.7,10733.5,4.1,390.2,11981.9
2019-07-07T20:00+02:00,1114.1,318.5,11182,6,445.9,12072
2019-07-07T21:00+02:00,1111.5,315.9,11950.1,4.5,368.3,11933
2019-07-07T22:00+02:00,1112,322,11236.6,4.4,340.2,11757.5
2019-07-07T23:00+02:00,1110.2,321.2,10132.2,4.4,332.6,11531.6
2019-07-08T00:00+02:00,1096.5,298.3,9639.5,6,378.5,11273.2
2019-07-08T01:00+02:00,1095.8,322.3,8870,6,362,10960.9
2019-07-08T02:00+02:00,1094.4,319.3,8479.4,6,325.9,10749.2
2019-07-08T03:00+02:00,1094.3,321.7,8574.6,5.9,335.2,10721.2
2019-07-08T04:00+02:00,1093.5,324.9,8325.9,4.4,313,10617.2
2019-07-08T05:00+02:00,1090.7,323.9,9291.9,4.6,327.1,10837
2019-07-08T06:00+02:00,1091.7,323.8,12547.5,5.2,336.3,11610.9
2019-07-08T07:00+02:00,1107.9,326.4,13560.8,5.8,333.8,12238.9
2019-07-08T08:00+02:00,1109.4,328.4,14313,6.2,343.9,12762.4
2019-07-08T09:00+02:00,1109.1,336.4,14592.8,5.4,356,13071.2
2019-07-08T10:00+02:00,1102,338.7,14605.3,4.7,332.2,13247.1
2019-07-08T11:00+02:00,1092.2,336.9,14112.2,3.3,313.1,13085.6
2019-07-08T12:00+02:00,1096.7,333,13963.3,3.3,327.7,13015.1
2019-07-08T13:00+02:00,1090.8,329.5,13545.6,2.5,331.8,12841.7
2019-07-08T14:00+02:00,1091,322.2,13602.8,2.2,338.9,12879
2019-07-08T15:00+02:00,1090.1,310,13879.2,1.6,345.9,12769.5
2019-07-08T16:00+02:00,1087.7,359.5,13909.9,2,353.2,12746.4
2019-07-08T17:00+02:00,1089.8,359.5,13956.3,2,333.9,12651.1
2019-07-08T18:00+02:00,1088,359.9,14272.2,2.4,347.9,12509.4
2019-07-08T19:00+02:00,1087.4,359.3,14114.8,1.9,319.2,12429
2019-07-08T20:00+02:00,1086.7,359.6,13934.1,1.9,303.4,12346.9
2019-07-08T21:00+02:00,1087.3,328.5,13433.8,1.7,305.1,12196.5
2019-07-08T22:00+02:00,1084.7,328,12488,1.7,315.8,11916.8
2019-07-08T23:00+02:00,1083.6,330.5,10788.1,1.8,291.2,11690.6
2019-07-09T00:00+02:00,1067,330.7,10073,2.9,326.9,11414.1
2019-07-09T01:00+02:00,1063.3,335.1,8904.7,2.5,299.6,11027.9
2019-07-09T02:00+02:00,1061.6,334.4,8659.2,2.4,265.7,10930.6
2019-07-09T03:00+02:00,1058,331.4,8690.6,2.4,240.2,10842.5
2019-07-09T04:00+02:00,1057.8,338,8857.2,2.7,249.6,10825.9
2019-07-09T05:00+02:00,1056.9,329.9,9885.2,2.4,177,10790.7
2019-07-09T06:00+02:00,1058.7,324.8,12388.8,2.3,169.5,11412.1
2019-07-09T07:00+02:00,1058.4,325.3,13689.1,2.2,149.5,12074
2019-07-09T08:00+02:00,1061,317.6,14435.3,2.1,151.5,12640.9
2019-07-09T09:00+02:00,1065.1,321.6,14797.1,2.3,159.8,12849.7
2019-07-09T10:00+02:00,1063.7,293.3,14652.7,1.9,135.9,12811.5
2019-07-09T11:00+02:00,1062.2,295.5,14763.3,1.9,113,12945.2
2019-07-09T12:00+02:00,1060.8,292,14868.9,1.9,120,12961.1
2019-07-09T13:00+02:00,1057.7,292.8,14246.2,1.9,128.8,12808.7
2019-07-09T14:00+02:00,1057.2,291.2,14000.2,1.9,141.2,12799.4
2019-07-09T15:00+02:00,1057.3,283.5,14327.1,1.8,138.1,12748.9
2019-07-09T16:00+02:00,1059.5,285.2,14012.2,1.8,146,12575.9
2019-07-09T17:00+02:00,1056,284.7,13967,1.8,149.3,12403.8
2019-07-09T18:00+02:00,1055,287.4,13873.7,1.8,198.9,12470.6
2019-07-09T19:00+02:00,1054.5,290.5,13510.3,3.7,215.9,12285
2019-07-09T20:00+02:00,1055,267.8,13326.8,3.5,206.1,12029.9
2019-07-09T21:00+02:00,1053.4,271.9,13310,3.3,182.8,11989.9
2019-07-09T22:00+02:00,1054.3,269.1,13164,3.3,195.5,11903.4
2019-07-09T23:00+02:00,1053.8,264,12396.6,3.2,178.6,11719.5
2019-07-10T00:00+02:00,1023.8,280.1,11293.4,2.5,182.5,11356.5
2019-07-10T01:00+02:00,1018.6,279.5,10414.2,2.3,172.6,11038.6
2019-07-10T02:00+02:00,1016.1,279.1,9704.4,2.9,189.7,10849.9
2019-07-10T03:00+02:00,1013.4,278.5,9499.9,1.2,131.1,10614.8
2019-07-10T04:00+02:00,1012.6,281.4,9557,2.1,165.8,10522.2
2019-07-10T05:00+02:00,1011.6,282.3,10263.7,1.9,162.9,10743.4
2019-07-10T06:00+02:00,1015.1,282,11825.8,1.9,136.9,11330.3
2019-07-10T07:00+02:00,1016.5,282.7,12846.8,1.6,86.7,11974.2
2019-07-10T08:00+02:00,1024.2,277,13505,1.4,77.1,12350.8
2019-07-10T09:00+02:00,1023.5,282.1,13856.3,1.3,73.7,12586.5
2019-07-10T10:00+02:00,1017.2,283.6,14030.8,1,64.2,12619.2
2019-07-10T11:00+02:00,1018.4,316.5,13880.1,1,55.6,12770.8
2019-07-10T12:00+02:00,1014.8,319.3,13553.1,1.1,56.3,12624.9
2019-07-10T13:00+02:00,1014.1,318.1,13381.9,1.1,61.7,12568.4
2019-07-10T14:00+02:00,1014.5,318.4,13371.8,1.1,62.3,12560.7
2019-07-10T15:00+02:00,1016.2,315.3,13237.4,1.7,74.8,12438.1
2019-07-10T16:00+02:00,1016.8,314.5,12951,1.3,62.6,12410.2
2019-07-10T17:00+02:00,1015.9,313.6,13426.3,3,105.2,12423.8
2019-07-10T18:00+02:00,1015.9,315.2,13201.4,2,61.9,12250.6
2019-07-10T19:00+02:00,1037,310.9,13380.9,1.5,44.9,12207.2
2019-07-10T20:00+02:00,1038.1,307.5,13275.9,1.6,51.3,12083.6
2019-07-10T21:00+02:00,1036,313,13417.9,1.6,43.2,11974.4
2019-07-10T22:00+02:00,1036,309.9,13275.7,1.6,40.9,11730.6
2019-07-10T23:00+02:00,1032.5,316.6,12529.5,1.6,41.5,11565.3
2019-07-11T00:00+02:00,1000,313.4,11590.3,1.6,43,11056.4
2019-07-11T01:00+02:00,989.9,317.3,11055.5,1.6,62.7,10832
2019-07-11T02:00+02:00,984.2,315.2,10759.1,1.6,64.7,10659.3
2019-07-11T03:00+02:00,978.2,318.7,10538.1,2.1,74.8,10573
2019-07-11T04:00+02:00,977.9,321.7,10426.7,1.3,48.2,10495.3
2019-07-11T05:00+02:00,976.9,320.1,11405.2,1.2,36.5,10566.7
2019-07-11T06:00+02:00,976.7,318.3,12508.2,1.6,39.8,11134.9
2019-07-11T07:00+02:00,975.8,324.1,13555.7,1.9,33.6,11809.9
2019-07-11T08:00+02:00,975.8,330.7,14183.8,1.9,43.1,12361.8
2019-07-11T09:00+02:00,979.6,330.5,14712.3,1.6,25.1,12627.5
2019-07-11T10:00+02:00,980.2,327.8,15044.4,2.4,47.6,12874
2019-07-11T11:00+02:00,979.4,292.2,15149.1,1.8,37.4,12860.6
2019-07-11T12:00+02:00,969.3,294.6,14852.1,2.1,46.6,12616.6
2019-07-11T13:00+02:00,968.4,305.3,14771.4,3.7,75.6,12648.7
2019-07-11T14:00+02:00,967,313.5,14637.7,4.5,92.2,12608
2019-07-11T15:00+02:00,973.7,317.4,14559.4,5.1,105.6,12559.2
2019-07-11T16:00+02:00,972.4,318.2,14135.3,6.3,125.2,12457.1
2019-07-11T17:00+02:00,971,319.1,13998.7,6.7,128.6,12329.2
2019-07-11T18:00+02:00,970.6,320.9,13771.8,6.7,117.8,12136.2
2019-07-11T19:00+02:00,971.3,318.4,13635.8,7,104.5,12061.6
2019-07-11T20:00+02:00,969.7,320.4,13430.1,6.2,105.6,11913.5
2019-07-11T21:00+02:00,968.5,321.2,13217.5,4.9,112.3,11786.7
2019-07-11T22:00+02:00,968.8,318.7,13053.8,4.3,107.6,11650.6
2019-07-11T23:00+02:00,968.5,322.6,12651.3,3.7,93.2,11419
2019-07-12T00:00+02:00,968.5,331.2,12834.9,3.2,74.4,11073.4
2019-07-12T01:00+02:00,967.3,331.1,12773.1,3.1,77.5,10819.6
2019-07-12T02:00+02:00,966.2,330.5,12385.5,2.7,62,10604.1
2019-07-12T03:00+02:00,965.8,334.3,12161.4,2.6,47.8,10475.9
2019-07-12T04:00+02:00,962.9,333.7,11764.2,2.3,42,10393.9
2019-07-12T05:00+02:00,962.8,333.5,12170.4,2.1,37.8,10464.4
2019-07-12T06:00+02:00,962.4,332.1,12815.7,1.7,34.4,11022.6
2019-07-12T07:00+02:00,961,336.1,13443.8,1.5,29.7,11713.3
2019-07-12T08:00+02:00,959,333.6,14065.8,1.4,29.4,12297
2019-07-12T09:00+02:00,958.1,332.5,14546.2,1,21,12556.3
2019-07-12T10:00+02:00,955.1,335.9,14837.7,1,24.5,12769.2
2019-07-12T11:00+02:00,951,335.6,14722.1,1.5,41.2,12762
2019-07-12T12:00+02:00,949.9,327.3,14572.5,1.2,37.1,12626
2019-07-12T13:00+02:00,945.4,329.8,14160,1.6,47.9,12475.4
2019-07-12T14:00+02:00,943.1,326.8,13842.6,3,80,12402
2019-07-12T15:00+02:00,931.3,324.8,13738.3,3.5,105.1,12201.6
2019-07-12T16:00+02:00,930.2,329.5,13502.1,4,132.4,11983.8
2019-07-12T17:00+02:00,928.6,328.4,13693.7,4.5,158,11945.3
2019-07-12T18:00+02:00,926.3,329.5,13605.2,4.4,159.6,11815.7
2019-07-12T19:00+02:00,920.8,329.7,13364.6,4.8,151.8,11691.7
2019-07-12T20:00+02:00,919.1,334,12547.9,4.2,142.7,11439
2019-07-12T21:00+02:00,921.3,324.3,12499.5,3.2,180.8,11363.5
2019-07-12T22:00+02:00,920,321.9,12307.4,2.7,199.1,11217.7
2019-07-12T23:00+02:00,919.5,322.6,11620.5,1.5,188.3,11101.9
2019-07-13T00:00+02:00,891.8,322.8,11393.6,1.2,152.6,10759.7
2019-07-13T01:00+02:00,883,324.6,10839.7,1.9,147.5,10347.5
2019-07-13T02:00+02:00,879.4,325.9,10081.9,1,123.5,10163
2019-07-13T03:00+02:00,875,321.2,9008.6,1,98.5,9927.6
2019-07-13T04:00+02:00,873.4,322.9,8907,1,101.2,9938.6
2019-07-13T05:00+02:00,873.4,284.1,8542,0.9,105.5,9820.4
2019-07-13T06:00+02:00,872.3,282.9,9874.3,0.8,104.5,10048.9
2019-07-13T07:00+02:00,874,286.4,10828.2,0.7,102.5,10299.7
2019-07-13T08:00+02:00,871.1,286.2,11991.8,0.5,104,10736.6
2019-07-13T09:00+02:00,869.9,285.8,12764.4,0.8,122.6,11232.1
2019-07-13T10:00+02:00,863.1,288.7,13092,1.1,187.6,11548.6
2019-07-13T11:00+02:00,861.5,286.8,12871.5,0.6,172,11740
2019-07-13T12:00+02:00,859.2,287.7,11769.6,0.7,197.3,11581
2019-07-13T13:00+02:00,859.1,287,10271.6,0.8,227.3,11383.3
2019-07-13T14:00+02:00,858.7,290.6,9015.4,0.8,263,11280.8
2019-07-13T15:00+02:00,859.3,328.5,8721.9,0.4,267.6,11187.9
2019-07-13T16:00+02:00,857.9,326.2,8764.5,0.4,287.1,11173.3
2019-07-13T17:00+02:00,856.3,326.6,9556.8,0.7,299.4,11076.8
2019-07-13T18:00+02:00,856.2,329.2,11126.9,0.4,319.2,11397.8
2019-07-13T19:00+02:00,855.6,330.2,12087.4,1.1,339.6,11414.8
2019-07-13T20:00+02:00,854.5,331.7,11661,0.9,301.7,11292.4
2019-07-13T21:00+02:00,853.9,333.5,11305.2,0.7,294.6,11074.5
2019-07-13T22:00+02:00,853.2,335.1,11743.9,0.7,302.7,10983.4
2019-07-13T23:00+02:00,853.7,334.6,11245.5,0.9,308.6,10919
2019-07-14T00:00+02:00,835.4,337.7,9321.2,0.8,290.5,10628.9
2019-07-14T01:00+02:00,828.2,340.1,7632.5,1.1,276.6,10290.4
2019-07-14T02:00+02:00,824.9,336.1,7075.4,0.8,230.4,10095.1
2019-07-14T03:00+02:00,820.5,340.3,6643.4,1.3,209.8,9949.3
2019-07-14T04:00+02:00,819.6,338.5,5989.9,0.9,187.2,9711
2019-07-14T05:00+02:00,818.4,336.8,5995.5,1.5,172.5,9652.6
2019-07-14T06:00+02:00,819.9,338.1,6588.6,0.9,158.1,9829.6
2019-07-14T07:00+02:00,820.6,339.5,7902.8,0.9,151.4,10252.2
2019-07-14T08:00+02:00,821.9,342.4,8971.8,0.9,147,10529.6
2019-07-14T09:00+02:00,823.6,339.4,10069.7,1.9,191.2,11207.4
2019-07-14T10:00+02:00,822.2,340.3,10427.7,1.6,210.6,11329.3
2019-07-14T11:00+02:00,821.6,342.5,10550.7,1.2,197.5,11373.1
2019-07-14T12:00+02:00,818.5,339.2,10318.9,2.1,258.8,11470.2
2019-07-14T13:00+02:00,820.4,338.1,9212.7,1.3,278.5,11402.5
2019-07-14T14:00+02:00,818.9,338.6,8615.8,1.3,303.7,11310.1
2019-07-14T15:00+02:00,818.5,335,8564,2.2,395.2,11205.6
2019-07-14T16:00+02:00,817.5,341.4,8470.3,1.1,335.6,11137.8
2019-07-14T17:00+02:00,819.1,340.2,9440.6,1,355.5,11302.2
2019-07-14T18:00+02:00,817.2,333.6,10758.6,1.6,409.4,11224.4
2019-07-14T19:00+02:00,816,335.8,11261.2,1.1,389.6,11208.7
2019-07-14T20:00+02:00,818.7,339.3,11922.6,1.5,430.7,11327.8
2019-07-14T21:00+02:00,817,340.2,11746.6,1.2,407.8,11304.6
2019-07-14T22:00+02:00,816.7,340.9,11601.4,1.5,449.1,11262.1
2019-07-14T23:00+02:00,815.8,338.5,10657.3,1.8,473.1,11030.7
2019-07-15T00:00+02:00,807.5,343.9,9097.5,0.7,423.5,10592
2019-07-15T01:00+02:00,805.1,345.2,8137.8,1,431.1,10326
2019-07-15T02:00+02:00,806.6,345.8,7845.6,1.1,421.2,10137.2
2019-07-15T03:00+02:00,804.3,347.3,7036.6,1.1,418.8,10167.2
2019-07-15T04:00+02:00,802.8,344.2,7056.9,1,420.5,10130.8
2019-07-15T05:00+02:00,804,344.2,8675.6,1.6,413.8,10308.5
2019-07-15T06:00+02:00,804.8,342.8,11737.7,1.2,416.6,10981.5
2019-07-15T07:00+02:00,817.6,342.6,12749.5,0.6,372.4,11624.1
2019-07-15T08:00+02:00,834.4,342.6,13474.5,0.2,334.1,12242.4
2019-07-15T09:00+02:00,830.6,341.8,13507.2,0.4,357.1,12347.9
2019-07-15T10:00+02:00,831.4,339.9,13835.4,0.3,368.2,12389.6
2019-07-15T11:00+02:00,831,339,13773.5,0.6,412.9,12575.4
2019-07-15T12:00+02:00,829,342.6,13443.5,0.1,403.8,12445.2
2019-07-15T13:00+02:00,829.4,340.1,13276,0.1,427.9,12283.6
2019-07-15T14:00+02:00,827,342.2,12087.7,0.6,521,12340.5
2019-07-15T15:00+02:00,826.7,340.2,12082.8,0.3,480.9,12404
2019-07-15T16:00+02:00,826.5,334,11609.3,0.6,462.5,12263.6
2019-07-15T17:00+02:00,827.9,354,12374.5,0.4,425.4,12182.9
2019-07-15T18:00+02:00,830,366.4,13151,0.6,401.1,12215.6
2019-07-15T19:00+02:00,831.8,365.3,13093.4,1.1,398.5,12137.6
2019-07-15T20:00+02:00,832,367.7,12483.1,1.5,399.3,11974.3
2019-07-15T21:00+02:00,831.2,363.5,12038.8,5.4,398.9,11672.5
2019-07-15T22:00+02:00,832.7,366.9,11764,5.3,383.6,11608.7
2019-07-15T23:00+02:00,831.4,365.7,10538.1,5.3,399.1,11237.9
2019-07-16T00:00+02:00,821.8,366.8,9072,5.3,413.2,10919.1
2019-07-16T01:00+02:00,822.6,361.4,7950.3,3.9,350.2,10509.1
2019-07-16T02:00+02:00,820.8,365.4,7536.8,7.7,400,10510
2019-07-16T03:00+02:00,821.6,364.1,7242.4,5.8,357.5,10402.3
2019-07-16T04:00+02:00,819.5,366.6,7104.1,4.4,292.1,10276.1
2019-07-16T05:00+02:00,823,364.7,8098.5,7.8,326.2,10273.2
2019-07-16T06:00+02:00,828.4,366.4,10617.4,3.2,244.6,10885
2019-07-16T07:00+02:00,836.9,366,11879.4,3.3,230.9,11666
2019-07-16T08:00+02:00,839.1,363.4,12421.6,2.5,206.5,12128.8
2019-07-16T09:00+02:00,837.9,363.9,12922.2,3.2,197.1,12390.2
2019-07-16T10:00+02:00,833.9,366.3,13125.5,1.5,184.6,12550.8
2019-07-16T11:00+02:00,834.1,351,13311,2.2,185.9,12550.7
2019-07-16T12:00+02:00,832.9,330.9,13144.4,1.4,169,12431.6
2019-07-16T13:00+02:00,832.1,331.8,13000.5,1.7,163,12306.1
2019-07-16T14:00+02:00,831.2,330.1,12672.7,1.7,153.2,12284.2
2019-07-16T15:00+02:00,830.1,332.3,12108.9,1.6,157.6,12123.9
2019-07-16T16:00+02:00,829.3,332.2,12029.7,2,146.3,11903.4
2019-07-16T17:00+02:00,828.9,366.2,12499.1,5,181.2,12047.7
2019-07-16T18:00+02:00,828.5,367.1,13010.5,5.2,201.5,11970.4
2019-07-16T19:00+02:00,827.6,364,12968.5,5.3,209.7,11913.4
2019-07-16T20:00+02:00,824.9,365.1,12891.3,5.5,213.3,11755.6
2019-07-16T21:00+02:00,823.7,363.9,12972.9,5.7,192.2,11612.6
2019-07-16T22:00+02:00,824.1,366.9,12790,5.4,186.7,11571.7
2019-07-16T23:00+02:00,821.2,342.7,12593.4,3,142.7,11256
2019-07-17T00:00+02:00,818.7,345.4,11827.9,2.9,129.4,10804.6
2019-07-17T01:00+02:00,817.5,345.7,10894.3,3.4,122,10398.6
2019-07-17T02:00+02:00,817.3,344.8,10417.8,6,167.4,10087.1
2019-07-17T03:00+02:00,816.4,345.5,9937.5,2.9,141.4,9917.1
2019-07-17T04:00+02:00,816.8,339.4,10194.1,6,173.9,9978.5
2019-07-17T05:00+02:00,816.1,344.7,10661.8,6,153.6,9963.9
2019-07-17T06:00+02:00,818.4,344.4,12075.4,5.5,129.1,10478.9
2019-07-17T07:00+02:00,821.4,346.5,13183.2,4.8,121.2,11188.5
2019-07-17T08:00+02:00,820,346.6,13821,5,128.4,11691
2019-07-17T09:00+02:00,821.3,345.9,14233.6,3.8,139.1,12077.1
2019-07-17T10:00+02:00,819.1,344.8,14391.3,4.4,159,12251.2
2019-07-17T11:00+02:00,818.7,342.2,14279.7,5.3,156.7,12157.8
2019-07-17T12:00+02:00,818.4,345.9,14217.1,6.7,183.9,12110.7
2019-07-17T13:00+02:00,819,342.4,14189.1,7.9,210.1,12148.1
2019-07-17T14:00+02:00,817.7,339.9,13942.5,9.2,223,12222.6
2019-07-17T15:00+02:00,818,339.4,13819.6,10.1,240.1,12121.3
2019-07-17T16:00+02:00,817.5,332.8,13633.1,10.3,253.8,11986.5
2019-07-17T17:00+02:00,816.6,334,13861.4,10.4,248.6,11961.7
2019-07-17T18:00+02:00,815.1,342.3,13508.8,10.1,236.5,11815.3
2019-07-17T19:00+02:00,816.9,340.1,13295.6,9.9,217.7,11775.7
2019-07-17T20:00+02:00,814.5,342.2,13243.8,9.3,205.2,11697.1
2019-07-17T21:00+02:00,812.4,341.4,13275.6,7.2,206.7,11560.9
2019-07-17T22:00+02:00,813.6,334.5,13334.2,7.2,214.9,11525.5
2019-07-17T23:00+02:00,811.6,343.7,12995.4,6.7,238.7,11315.5
2019-07-18T00:00+02:00,797.3,346,12491.2,5.6,254.9,10901.6
2019-07-18T01:00+02:00,792.5,344.1,11587.5,3.5,232.9,10482.8
2019-07-18T02:00+02:00,790,345.9,10742.9,2.2,226.4,10239
2019-07-18T03:00+02:00,788.2,346.6,10692.5,1.5,241,10205.1
2019-07-18T04:00+02:00,787.6,346.4,10604.4,2,255.3,10115.6
2019-07-18T05:00+02:00,787,344.8,10790.2,1.1,245.8,10156.5
2019-07-18T06:00+02:00,788.1,346.5,11660.3,1.6,285.5,10664.3
2019-07-18T07:00+02:00,789,345.8,12823.1,0.9,315.8,11279.3
2019-07-18T08:00+02:00,786.4,344.1,13604.9,1.6,332.5,11660.6
2019-07-18T09:00+02:00,790,328.4,14094.4,1,328.5,11925.8
2019-07-18T10:00+02:00,790,338.2,14339.2,1.3,375.4,12215.2
2019-07-18T11:00+02:00,789.7,333.6,14353.3,1.8,389.2,12238.7
2019-07-18T12:00+02:00,788.1,337.8,13983.5,1.5,426.8,12252.5
2019-07-18T13:00+02:00,787.7,335.7,13470.8,1.7,465.3,12222.2
2019-07-18T14:00+02:00,785.5,332.1,13420.4,3.9,505.8,12114.3
2019-07-18T15:00+02:00,786.1,332.8,13363.7,7,538.6,12056.4
2019-07-18T16:00+02:00,787.7,313.5,13588.6,5.6,545.8,11973
2019-07-18T17:00+02:00,788,332.8,13711.5,5.4,569.6,11988.2
2019-07-18T18:00+02:00,787.9,332.3,13530.8,3.5,578,11803.9
2019-07-18T19:00+02:00,788.8,335.6,13501,3.1,582.2,11771
2019-07-18T20:00+02:00,789.8,339.3,13233,4.1,590.4,11661.1
2019-07-18T21:00+02:00,789.6,344.2,13048.2,7,598.7,11540.6
2019-07-18T22:00+02:00,787.8,334.3,12907.5,7.2,623.7,11426.7
2019-07-18T23:00+02:00,788.3,329.1,12504.2,7.3,594.5,11160.6
2019-07-19T00:00+02:00,789.7,327.1,11039.4,6.5,573.3,10687.8
2019-07-19T01:00+02:00,783.2,328.6,10058.5,5.2,437.2,10413.8
2019-07-19T02:00+02:00,782.2,335.6,9918.3,5.8,381.7,10345.7
2019-07-19T03:00+02:00,780,334.7,9799,4.9,280.3,10220.7
2019-07-19T04:00+02:00,780.4,336.3,9727.6,4.3,250.3,10111.4
2019-07-19T05:00+02:00,782.4,329.1,10720.2,4,224.9,10112.4
2019-07-19T06:00+02:00,784.7,333.3,11517.8,5.6,260.6,10580.7
2019-07-19T07:00+02:00,791.5,336.1,12694.2,5.7,244.6,11196.6
2019-07-19T08:00+02:00,793.4,333.6,13683.1,5.5,250.6,11625.3
2019-07-19T09:00+02:00,798.3,333.3,14159,0.8,248.1,11882
2019-07-19T10:00+02:00,797.8,332.6,14504.9,0.8,244.9,12123.6
2019-07-19T11:00+02:00,796.3,333.3,14186.3,0.8,251.7,12074.5
2019-07-19T12:00+02:00,793.3,330.4,13876.8,0.8,278.7,12036.7
2019-07-19T13:00+02:00,793.3,327.2,13673,0.9,279.5,11937.6
2019-07-19T14:00+02:00,794.2,334,13645.4,1.4,318.6,12009.5
2019-07-19T15:00+02:00,788.4,326.1,13604,1.9,200.4,11777.1
2019-07-19T16:00+02:00,789.7,325.9,13348.1,4,240.4,11717.6
2019-07-19T17:00+02:00,789.5,325.1,13487.4,2.6,137.7,11559.8
2019-07-19T18:00+02:00,787.2,325.5,13349.3,2.3,125.5,11511.8
2019-07-19T19:00+02:00,786.4,325.6,13195.3,0.9,83.3,11376.8
2019-07-19T20:00+02:00,784.3,324.9,12704.3,0.6,81.2,11237.2
2019-07-19T21:00+02:00,783.4,321.8,12405.5,0.2,81.5,11002.4
2019-07-19T22:00+02:00,785,326.1,12585.6,0.1,94,10928.9
2019-07-19T23:00+02:00,785.5,335.3,12321.7,0.1,98.6,10784.5
2019-07-20T00:00+02:00,780.5,336.4,12027.1,0.2,104.9,10397.5
2019-07-20T01:00+02:00,780.4,335.7,10895.1,0.2,137.5,10112.7
2019-07-20T02:00+02:00,774.9,338.5,9374.5,0.3,216.7,9880.2
2019-07-20T03:00+02:00,773.5,335.9,8264.6,0.4,177.5,9733.5
2019-07-20T04:00+02:00,769.4,337.5,7468.1,0.5,200.9,9641.6
2019-07-20T05:00+02:00,769.9,338.5,7153.6,0.7,225.1,9541
2019-07-20T06:00+02:00,770.9,338,7889.3,0.9,255.7,9685.9
2019-07-20T07:00+02:00,775.8,336.2,8595.7,1.2,290.4,9938.6
2019-07-20T08:00+02:00,775,335.1,9913.1,1.8,366.8,10436
2019-07-20T09:00+02:00,774.3,335,10417.6,2.3,418.9,10871.2
2019-07-20T10:00+02:00,773.6,336.1,9943.9,3,448.7,11091.1
2019-07-20T11:00+02:00,777.8,331.7,9600.5,4.1,461.6,11202.7
2019-07-20T12:00+02:00,775,332.2,9095.7,6,485.7,11115.7
2019-07-20T13:00+02:00,769.5,324.2,8958.9,11.4,541.3,11193.3
2019-07-20T14:00+02:00,766.9,326.5,8834.7,10.9,552.8,11164.6
2019-07-20T15:00+02:00,769.1,324.6,8489,15.5,512.8,11048.7
2019-07-20T16:00+02:00,771.7,330.5,8734.2,17.9,503.6,11130.9
2019-07-20T17:00+02:00,779,327.6,9516.2,18.1,491,11099.5
2019-07-20T18:00+02:00,785.7,317.4,11036.3,17.7,622.1,11539.5
2019-07-20T19:00+02:00,791.6,323.6,11694.5,17.4,579.5,11534.2
2019-07-20T20:00+02:00,793.1,327.4,11717,16.6,498.2,11303.2
2019-07-20T21:00+02:00,796.6,335.2,11396.2,14.4,324.8,10953.5
2019-07-20T22:00+02:00,798.9,336.2,11392.4,10.7,453.1,10906.7
2019-07-20T23:00+02:00,804.7,337,10327.6,9.8,422.3,10504.4
2019-07-21T00:00+02:00,810.4,340.7,7720.3,15.6,360.2,10069.7
2019-07-21T01:00+02:00,812.3,335.3,7006.7,22.6,498.8,10037.7
2019-07-21T02:00+02:00,809.3,338.8,6927.3,22.6,513.4,9851.6
2019-07-21T03:00+02:00,810.6,343.3,6321.2,23.6,487.7,9693.7
2019-07-21T04:00+02:00,809.9,338,6088.6,24,474.2,9546.4
2019-07-21T05:00+02:00,809.4,335.7,6219.4,23.8,442.9,9403.6
2019-07-21T06:00+02:00,812.8,336.8,6891.1,23,411.4,9407.4
2019-07-21T07:00+02:00,822.1,340.8,8245.5,21.5,392.1,9749.6
2019-07-21T08:00+02:00,832.6,340.2,9254.6,20.2,411.4,10132.9
2019-07-21T09:00+02:00,837.5,343.7,9649.7,11.8,329.1,10366
2019-07-21T10:00+02:00,848.4,339.1,9942.8,8,333.9,10632
2019-07-21T11:00+02:00,849.6,341.6,9751.7,5.4,306.9,10661.4
2019-07-21T12:00+02:00,863.4,338.3,9207.6,3.4,396,10729.1
2019-07-21T13:00+02:00,870.9,340.5,8661,1.8,442.7,10677.4
2019-07-21T14:00+02:00,886.9,330,8341.8,1.7,476.2,10774.1
2019-07-21T15:00+02:00,889.6,327.2,8210,2.4,393.9,10782.2
2019-07-21T16:00+02:00,902.8,367.2,8557.7,3.2,347.1,10802.7
2019-07-21T17:00+02:00,906.2,365.3,8737.6,4.5,327.8,10876.4
2019-07-21T18:00+02:00,909.8,361.8,9821.5,4.5,291.1,10966.2
2019-07-21T19:00+02:00,918.5,363.3,11134.3,4.1,233.9,10908.6
2019-07-21T20:00+02:00,916.1,363.2,11679.4,5,262.4,10922.7
2019-07-21T21:00+02:00,919.7,357.9,11847,5.1,255.3,10785.2
2019-07-21T22:00+02:00,920.7,352.8,11710.7,8.8,264.6,10743.8
2019-07-21T23:00+02:00,924.7,354.6,11077,12.6,260.9,10485.3
2019-07-22T00:00+02:00,946,355.4,9189.7,16.4,254.5,10024.2
2019-07-22T01:00+02:00,937.2,356.9,7848.2,19.2,297.5,9837.4
2019-07-22T02:00+02:00,932.5,359.6,7277.9,22.1,377.6,9767.1
2019-07-22T03:00+02:00,930.8,363.9,7230.7,21.5,419.9,9796.2
2019-07-22T04:00+02:00,925.6,366.8,7356.2,16.4,421.7,9884.9
2019-07-22T05:00+02:00,922.5,364.5,8585.4,12.3,400.9,10195.1
2019-07-22T06:00+02:00,925,365.1,10154.9,7.1,322.6,10451
2019-07-22T07:00+02:00,945.1,367.6,11411.1,6.2,304.6,11119.3
2019-07-22T08:00+02:00,955.5,366.1,11887.6,4.8,347.4,11624.7
2019-07-22T09:00+02:00,959.3,333,12173.5,2.5,353.2,11816.7
2019-07-22T10:00+02:00,942.2,332.9,12216.2,2.1,420.3,11855.6
2019-07-22T11:00+02:00,935.2,332.6,11840.6,2.2,482.4,11922.2
2019-07-22T12:00+02:00,928.4,322.4,11335.9,2.5,509.7,11817.7
2019-07-22T13:00+02:00,921.9,326.7,11114.7,3,514.1,11757.1
2019-07-22T14:00+02:00,919.4,325.1,11000.7,3.8,458.2,11755.1
2019-07-22T15:00+02:00,925,327.1,11449.3,6,397.2,11852.3
2019-07-22T16:00+02:00,923.1,320.9,11772.5,9.6,344.2,11882.5
2019-07-22T17:00+02:00,922.1,327.1,12149.2,15.7,379.9,11916.2
2019-07-22T18:00+02:00,919.2,322.1,13209.2,6.8,315.6,11804.1
2019-07-22T19:00+02:00,916.5,327.9,13130.5,3.8,314.1,11771.3
2019-07-22T20:00+02:00,913.3,317.4,12899.2,3.4,301.3,11631.3
2019-07-22T21:00+02:00,913.5,167.4,12862.3,3.9,239.7,11237
2019-07-22T22:00+02:00,917.4,170.7,12622.4,6.3,233.8,11040
2019-07-22T23:00+02:00,912.6,170.7,12113.3,5.6,202,10668.9
2019-07-23T00:00+02:00,946.2,167.7,11531.8,4.5,170.4,10238.1
2019-07-23T01:00+02:00,947.7,168.5,10754,4.3,223.1,10058.6
2019-07-23T02:00+02:00,949.6,169.3,10255,3.9,153.6,9807.1
2019-07-23T03:00+02:00,950.4,171.1,9919,4.6,207.7,9776.7
2019-07-23T04:00+02:00,947.6,168.2,9716.4,5.9,238.8,9750.7
2019-07-23T05:00+02:00,943.6,167.9,10868.6,9.6,188.2,9837.7
2019-07-23T06:00+02:00,941.2,169.4,10636.5,15.7,195.8,10113.2
2019-07-23T07:00+02:00,945.3,171,11658.4,19.8,201.2,10779.5
2019-07-23T08:00+02:00,950.6,172.3,12264.8,20.5,201.7,11403.7
2019-07-23T09:00+02:00,962.7,168.8,12804.9,12.3,197.9,11695
2019-07-23T10:00+02:00,968.2,168.4,12816,11.6,146.5,11858.8
2019-07-23T11:00+02:00,973.2,165.1,12873.2,12.8,143.5,11920.9
2019-07-23T12:00+02:00,971.2,164.9,12713.4,16.7,156.4,11805.9
2019-07-23T13:00+02:00,971.4,167.4,12604,16.2,120.5,11701.7
2019-07-23T14:00+02:00,967.1,191.8,12592,13.8,123.7,11696.5
2019-07-23T15:00+02:00,965.1,197.1,12538.6,11.6,121.8,11670.7
2019-07-23T16:00+02:00,966,197.4,12452.9,7.6,92.1,11649.6
2019-07-23T17:00+02:00,964.6,197.3,12423.2,7,103.7,11570.9
2019-07-23T18:00+02:00,963.3,197.2,13224.9,5.7,107.6,11487.2
2019-07-23T19:00+02:00,962.6,197.2,12988.9,4.6,90.3,11290.2
2019-07-23T20:00+02:00,961.2,197.3,12703.9,5.3,132.5,11243.2
2019-07-23T21:00+02:00,959.9,197.4,12584,5.7,179,11016.4
2019-07-23T22:00+02:00,955.3,197.4,12189.4,6.8,228.7,10887.2
2019-07-23T23:00+02:00,947.2,197.4,11990.9,9,161.5,10611.2
2019-07-24T00:00+02:00,927.2,174,12007.1,16.6,187.8,10205.1
2019-07-24T01:00+02:00,929.8,173.7,11237.6,19.6,181.6,9834.2
2019-07-24T02:00+02:00,927.8,189.8,10862.5,21.7,171.4,9685.3
2019-07-24T03:00+02:00,925.3,189.8,10586.6,20.3,182,9602.4
2019-07-24T04:00+02:00,923.2,189.5,10252.8,21.9,196.9,9471.1
2019-07-24T05:00+02:00,921.9,188.9,10647.8,14.7,134.1,9493.2
2019-07-24T06:00+02:00,921.1,189.2,10768.7,11.9,169.6,10044.8
2019-07-24T07:00+02:00,930.8,195.9,11470.6,8.5,145.7,10775.6
2019-07-24T08:00+02:00,928.9,208.4,12378,6.4,134.7,11298
2019-07-24T09:00+02:00,929.5,209.1,12791.7,5.8,85.8,11623.4
2019-07-24T10:00+02:00,927.2,208.9,12893,5.1,109,11752.1
2019-07-24T11:00+02:00,916,209.3,12802.5,4.2,124.4,11623.8
2019-07-24T12:00+02:00,909,221.8,12531.7,3.5,185.6,11597
2019-07-24T13:00+02:00,907,221.3,12553,2.3,229.8,11695.1
2019-07-24T14:00+02:00,906.3,230,12507,2.6,310.2,11723.1
2019-07-24T15:00+02:00,910.2,229,12448.1,3.8,314.2,11675.4
2019-07-24T16:00+02:00,907.2,230.3,12418.7,7.2,313.9,11620.7
2019-07-24T17:00+02:00,906,228.7,12380.5,15.4,364.9,11439.3
2019-07-24T18:00+02:00,908,229.8,13052.3,15.8,363.8,11418.1
2019-07-24T19:00+02:00,905.7,234.1,12945.1,13.7,360.3,11327.9
2019-07-24T20:00+02:00,902.1,234.6,12460.5,17.5,460,11193.5
2019-07-24T21:00+02:00,899.1,230.6,12151.8,20.4,533.4,11015.4
2019-07-24T22:00+02:00,898.3,235.5,12093,14.1,542.2,10838
2019-07-24T23:00+02:00,890.8,236,11608.2,9.7,612.6,10569
2019-07-25T00:00+02:00,879.8,226.2,11262.9,7.5,651.1,10127.9
2019-07-25T01:00+02:00,879.6,236.2,11037.9,5.8,640.3,9804.2
2019-07-25T02:00+02:00,879.9,236.6,10191.9,4.2,608.9,9605.3
2019-07-25T03:00+02:00,878.5,230.8,10016.3,4.2,513.3,9479.7
2019-07-25T04:00+02:00,878.3,233.9,9877.6,6,554.9,9534
2019-07-25T05:00+02:00,879,245.4,10417.5,5.5,509.1,9482.2
2019-07-25T06:00+02:00,879.3,246.3,10389.3,3,426.1,9937.6
2019-07-25T07:00+02:00,884.7,248.7,11286,3.1,394.6,10594.9
2019-07-25T08:00+02:00,885.8,255.6,12125.8,2,276.7,11145.3
2019-07-25T09:00+02:00,882.8,249.3,12526.1,1.8,296.9,11435.2
2019-07-25T10:00+02:00,876.1,249.2,12622.4,1.7,246.7,11695.7
2019-07-25T11:00+02:00,867.8,240.6,12489.1,1.9,256.5,11735.2
2019-07-25T12:00+02:00,857.1,242.1,12627.4,1.8,232.6,11672.6
2019-07-25T13:00+02:00,855.1,243,12587,1.6,181.4,11646.7
2019-07-25T14:00+02:00,855.3,243.7,12539.6,1.7,195.3,11850.5
2019-07-25T15:00+02:00,850,242.4,12481,2.6,162.9,11664.3
2019-07-25T16:00+02:00,848.9,245.9,12217,6.2,156.8,11599.1
2019-07-25T17:00+02:00,846.8,241.6,12194.9,11.2,208.7,11608
2019-07-25T18:00+02:00,845.1,276.1,12840.8,16.2,210.6,11511
2019-07-25T19:00+02:00,843.1,285.8,12697.9,16.7,108.8,11343.6
2019-07-25T20:00+02:00,844.4,292.1,12609.1,15.5,89.2,11289.8
2019-07-25T21:00+02:00,843.1,289.8,12034.4,6.9,73.1,10989.5
2019-07-25T22:00+02:00,841,296.3,11586.7,6.8,88.1,10916.8
2019-07-25T23:00+02:00,840.4,290.9,11337.4,5.9,109.1,10664.2
2019-07-26T00:00+02:00,811.7,304.9,10782.4,3.7,168.8,10247.4
2019-07-26T01:00+02:00,812.4,303.9,9763,3.7,224.6,9813
2019-07-26T02:00+02:00,811.8,315.8,9400.7,1.9,277.3,9763.3
2019-07-26T03:00+02:00,811.2,343.1,9017.6,1.2,310.3,9664.7
2019-07-26T04:00+02:00,811,337.2,8929.2,0.9,322.1,9555.8
2019-07-26T05:00+02:00,811,340.3,10093,0.9,320.8,9756
2019-07-26T06:00+02:00,809.8,340.9,10510.2,1.2,316.9,10127.2
2019-07-26T07:00+02:00,816.7,333.3,11517.6,2.3,321.5,10747.5
2019-07-26T08:00+02:00,815.8,343.5,12189.5,5.3,343.6,11291.5
2019-07-26T09:00+02:00,816.7,340.3,12491.2,5.1,339.6,11678.3
2019-07-26T10:00+02:00,817,335.4,12435.2,6.4,382.3,11806
2019-07-26T11:00+02:00,816.6,337.8,12050.1,13.9,438.1,11764.3
2019-07-26T12:00+02:00,814.2,335.2,11871.2,18.9,487.8,11867.8
2019-07-26T13:00+02:00,814.6,335.9,11733.8,19.3,487.4,11783.7
2019-07-26T14:00+02:00,810.6,344.3,11412.4,21.4,432,11722
2019-07-26T15:00+02:00,805,345.1,11392.4,18.8,379.8,11584.3
2019-07-26T16:00+02:00,803.6,343,11580,18.9,354.5,11495.7
2019-07-26T17:00+02:00,806.5,351.1,12104.4,21.9,406.6,11525.3
2019-07-26T18:00+02:00,807,348.5,13254.8,21.7,373.2,11588.8
2019-07-26T19:00+02:00,804.7,349.7,12833.2,21.6,354.3,11377.5
2019-07-26T20:00+02:00,804.5,352.8,12689.1,23.3,434.5,11347.6
2019-07-26T21:00+02:00,802.2,348.6,12218.8,19.6,383.1,11022.1
2019-07-26T22:00+02:00,802,352.3,11886.7,17.9,461.8,10918.1
2019-07-26T23:00+02:00,798.9,349,10998.2,12.4,497.5,10665.7
2019-07-27T00:00+02:00,788.6,354.1,10548.6,4.3,390.1,10163.9
2019-07-27T01:00+02:00,784.8,352,8895.1,3.7,414.7,9836.4
2019-07-27T02:00+02:00,786.8,351.3,8418.5,3,442.4,9576.7
2019-07-27T03:00+02:00,784.7,352.2,7804,2.5,436,9449.4
2019-07-27T04:00+02:00,784.7,351.8,7032.4,2.3,448.7,9317.4
2019-07-27T05:00+02:00,786,349.4,7143.6,2.1,444.9,9247.8
2019-07-27T06:00+02:00,786.8,350.2,7502.9,1.9,429.8,9432.5
2019-07-27T07:00+02:00,786,362.1,8151.6,1.4,371.5,9837.2
2019-07-27T08:00+02:00,785.8,358.2,9585.2,1.3,348.2,10329.2
2019-07-27T09:00+02:00,786,361.6,11097.6,0.7,343.1,10776.7
2019-07-27T10:00+02:00,784.6,361.5,9761,0.6,333.3,10860.8
2019-07-27T11:00+02:00,781,352.1,9084.1,0.6,392,10913
2019-07-27T12:00+02:00,782.1,322.4,8778.7,0.6,440.9,10854
2019-07-27T13:00+02:00,781.2,321.7,8515.2,0.7,480.5,10775.9
2019-07-27T14:00+02:00,781,323.8,8471.1,1.1,467,10728.4
2019-07-27T15:00+02:00,781.7,322.8,8370.7,1.5,474.5,10742.7
2019-07-27T16:00+02:00,782.2,315.8,8489,2.3,471.6,10706.8
2019-07-27T17:00+02:00,780.9,313,8587.3,5.1,486.6,10829.4
2019-07-27T18:00+02:00,776.9,328.8,9570.5,4.5,429.3,10784.3
2019-07-27T19:00+02:00,777.4,335.4,10685.4,5.7,366.6,10742.2
2019-07-27T20:00+02:00,774.5,330.7,9866.9,6.5,384,10677.5
2019-07-27T21:00+02:00,775.3,330.6,8909.5,15.2,495.6,10647
2019-07-27T22:00+02:00,775.7,336.1,8650.1,14.7,514.6,10592.2
2019-07-27T23:00+02:00,771.6,352.9,7562.9,5.7,420.9,10194.7
2019-07-28T00:00+02:00,760.3,371.3,6942.4,7,484.6,9902
2019-07-28T01:00+02:00,761.7,370.6,5963.3,5.5,494.9,9609.1
2019-07-28T02:00+02:00,760.1,369.3,5319.9,7.2,548.5,9561.4
2019-07-28T03:00+02:00,760,369.6,5157.2,6.7,532.2,9537.7
2019-07-28T04:00+02:00,759.4,369.1,5450,6,535.8,9535.1
2019-07-28T05:00+02:00,759.6,371.1,5143.3,5,519.7,9321.7
2019-07-28T06:00+02:00,759.6,368.6,5675.5,4.1,474.6,9323.7
2019-07-28T07:00+02:00,759.4,372.9,7380.6,4,448.8,9540.1
2019-07-28T08:00+02:00,759.8,359.9,8224.8,2.3,436.3,9829.5
2019-07-28T09:00+02:00,761.6,360,9002.8,2.4,443.6,10139.1
2019-07-28T10:00+02:00,764.1,360,9409.2,3.6,461.2,10426.6
2019-07-28T11:00+02:00,769.8,360.3,9330.5,3.7,480.5,10490.8
2019-07-28T12:00+02:00,772.8,360,8919.5,4.6,488.1,10516.2
2019-07-28T13:00+02:00,775.6,361.2,8811.4,5.1,463.3,10517.4
2019-07-28T14:00+02:00,778.3,357.7,8586.3,5.6,431.3,10448.9
2019-07-28T15:00+02:00,777.2,362.6,8904.8,8.7,403.6,10591.1
2019-07-28T16:00+02:00,776.9,363.6,9847.2,13.2,408.5,10794.8
2019-07-28T17:00+02:00,779.1,364.4,10516.1,16.8,422.5,11073.5
2019-07-28T18:00+02:00,778.7,361.1,11809.4,19.2,453.1,11117.7
2019-07-28T19:00+02:00,774.3,361.2,12738.4,20.6,508.2,10963.8
2019-07-28T20:00+02:00,777.4,359.4,12635.7,22.3,625.1,11024.2
2019-07-28T21:00+02:00,776.7,357.8,12276.7,21.9,740.7,11047.6
2019-07-28T22:00+02:00,773.8,358,12037.7,15.6,686.1,10906.9
2019-07-28T23:00+02:00,775.1,357.2,10635.5,18.7,808.9,10717.4
2019-07-29T00:00+02:00,774,367.1,7725.1,16.2,686.7,10006.4
2019-07-29T01:00+02:00,776.2,366,6688.8,22.7,733.7,9832
2019-07-29T02:00+02:00,777.2,365,6574,19.9,678.2,9655.9
2019-07-29T03:00+02:00,775.2,368,6558.8,22.9,702.9,9719.4
2019-07-29T04:00+02:00,772.2,357.9,6515.4,19.3,661.6,9606.5
2019-07-29T05:00+02:00,771.9,360.2,7858.3,21.8,676.1,9803.2
2019-07-29T06:00+02:00,773.5,358.9,11044.8,19.6,605.9,10326.8
2019-07-29T07:00+02:00,782.5,358.6,13572,15.9,554.5,11255
2019-07-29T08:00+02:00,792.7,366.2,13913.2,11.4,506.8,11878.1
2019-07-29T09:00+02:00,797.1,364.1,14358.5,5,425.8,12172.2
2019-07-29T10:00+02:00,807.6,361.6,14645.9,4.4,430.4,12334.4
2019-07-29T11:00+02:00,809.2,367.3,14662.2,3.7,410.8,12471.3
2019-07-29T12:00+02:00,809.1,365.7,14551.8,3.7,387.3,12541.8
2019-07-29T13:00+02:00,804.4,365.7,13633.3,5.2,393.9,12355.4
2019-07-29T14:00+02:00,805.1,339.7,13551.1,5.9,365.4,12373.6
2019-07-29T15:00+02:00,811.1,345.9,12805.5,4.5,325.4,12108.1
2019-07-29T16:00+02:00,814.3,342.7,13038.9,3.6,291,11978.8
2019-07-29T17:00+02:00,818.9,343.3,13440.4,1.3,288.9,11915.4
2019-07-29T18:00+02:00,817.6,346.7,13746,3.4,268.7,11882.2
2019-07-29T19:00+02:00,819.8,346.7,13604.9,8.2,244.8,11813.9
2019-07-29T20:00+02:00,815.5,345.6,13644,12,230.6,11490.2
2019-07-29T21:00+02:00,814.6,345.2,13450.5,16.7,241.8,11158.1
2019-07-29T22:00+02:00,809.6,346.3,12984.4,16.2,275.5,11035.5
2019-07-29T23:00+02:00,809.7,341.3,11659.6,22.8,544.3,10807.2
2019-07-30T00:00+02:00,802.6,348.4,9912,21.8,509.7,10340.4
2019-07-30T01:00+02:00,801.6,347.8,9265.8,21,456.1,9945.4
2019-07-30T02:00+02:00,801.9,347.8,8916.7,23,512.9,9768.9
2019-07-30T03:00+02:00,802.3,348.3,8790.6,24.2,516.5,9592.4
2019-07-30T04:00+02:00,803.6,349.9,8776.1,25,562.8,9584.3
2019-07-30T05:00+02:00,805.5,350,9714.9,25.4,629,9737
2019-07-30T06:00+02:00,804.9,350.3,11273.6,27,664.5,10309.6
2019-07-30T07:00+02:00,807.7,348.6,12420.9,27.1,654.5,11066.4
2019-07-30T08:00+02:00,808.9,349.6,13083.7,26.9,641,11554.8
2019-07-30T09:00+02:00,810.5,348.6,13686.5,24.6,648.9,11963.8
2019-07-30T10:00+02:00,809.3,350.5,14271.6,19.9,607.9,12216.5
2019-07-30T11:00+02:00,808.3,350.1,14316.5,17.9,544.9,12217.3
2019-07-30T12:00+02:00,810.1,348.5,13936.4,16.4,505.1,12053.9
2019-07-30T13:00+02:00,808.5,346.1,13969.8,15.8,496,11999.1
2019-07-30T14:00+02:00,809,345,13240,14.8,523.2,11976.4
2019-07-30T15:00+02:00,814.2,341.3,13187.5,17.5,613.3,12162.2
2019-07-30T16:00+02:00,813.5,345.1,12899.3,21.1,713.5,12078.8
2019-07-30T17:00+02:00,819,344.6,13896.9,18.1,684.1,11998.3
2019-07-30T18:00+02:00,819.7,345.4,14090.5,20,745.5,11947.8
2019-07-30T19:00+02:00,826.9,347.3,13865.9,19.8,712,11635.9
2019-07-30T20:00+02:00,828.5,346.2,13555.9,21.4,759.4,11459
2019-07-30T21:00+02:00,833,346.7,13329.1,24.1,810.7,11452.9
2019-07-30T22:00+02:00,838.7,346.7,12584.9,24,834.3,11218.5
2019-07-30T23:00+02:00,835.5,336.8,10859.9,27.2,943.4,10779.4
2019-07-31T00:00+02:00,848.2,335.9,9362.1,23.6,845.3,10284.9
2019-07-31T01:00+02:00,854.3,348.1,8749.6,23.5,832.2,10002.4
2019-07-31T02:00+02:00,857,346.4,8160.8,23.2,798.5,10018.6
2019-07-31T03:00+02:00,858.4,344.3,7756.2,22.8,806.3,9713.5
2019-07-31T04:00+02:00,859.9,348.6,8010.7,22.3,792.7,9708.8
2019-07-31T05:00+02:00,862.1,347.1,8822.5,21.9,787.7,9656.8
2019-07-31T06:00+02:00,866,345.4,11070.6,21.9,770.3,10452
2019-07-31T07:00+02:00,874.3,344.9,12773.2,22.1,749.6,11228.1
2019-07-31T08:00+02:00,881.2,342,13753.3,21.1,730.1,11900.9
2019-07-31T09:00+02:00,885,340.4,13959,20.4,725.5,12119.6
2019-07-31T10:00+02:00,892.3,342.3,14004.6,21.5,732.2,12512.4
2019-07-31T11:00+02:00,888.7,337.8,14570,19.6,732,12688.8
2019-07-31T12:00+02:00,891.7,330.9,14203.4,13.9,649.3,12382.4
2019-07-31T13:00+02:00,888.2,336.7,13641,11.9,658.9,12145.1
2019-07-31T14:00+02:00,884.6,339.6,13276.7,11.5,642.3,11956.5
2019-07-31T15:00+02:00,883.3,339.6,13539.2,11.4,602.1,12098.1
2019-07-31T16:00+02:00,886.4,340.7,13019.2,11.3,552.4,11945.6
2019-07-31T17:00+02:00,889,346.4,13555.8,16.1,556.5,11990.6
2019-07-31T18:00+02:00,886,342.3,14318.3,10.4,508.4,12103
2019-07-31T19:00+02:00,884.3,340.7,14160,10.5,472.9,12033.5
2019-07-31T20:00+02:00,885.4,341.8,14025.2,15.8,521.4,11874.1
2019-07-31T21:00+02:00,882.7,343.7,14047.9,16.8,449.8,11709.3
2019-07-31T22:00+02:00,882,343.8,13818.6,13.5,416.3,11543.9
2019-07-31T23:00+02:00,879.8,342.4,13133.2,13.9,496.9,11258.9
2019-08-01T00:00+02:00,882.7,341.4,12031.9,7.1,438.4,10736.5
2019-08-01T01:00+02:00,884.6,344.8,11127.1,4.5,410.5,10411
2019-08-01T02:00+02:00,887.9,343.2,10391.8,5.3,414.6,10264
2019-08-01T03:00+02:00,884.9,342.6,10056.8,6.1,411.8,10168.3
2019-08-01T04:00+02:00,880.7,329.1,10138.5,4.1,376.8,10106
2019-08-01T05:00+02:00,880.6,331.8,11097.6,3.2,365.6,10172.7
2019-08-01T06:00+02:00,880.1,335.2,12693.2,1.8,314.2,10716.4
2019-08-01T07:00+02:00,883,339.6,14053.5,1.3,294.4,11485.2
2019-08-01T08:00+02:00,883.3,340.1,14770.9,1.1,253.2,11966.4
2019-08-01T09:00+02:00,881,335.4,14832.2,0.9,188.5,12043
2019-08-01T10:00+02:00,880.4,339.6,14549.1,1.3,160.7,12273.6
2019-08-01T11:00+02:00,877.7,337.6,14531.9,1.2,123.4,12235.3
2019-08-01T12:00+02:00,875.1,340.6,13950.9,2,132.8,12283.1
2019-08-01T13:00+02:00,873.4,344.9,14319.3,3.6,153.7,12254.7
2019-08-01T14:00+02:00,871.6,343.8,14532.9,5,158.1,12273.3
2019-08-01T15:00+02:00,873.1,346.2,14517.3,4.4,122.1,12162.5
2019-08-01T16:00+02:00,868.2,369.5,14626.4,9.1,181.9,12256.4
2019-08-01T17:00+02:00,868.1,368.7,14724.6,7.6,133.4,12078.1
2019-08-01T18:00+02:00,867.2,332.7,14616.8,7.4,122.2,11894.8
2019-08-01T19:00+02:00,862.5,331.4,14277.1,7.1,133.4,11784
2019-08-01T20:00+02:00,862.5,334.9,14065.4,6.8,153.9,11611.8
2019-08-01T21:00+02:00,864,332.3,14094.5,3.9,140,11442.3
2019-08-01T22:00+02:00,862.7,333.7,13661.6,3.7,159.9,11421.2
2019-08-01T23:00+02:00,859.8,333.3,12803.3,3.3,201.8,10933.1
2019-08-02T00:00+02:00,849,335,12283.7,6.5,318.6,10761.2
2019-08-02T01:00+02:00,849.2,339.5,11619,4.1,280.8,10456.5
2019-08-02T02:00+02:00,848.3,335.3,10475.1,5.5,295.6,10175.8
2019-08-02T03:00+02:00,848.2,339.9,9902.1,4.7,244.9,10049.4
2019-08-02T04:00+02:00,848.3,335,10126.8,3.6,263.8,10080.6
2019-08-02T05:00+02:00,847.6,367.1,11139.7,3.2,250.5,10231
2019-08-02T06:00+02:00,845.8,364.2,12498.2,2,196.9,10759.7
2019-08-02T07:00+02:00,849.4,367.9,13834.3,2.4,161.7,11554.1
2019-08-02T08:00+02:00,847.8,369.6,14440.9,2.5,133.1,12102.4
2019-08-02T09:00+02:00,847.8,369.7,14875.8,1.8,118.6,12387.6
2019-08-02T10:00+02:00,848,367,14987,2,86.6,12543.6
2019-08-02T11:00+02:00,846.5,363.4,15220.8,1.7,57.6,12512.7
2019-08-02T12:00+02:00,851.3,368.4,15152.4,2.4,72.6,12630.2
2019-08-02T13:00+02:00,849.2,364.5,14596.4,3.6,103.1,12407.7
2019-08-02T14:00+02:00,849.3,367.7,14190.3,2.9,84,12274.4
2019-08-02T15:00+02:00,844,366.2,13934.5,3.6,99.4,12141.5
2019-08-02T16:00+02:00,842.5,363.4,13782.8,3,78.5,11983.4
2019-08-02T17:00+02:00,839.8,366.8,14598.2,3.5,78.6,11984.5
2019-08-02T18:00+02:00,841,366.9,14511.5,4.9,115.4,11903.5
2019-08-02T19:00+02:00,838.7,368.4,14502.1,5.1,127.9,11813.2
2019-08-02T20:00+02:00,836.2,367.3,14285.1,5.2,124.6,11636.3
2019-08-02T21:00+02:00,835.7,371.1,14154.4,4.5,122.3,11524.2
2019-08-02T22:00+02:00,834.9,367.9,13858.5,4.4,128.2,11432.8
2019-08-02T23:00+02:00,834.5,368,13149.6,4.2,123.7,11130.9
2019-08-03T00:00+02:00,807.6,363.5,11019,4.5,98.9,10506
2019-08-03T01:00+02:00,804.1,366.3,9486.2,5.5,108.8,9871.4
2019-08-03T02:00+02:00,805.8,359.9,9328,3.8,76.5,10085
2019-08-03T03:00+02:00,805.5,361.7,8983.8,3.9,90,9936.8
2019-08-03T04:00+02:00,803.2,359.1,8782,5.9,107.8,9806.4
2019-08-03T05:00+02:00,803.4,360.4,8990.2,5.9,100.3,9748.6
2019-08-03T06:00+02:00,803.1,356.3,9389.2,3.5,89.4,9825.7
2019-08-03T07:00+02:00,802.4,362.3,10389.9,4.2,80.7,10115.9
2019-08-03T08:00+02:00,801.9,361.9,11541.2,2.9,48.4,10555.3
2019-08-03T09:00+02:00,800.4,365.7,12520.1,3.6,55.9,10932.8
2019-08-03T10:00+02:00,800.5,366,12627.9,3.6,60.8,11344.4
2019-08-03T11:00+02:00,800.5,363.7,12475.7,3.8,56.4,11403.4
2019-08-03T12:00+02:00,798.9,366.6,12135.5,4.1,68.8,11356.8
2019-08-03T13:00+02:00,798,366.2,11747.8,4.5,91.8,11244
2019-08-03T14:00+02:00,797.5,364.2,11495.5,4.9,108.5,11168.2
2019-08-03T15:00+02:00,795.5,361.1,11407.2,4.1,88.9,11082.5
2019-08-03T16:00+02:00,794.8,366.3,11503.6,3.5,79.6,11068
2019-08-03T17:00+02:00,798.5,363.2,11715.4,3.7,84.4,11102.3
2019-08-03T18:00+02:00,798.2,358.5,12555.5,4.4,107.6,11192.7
2019-08-03T19:00+02:00,799.2,352.1,13287.9,3.5,79.2,11120.3
2019-08-03T20:00+02:00,797.6,354.8,13293.2,4.7,103.2,11041.5
2019-08-03T21:00+02:00,796.4,352.8,13704.2,7.2,144.5,10965.5
2019-08-03T22:00+02:00,795.6,358.9,13719.4,5.8,153.1,10997.9
2019-08-03T23:00+02:00,795.2,361.9,12181.1,3,95.1,10655.8
2019-08-04T00:00+02:00,783,368.7,10639.2,4.5,102.8,10240.6
2019-08-04T01:00+02:00,782.8,366.5,9510.9,4.5,85.9,9905.5
2019-08-04T02:00+02:00,782.6,368.1,8975.3,4.3,91.9,9698.9
2019-08-04T03:00+02:00,782.1,355.9,8519,4.2,99.4,9594.9
2019-08-04T04:00+02:00,780.9,355.8,8197,2.9,71.7,9486.2
2019-08-04T05:00+02:00,782.1,352.5,7864.1,4.5,140.9,9342.8
2019-08-04T06:00+02:00,782.7,352.6,8705.6,4,154.5,9549.5
2019-08-04T07:00+02:00,780.9,365.9,10038.8,3.6,124.3,9804.1
2019-08-04T08:00+02:00,778,367.3,10907.3,2.8,87,10174.4
2019-08-04T09:00+02:00,777,366.6,11943.5,3.6,105.9,10660.7
2019-08-04T10:00+02:00,775.1,366.9,12356.2,3.5,115.6,10974.6
2019-08-04T11:00+02:00,774,367.8,12340.7,3.9,130.8,11058.4
2019-08-04T12:00+02:00,773.8,366.3,12228.5,3.7,119.8,11063.6
2019-08-04T13:00+02:00,774,368.9,12137.6,5.1,149.6,11084.8
2019-08-04T14:00+02:00,773.5,367.6,11982.7,6.2,161.3,11047.1
2019-08-04T15:00+02:00,773.2,367.5,11837.5,6.2,184.3,11034.9
2019-08-04T16:00+02:00,772.6,366.8,11751.4,6.4,193.7,11120.1
2019-08-04T17:00+02:00,773,365.6,12116.1,6.5,215.2,11129.4
2019-08-04T18:00+02:00,772.8,358.1,12814.4,11.1,266.9,11318
2019-08-04T19:00+02:00,769.7,360.5,13549.9,15.6,309.8,11357.3
2019-08-04T20:00+02:00,765.7,363.9,14252.6,10.9,263.8,11517.1
2019-08-04T21:00+02:00,762.2,364.9,14061.6,11.4,273.4,11498.2
2019-08-04T22:00+02:00,761.4,365.2,13695.4,6.7,183,11325.7
2019-08-04T23:00+02:00,761.9,367.7,12718.5,10.8,211.1,10859.5
2019-08-05T00:00+02:00,761.2,366.9,9757.8,9.2,197.9,10267.2
2019-08-05T01:00+02:00,757.2,369.1,7805,9.1,217.8,10043.2
2019-08-05T02:00+02:00,757.1,367.9,7536,6,190.3,9936.2
2019-08-05T03:00+02:00,757.2,366.2,7514.9,7.3,190.5,9886.7
2019-08-05T04:00+02:00,756.1,367.2,7655,6.4,178.5,9946.8
2019-08-05T05:00+02:00,760.4,367.8,10313.4,4,132.5,10019.1
2019-08-05T06:00+02:00,760.8,367.9,13344.9,5.2,143.7,10913.5
2019-08-05T07:00+02:00,760.3,369.2,14967.3,4.8,126.7,12128.6
2019-08-05T08:00+02:00,769.6,369.2,15575.4,4.2,123.6,12567
2019-08-05T09:00+02:00,755.1,364.4,15442,4.8,126.2,12706.1
2019-08-05T10:00+02:00,757.9,364.7,15568.9,5.8,132.3,12760.9
2019-08-05T11:00+02:00,758.4,364.2,15733.9,4.9,137.6,12732.6
2019-08-05T12:00+02:00,756,361.6,15641.5,4.9,139.7,12694.2
2019-08-05T13:00+02:00,755.4,361.7,15444.9,3.6,120.5,12602.9
2019-08-05T14:00+02:00,756,360.1,14867.6,4,136.7,12611.6
2019-08-05T15:00+02:00,754.9,360.8,14152.4,6.6,194.2,12694.1
2019-08-05T16:00+02:00,751.7,357.7,14095.8,8.9,222.8,12691.4
2019-08-05T17:00+02:00,770.6,356.6,14492.5,11.1,224.5,12538.6
2019-08-05T18:00+02:00,768.8,363.5,14909.9,13.2,239.4,12547.6
2019-08-05T19:00+02:00,771.4,368.6,15299.7,12.7,239.4,12396
2019-08-05T20:00+02:00,768.7,368.1,14937,13.6,243,12231.7
2019-08-05T21:00+02:00,768,367.5,14844.8,14.8,262.3,12192.5
2019-08-05T22:00+02:00,767.6,368.2,14563.5,12.5,253.8,12038.3
2019-08-05T23:00+02:00,766.5,369.2,12798.3,7.1,171.7,11330.7
2019-08-06T00:00+02:00,768.2,370.1,10710.7,6.6,162.3,10501.1
2019-08-06T01:00+02:00,768.3,371.9,9709.5,10.6,193.7,10168.9
2019-08-06T02:00+02:00,767.6,365.7,8856.3,8.5,218.2,10070.8
2019-08-06T03:00+02:00,768,362.6,8816.1,7.7,205.8,10083.4
2019-08-06T04:00+02:00,768.5,355,8800.4,10.6,251.3,10130.2
2019-08-06T05:00+02:00,768.9,353.7,10255.5,10.1,239.1,10311.8
2019-08-06T06:00+02:00,771.5,357.4,12489.4,9.4,210.5,11085.4
2019-08-06T07:00+02:00,768.4,363.3,14829.1,5.6,151.5,12085.2
2019-08-06T08:00+02:00,772.8,364,15582.4,5.7,148,12532.9
2019-08-06T09:00+02:00,764.9,357.4,15441,5.8,158.4,12679.4
2019-08-06T10:00+02:00,767,360.3,14909.8,8.5,206.7,12806.5
2019-08-06T11:00+02:00,769.9,356.8,14707.6,9.9,207.4,12753.7
2019-08-06T12:00+02:00,766,359.8,14161.2,13.9,241.5,12719.1
2019-08-06T13:00+02:00,769.4,360.1,13851.6,17.4,263.2,12631.7
2019-08-06T14:00+02:00,769.8,358,13644.8,17.1,224.7,12596.3
2019-08-06T15:00+02:00,769.8,359.8,13870.2,18.9,256.8,12599.3
2019-08-06T16:00+02:00,769.2,352.9,14288,20.6,263.4,12554.9
2019-08-06T17:00+02:00,790.5,359.1,14765,18.3,180.2,12403
2019-08-06T18:00+02:00,802.8,356,14739,18.1,199.3,12303.8
2019-08-06T19:00+02:00,804.2,362.4,14650,21.6,233.1,12240.8
2019-08-06T20:00+02:00,807.1,358.5,14567.1,21,245.4,12125.1
2019-08-06T21:00+02:00,810.9,358.4,14572.3,19.2,234.5,12075.9
2019-08-06T22:00+02:00,817.4,360.6,14133.4,16.8,226.7,11943.7
2019-08-06T23:00+02:00,827.3,360.8,12801.4,19,275.2,11492
2019-08-07T00:00+02:00,822,358.6,10744.9,9.3,159.9,10549.9
2019-08-07T01:00+02:00,818.6,356.1,8930,16.2,236.1,10218.8
2019-08-07T02:00+02:00,819,361.6,8547.5,13.7,235.7,10130.8
2019-08-07T03:00+02:00,815.4,362.4,8803.4,11.8,212.9,10065.5
2019-08-07T04:00+02:00,812.8,361.2,8609.5,10.2,205.1,10066
2019-08-07T05:00+02:00,815.4,363.8,10139.8,6.2,152.9,10193.4
2019-08-07T06:00+02:00,812.3,361.7,12513.4,3.7,123.2,11011.9
2019-08-07T07:00+02:00,817.6,362.8,14229.1,2.9,133.7,11952.1
2019-08-07T08:00+02:00,813.4,367.2,14738.2,3.5,186.7,12508.6
2019-08-07T09:00+02:00,795.6,366.1,15048.3,3.7,202.7,12648.8
2019-08-07T10:00+02:00,794.5,366.4,14827.4,3.6,187.5,12657.9
2019-08-07T11:00+02:00,795.2,366.6,14557.8,3.9,192.5,12706.9
2019-08-07T12:00+02:00,793.9,366.5,14621.9,5,181.9,12656.3
2019-08-07T13:00+02:00,790.3,360.7,14310,7.1,168.1,12512.3
2019-08-07T14:00+02:00,789.7,366.4,13781.6,12,196.3,12450
2019-08-07T15:00+02:00,789.5,364.4,13662.5,8.3,182,12471.8
2019-08-07T16:00+02:00,790.4,361.5,13523.8,8.8,178.3,12337
2019-08-07T17:00+02:00,812.4,354.1,13799.8,9.9,195.1,12223
2019-08-07T18:00+02:00,821,363.6,14270.7,11.3,207.4,12120.2
2019-08-07T19:00+02:00,826.8,362.1,14403.8,13.1,192.6,12028.1
2019-08-07T20:00+02:00,831.5,361.4,14300.8,9.2,149.9,12066.9
2019-08-07T21:00+02:00,827.9,364.2,14396.9,10.6,133.8,11994.4
2019-08-07T22:00+02:00,832.5,358.9,13301.9,13.7,161.4,11805.8
2019-08-07T23:00+02:00,826.3,362.7,11246,7.8,129.7,10948.8
2019-08-08T00:00+02:00,837.8,363.6,9672.5,12.4,136.9,10451.9
2019-08-08T01:00+02:00,835.2,358.9,8850.4,11,146.4,10163.5
2019-08-08T02:00+02:00,835.4,363.9,8794.1,10.9,149.1,10029.1
2019-08-08T03:00+02:00,835.4,362.4,8788.4,7.5,107.8,9977.7
2019-08-08T04:00+02:00,837.7,364.3,9178.3,8.2,129.3,10046.5
2019-08-08T05:00+02:00,840.9,362.2,10209.9,7.5,122.9,10255.7
2019-08-08T06:00+02:00,841.9,358,11936.1,8.2,153.7,10975
2019-08-08T07:00+02:00,859.4,354.7,13817.4,4.7,104,11879.1
2019-08-08T08:00+02:00,867.7,355.9,14471.4,4.3,93.6,12411.3
2019-08-08T09:00+02:00,884.5,349.3,14404.5,3.9,104.1,12688.1
2019-08-08T10:00+02:00,887.7,354.1,13787.9,3.8,100.5,12672.1
2019-08-08T11:00+02:00,889.6,354.4,13962.5,5.2,86.7,12779
2019-08-08T12:00+02:00,889.2,355,13745.9,6.4,80.8,12727.8
2019-08-08T13:00+02:00,892.8,354.4,13398.5,8.2,88.4,12666.2
2019-08-08T14:00+02:00,891.8,355.9,13383.6,9.5,89.5,12656.9
2019-08-08T15:00+02:00,889.6,355.9,12871.3,9.3,109.3,12445
2019-08-08T16:00+02:00,889.3,355.6,12374.2,9.8,129.4,12388.2
2019-08-08T17:00+02:00,884.3,355.2,13045.1,9.5,152.3,12335
2019-08-08T18:00+02:00,883.5,355,13720.4,6.5,138.1,12143.3
2019-08-08T19:00+02:00,884.4,360,14703.2,7.2,205.1,12306.6
2019-08-08T20:00+02:00,883.9,360,14617.9,6.6,235.9,12221.7
2019-08-08T21:00+02:00,886.1,359.9,14440.2,6.6,252.6,12088.3
2019-08-08T22:00+02:00,886.9,359,13997.5,7.4,287.2,11981.8
2019-08-08T23:00+02:00,887.9,359.5,12788.7,7.6,254.5,11458.4
2019-08-09T00:00+02:00,897.4,359.8,10746.8,6.3,255.9,10627.3
2019-08-09T01:00+02:00,896.5,360.3,9608.1,5.3,222.4,10311.3
2019-08-09T02:00+02:00,894.5,360.4,9054.9,5.1,166.3,10121.6
2019-08-09T03:00+02:00,895.6,360.6,9277.5,5.2,149.9,10145.9
2019-08-09T04:00+02:00,894.2,361,9055.8,3.3,115,10127
2019-08-09T05:00+02:00,893.5,360.5,11415.2,4.3,113.4,10686.8
2019-08-09T06:00+02:00,893.3,360.5,13254.7,4.4,110.4,11288.9
2019-08-09T07:00+02:00,908.7,360.5,14997.1,3.4,74.6,12320.4
2019-08-09T08:00+02:00,915,360.7,15567.9,3.2,51.3,12766.1
2019-08-09T09:00+02:00,917.1,360.3,15361.7,2.5,39.3,12968
2019-08-09T10:00+02:00,919.3,355.5,15250.5,2.9,38.1,13029.4
2019-08-09T11:00+02:00,919.5,355.1,15444.2,2.9,50.3,13106.8
2019-08-09T12:00+02:00,922.6,355.1,15075,2,61.9,12903.8
2019-08-09T13:00+02:00,919.1,354.7,14882,2.4,86.9,12798.1
2019-08-09T14:00+02:00,919.3,354.6,15031.8,3,129.2,12778.7
2019-08-09T15:00+02:00,918.2,365.3,14730,4.1,175.9,12689.6
2019-08-09T16:00+02:00,917.9,360.9,14064,4.4,208.3,12449.6
2019-08-09T17:00+02:00,921.9,357.8,14574.5,5.4,249.3,12394.2
2019-08-09T18:00+02:00,915.2,359.9,14446.6,6.8,293.1,12191.2
2019-08-09T19:00+02:00,918.1,364.7,14483.5,7.1,350.5,12212.3
2019-08-09T20:00+02:00,917.8,366.7,14227.2,10.3,427.1,12054.7
2019-08-09T21:00+02:00,917.2,363.3,12601.5,10.3,462.4,11788.9
2019-08-09T22:00+02:00,910.9,367.8,10635.8,23.9,667.9,11609
2019-08-09T23:00+02:00,907,365.4,9332,21.6,727.7,11270.7
2019-08-10T00:00+02:00,900.4,367.1,8029.2,15.2,695.7,10614.5
2019-08-10T01:00+02:00,901.2,364.2,7738,11.4,717.6,10275.5
2019-08-10T02:00+02:00,900.9,369.5,7021.2,17.6,843.1,10086.9
2019-08-10T03:00+02:00,901.5,367.7,6641.8,16,833.9,9912.5
2019-08-10T04:00+02:00,903.1,367.4,6295.5,20.2,868.3,9837.8
2019-08-10T05:00+02:00,907.6,368.9,6353.4,28.4,1038.8,9921.4
2019-08-10T06:00+02:00,909.7,372.2,7001.6,28.9,1033,10071.5
2019-08-10T07:00+02:00,907.9,361.1,7918.4,27.7,889.3,10293.2
2019-08-10T08:00+02:00,907.6,355.8,9348.9,30.1,936.9,10878.5
2019-08-10T09:00+02:00,908.1,355.9,10433.3,28.1,893.3,11430.9
2019-08-10T10:00+02:00,909.1,366.9,10753.9,30.3,998.9,11980.5
2019-08-10T11:00+02:00,911.2,366.3,10359,30.4,997.9,11928.4
2019-08-10T12:00+02:00,914.3,365.5,9793.7,30.2,1010.8,11731.7
2019-08-10T13:00+02:00,921.2,364.8,9393,30.7,1012.9,11740
2019-08-10T14:00+02:00,926.2,362.6,9038,31.2,986.1,11605.9
2019-08-10T15:00+02:00,933.5,365.1,8912,32.2,947.2,11589.3
2019-08-10T16:00+02:00,939.1,364,9512.3,32.6,900.3,11689.7
2019-08-10T17:00+02:00,939,366.3,9904.7,32.6,866.7,11767.7
2019-08-10T18:00+02:00,941.8,363.8,9086.1,32.4,793.3,11572.7
2019-08-10T19:00+02:00,947.5,371.7,9272,33,766.4,11594.3
2019-08-10T20:00+02:00,951.3,369.8,9085.4,32.4,800.7,11279
2019-08-10T21:00+02:00,950.2,371.7,8043.9,32.1,776.2,10995.1
2019-08-10T22:00+02:00,954.5,366.4,7598.7,32,816.9,10952.6
2019-08-10T23:00+02:00,953.4,371.8,7073,32,797.3,10714.9
2019-08-11T00:00+02:00,961.7,348.8,5541.2,31.3,760.7,10254.8
2019-08-11T01:00+02:00,971.2,347.2,4829.3,29.4,666.9,9856.1
2019-08-11T02:00+02:00,974.2,347.5,4561,29.3,680.9,9652.5
2019-08-11T03:00+02:00,975.7,347.1,4363.6,29,697,9495.4
2019-08-11T04:00+02:00,973,347.2,4506.4,28.6,672.8,9316.8
2019-08-11T05:00+02:00,974.9,347.1,4475.5,28.4,614.2,9216.8
2019-08-11T06:00+02:00,974.4,348.1,4679.5,28.3,578.4,9244.4
2019-08-11T07:00+02:00,975,347.9,5144.7,27.6,557.5,9468.9
2019-08-11T08:00+02:00,974.4,341.6,6063.7,27.8,592.4,9828.4
2019-08-11T09:00+02:00,968.4,342.8,7183.5,17.3,532.2,10316.5
2019-08-11T10:00+02:00,974.1,342,7834.4,11,528.4,10845.2
2019-08-11T11:00+02:00,976.7,340.8,7954.5,7.2,504.7,10941.6
2019-08-11T12:00+02:00,978.4,340.2,7416.2,7.4,487.1,10949.9
2019-08-11T13:00+02:00,981.5,337.4,7349.2,6.7,435.2,11008.3
2019-08-11T14:00+02:00,984.2,336,7349.7,7.5,475.8,11171.3
2019-08-11T15:00+02:00,986.9,335.5,7387.3,6.1,369.8,11126.8
2019-08-11T16:00+02:00,989,332.5,7540.1,7.4,372.1,11139.8
2019-08-11T17:00+02:00,991.7,332.1,8425.5,3.9,267.6,11022.5
2019-08-11T18:00+02:00,994.1,331.2,10157.8,5,313.8,11227.5
2019-08-11T19:00+02:00,995.4,344.2,11438.5,4.9,309.4,11269.6
2019-08-11T20:00+02:00,997.7,346.6,12088.1,5.7,260.9,11215.1
2019-08-11T21:00+02:00,989.8,310.1,12365.6,9.5,289.4,11327.5
2019-08-11T22:00+02:00,987.7,311,11843,6.2,205.4,11118.6
2019-08-11T23:00+02:00,990,309.2,10365.4,7,197.8,10502.3
2019-08-12T00:00+02:00,1026.6,321,7518.6,9.4,179.8,9941
2019-08-12T01:00+02:00,1025.4,319.9,6087.6,10.1,180.1,9662.5
2019-08-12T02:00+02:00,1023.7,320.7,5649.8,11.9,209.6,9604.2
2019-08-12T03:00+02:00,1023.1,321.3,5615.6,12.6,220.8,9600.5
2019-08-12T04:00+02:00,1020.9,320.8,5850.6,16.4,242.6,9693.8
2019-08-12T05:00+02:00,1021.2,357.8,7113.2,16.5,247.9,10041
2019-08-12T06:00+02:00,1023.7,358,10811,12.2,185.8,11042.4
2019-08-12T07:00+02:00,1050.8,358.3,12683.1,11.5,167.2,11967.9
2019-08-12T08:00+02:00,1059.9,358,13341.9,11.3,156.9,12464.3
2019-08-12T09:00+02:00,1061,358.2,12851.1,12.6,185.1,12685.6
2019-08-12T10:00+02:00,1068,322.5,12361.2,12.1,248.9,12729.9
2019-08-12T11:00+02:00,1069,324,12280.6,10.9,249.4,12559.9
2019-08-12T12:00+02:00,1080,323.7,11754.6,10.8,326.4,12547.7
2019-08-12T13:00+02:00,1090.5,324.1,11933,11.7,399.2,12574
2019-08-12T14:00+02:00,1083.3,324.1,12531.5,16.1,522,12741.9
2019-08-12T15:00+02:00,1086.5,323.3,11790.5,14.2,599.9,12585.7
2019-08-12T16:00+02:00,1093.4,319.3,12825.6,14.4,624.7,12664.4
2019-08-12T17:00+02:00,1090,321.8,13389.3,12.8,498.3,12368
2019-08-12T18:00+02:00,1085.2,321.5,13006.5,17.1,536.8,12256.5
2019-08-12T19:00+02:00,1087.1,321.2,13030.4,18.4,538,12195.1
2019-08-12T20:00+02:00,1091,321,13342.4,20.5,546.4,12175.6
2019-08-12T21:00+02:00,1094.7,321.1,13294.1,22.6,560.2,12209.8
2019-08-12T22:00+02:00,1096.2,321.2,12255.5,23.9,504.4,11809.1
2019-08-12T23:00+02:00,1098,320.2,11360.8,29.8,575.4,11082.9
2019-08-13T00:00+02:00,1149.8,320.3,10096.5,17.6,399.4,10434.8
2019-08-13T01:00+02:00,1150.2,322.9,9286.8,18.3,407.6,10289
2019-08-13T02:00+02:00,1144.2,321.1,8477,22.6,447.2,10091.7
2019-08-13T03:00+02:00,1143.2,321.5,8419.5,18.6,397.9,10082.5
2019-08-13T04:00+02:00,1145.4,322,8803.3,19.3,450.1,10311.7
2019-08-13T05:00+02:00,1143.3,326.3,10038,19.9,455.9,10465.5
2019-08-13T06:00+02:00,1139.8,325.9,11922.1,25,506.7,11449.3
2019-08-13T07:00+02:00,1150.6,326.6,12969.3,25.2,473.1,12268.5
2019-08-13T08:00+02:00,1137.6,325,13646.5,25.7,490.4,12718
2019-08-13T09:00+02:00,1135.2,327.7,13857.5,16.2,396.2,12851.5
2019-08-13T10:00+02:00,1159.2,327.2,13104.8,18.1,416,12656
2019-08-13T11:00+02:00,1162,322.5,12652.8,27.6,497.6,12563.6
2019-08-13T12:00+02:00,1176.5,327.2,12154.3,23.4,531.9,12662
2019-08-13T13:00+02:00,1180.1,332.3,12001.9,19.5,574,12630.3
2019-08-13T14:00+02:00,1183,330.5,11893.8,18.5,505.8,12594.2
2019-08-13T15:00+02:00,1184.3,332.2,11818.8,26.6,550.1,12705
2019-08-13T16:00+02:00,1182.1,332.1,12020.6,28.4,615,13075.5
2019-08-13T17:00+02:00,1180,331.8,12583.3,28,613.6,12598
2019-08-13T18:00+02:00,1170.4,331.4,13094.2,30.4,600,12308.5
2019-08-13T19:00+02:00,1169.3,334.5,13184.4,35.1,850.6,12561.6
2019-08-13T20:00+02:00,1163.8,332.4,13347.1,33.8,712.6,12400.6
2019-08-13T21:00+02:00,1154.1,332.9,13239.2,33.9,691.2,12474
2019-08-13T22:00+02:00,1149.9,333.5,12294.8,33.8,652.2,12220.5
2019-08-13T23:00+02:00,1150.3,332.2,10900.1,32.1,578.7,11531
2019-08-14T00:00+02:00,1220.6,332.4,8815.9,34.1,534.1,10765.7
2019-08-14T01:00+02:00,1220.1,335.4,7191.7,33.3,489.9,10403
2019-08-14T02:00+02:00,1216.5,332.1,6688.8,33.4,452.5,10253.6
2019-08-14T03:00+02:00,1214.8,330.8,6621.3,33.2,418,10295.4
2019-08-14T04:00+02:00,1211.5,332.5,7227.5,33.1,385.8,10399.4
2019-08-14T05:00+02:00,1211.8,330,8893.3,35.6,532.1,10769.6
2019-08-14T06:00+02:00,1209,332.5,12023.9,32,336,11719.8
2019-08-14T07:00+02:00,1246,333.4,13370.1,32,397.9,12924.1
2019-08-14T08:00+02:00,1272.2,332.3,13883.7,30.8,392,13254
2019-08-14T09:00+02:00,1273.7,334.6,13159.4,29.4,406,13317.8
2019-08-14T10:00+02:00,1282.3,329.1,12617.2,28.3,381.9,13232
2019-08-14T11:00+02:00,1289,333.5,12154.1,24.8,311.8,12900.1
2019-08-14T12:00+02:00,1281,335.1,12012.7,24.9,308.5,12984.5
2019-08-14T13:00+02:00,1277.8,333.6,11744.4,23.5,305.6,12831.8
2019-08-14T14:00+02:00,1276.2,334.5,11637.2,21.6,301,12815.2
2019-08-14T15:00+02:00,1275,333,11514.6,23.3,386.6,12792.6
2019-08-14T16:00+02:00,1293.3,334.7,11584.7,20.8,385,12902.4
2019-08-14T17:00+02:00,1297.2,332.3,13068.1,15.7,287.9,12855
2019-08-14T18:00+02:00,1301.5,336.2,13636.7,16.2,283.2,12826.7
2019-08-14T19:00+02:00,1299.1,332.3,13568.9,14.6,249.7,12700.3
2019-08-14T20:00+02:00,1291.2,332.1,13526.9,10.9,220.6,12733.3
2019-08-14T21:00+02:00,1287.7,334,13435.8,9.3,157.2,12759.9
2019-08-14T22:00+02:00,1289.3,333.1,12603.5,9.1,112,12439
2019-08-14T23:00+02:00,1290.8,333.6,11141.1,9.6,97.1,11695.4
2019-08-15T00:00+02:00,1287.6,335.1,8892.6,12.3,103,10831.6
2019-08-15T01:00+02:00,1290.8,335,7492.2,11,97.6,10494.5
2019-08-15T02:00+02:00,1290.7,336.7,7174.4,11.1,114.7,10406.6
2019-08-15T03:00+02:00,1294.8,334.7,7043.3,12.7,153.4,10510.9
2019-08-15T04:00+02:00,1293.5,336,7172.4,12.3,190.8,10705.1
2019-08-15T05:00+02:00,1294.1,334,8081.6,9.9,205.3,11151
2019-08-15T06:00+02:00,1292.1,335.9,9759.6,10.2,278.9,11990.5
2019-08-15T07:00+02:00,1308,337.4,11467.2,9.6,275.2,12975.6
2019-08-15T08:00+02:00,1332.2,336.3,12041.4,10.5,328.9,13282.6
2019-08-15T09:00+02:00,1333.3,330,12105.9,9.2,351.1,13170.6
2019-08-15T10:00+02:00,1335,336.4,12007.9,9.1,414.9,13129.6
2019-08-15T11:00+02:00,1335.2,335.2,11869.4,7.8,429.8,13054.6
2019-08-15T12:00+02:00,1339.6,330.5,11219.1,7.2,439.7,13046.4
2019-08-15T13:00+02:00,1339.6,328.4,10728.7,6.5,463.7,12981.7
2019-08-15T14:00+02:00,1331.6,327.2,10641.4,3.9,459.7,13119.7
2019-08-15T15:00+02:00,1323.8,333.7,10806.3,4.8,498.2,13007.9
2019-08-15T16:00+02:00,1321.7,326.8,11012,7.7,496.1,13019.5
2019-08-15T17:00+02:00,1320.9,335.9,12008.1,8.2,448.6,13015.1
2019-08-15T18:00+02:00,1325.3,335,12284,13.2,421.1,13028.2
2019-08-15T19:00+02:00,1324.1,336.4,13356.6,14.5,356.9,13024.8
2019-08-15T20:00+02:00,1324.2,338.4,13504.8,22.5,413,12889.1
2019-08-15T21:00+02:00,1327,336.4,13052.4,23.6,520.8,12880
2019-08-15T22:00+02:00,1325.3,338.2,11650.7,21.5,431.7,12342.6
2019-08-15T23:00+02:00,1325,336.7,9909.9,25.4,541.8,11712
2019-08-16T00:00+02:00,1283.9,337.8,8172.1,27.6,536,11176.6
2019-08-16T01:00+02:00,1278.2,338.5,7429.4,26.5,478.2,10668.3
2019-08-16T02:00+02:00,1277.1,339.2,7158.1,23,406.4,10272.2
2019-08-16T03:00+02:00,1275.7,340.6,6922.9,21.9,454.9,10033
2019-08-16T04:00+02:00,1275.2,342.1,7175.9,19.5,458.5,10109.8
2019-08-16T05:00+02:00,1282.9,335.1,8532.8,18.3,467.9,10454
2019-08-16T06:00+02:00,1289.1,336.4,11511.8,21.3,483.7,11525
2019-08-16T07:00+02:00,1292.3,334.7,13651.5,15.9,404.3,12667.4
2019-08-16T08:00+02:00,1292.2,335,14239.3,16.2,378.8,13208.4
2019-08-16T09:00+02:00,1295.6,336.2,14066.1,18.6,377.5,13270.9
2019-08-16T10:00+02:00,1296.8,335.4,13782.2,18.5,327.3,13179.2
2019-08-16T11:00+02:00,1297.5,321.2,12717,23.5,365,13078.8
2019-08-16T12:00+02:00,1295.5,319.9,12367.4,26.2,411.6,12877.3
2019-08-16T13:00+02:00,1291.4,319.7,11621.9,24.3,350.4,12844.4
2019-08-16T14:00+02:00,1285.9,318.8,11631.3,21.6,315.1,12857.8
2019-08-16T15:00+02:00,1282.5,316,11091.9,19.4,312.4,12704.4
2019-08-16T16:00+02:00,1279.8,318.9,11668.1,22.6,328.4,12774.9
2019-08-16T17:00+02:00,1282.2,319,13019.6,12.1,270.8,12563.5
2019-08-16T18:00+02:00,1279.6,318.9,13472.2,9.4,320.9,12512
2019-08-16T19:00+02:00,1276.6,318.1,13277.6,5.9,393.6,12402.1
2019-08-16T20:00+02:00,1276,352.1,12854.9,4.7,457.9,12272
2019-08-16T21:00+02:00,1272.4,353,12672.8,4.4,545.6,12138
2019-08-16T22:00+02:00,1270.9,326.4,11577.3,5,642.4,11865.2
2019-08-16T23:00+02:00,1267.3,328.2,9323.9,6.4,729.6,11412.2
2019-08-17T00:00+02:00,1263.6,323.1,7461.4,8.9,744.7,10942.7
2019-08-17T01:00+02:00,1256.1,321.9,6326.3,11.6,773,10542
2019-08-17T02:00+02:00,1253.2,320.7,5502.1,13.8,783.6,10408.9
2019-08-17T03:00+02:00,1249.3,320.6,4977.9,11.8,780.1,10196.7
2019-08-17T04:00+02:00,1250.5,323.5,5002.1,10.3,759.2,10099.2
2019-08-17T05:00+02:00,1254.1,325.1,5154.2,9.5,800.9,10249.1
2019-08-17T06:00+02:00,1259.5,323.4,5780.2,11.7,845.5,10376.6
2019-08-17T07:00+02:00,1270.2,323.7,6833.3,8.1,742.9,10766.8
2019-08-17T08:00+02:00,1282.6,324.2,7850.4,10.7,813.7,11288.6
2019-08-17T09:00+02:00,1291.5,324.4,9298.1,12.2,856,11986.4
2019-08-17T10:00+02:00,1298.2,326.5,9481.1,11.5,893.8,12284.3
2019-08-17T11:00+02:00,1306.7,325.6,9069.8,18.9,948,12224.6
2019-08-17T12:00+02:00,1314.3,323,8282.6,25.1,936.5,12018.8
2019-08-17T13:00+02:00,1322.8,323,8109.7,30.3,917.2,11911.9
2019-08-17T14:00+02:00,1327.2,324.1,8224.4,32.3,913.7,11823.6
2019-08-17T15:00+02:00,1330.3,323.5,8322.9,33.8,901.5,11834.8
2019-08-17T16:00+02:00,1338,326.3,8217.1,36.1,856,11765.9
2019-08-17T17:00+02:00,1344.3,326.8,8685.9,37.7,853.6,11770.6
2019-08-17T18:00+02:00,1345,324.8,9041.4,35,869.2,11656.3
2019-08-17T19:00+02:00,1350.8,322.6,10277.2,33.3,871.9,11597.1
2019-08-17T20:00+02:00,1352.1,318.2,10810.4,34,796.8,11411.3
2019-08-17T21:00+02:00,1358.2,323,11029.3,32.8,726,11580
2019-08-17T22:00+02:00,1368.3,317.7,10329.8,29.3,669.9,11222.7
2019-08-17T23:00+02:00,1373.8,321.1,8918.1,18.7,580.9,10719.4
2019-08-18T00:00+02:00,1357.1,318.8,7455.5,13.6,450.2,10339.5
2019-08-18T01:00+02:00,1330.8,320.3,6542.2,14.3,576.6,10261.1
2019-08-18T02:00+02:00,1328.3,319.9,6443.1,14.5,555.7,10035
2019-08-18T03:00+02:00,1326,319,6332.4,13.7,576.9,9992.9
2019-08-18T04:00+02:00,1322.3,322.6,6277,15.6,655.5,9980.1
2019-08-18T05:00+02:00,1314.6,322.4,5928.2,19,620.9,9843.2
2019-08-18T06:00+02:00,1312.6,320.4,6346.6,13.3,583.1,9800
2019-08-18T07:00+02:00,1314.2,316.6,8135.5,14.7,627.3,10317.3
2019-08-18T08:00+02:00,1325.5,316.8,8922.7,14.6,663.1,10738.4
2019-08-18T09:00+02:00,1317.6,317.9,9674.8,10.3,573.8,11254.6
2019-08-18T10:00+02:00,1316.2,315.5,10595.8,8.9,581.6,11592.6
2019-08-18T11:00+02:00,1310.4,302.4,10735.5,8.4,588.4,11626.5
2019-08-18T12:00+02:00,1301.7,319.5,10279.7,8.3,618.7,11573.5
2019-08-18T13:00+02:00,1277.9,315.6,10246.9,8.6,637.7,11617.7
2019-08-18T14:00+02:00,1278.1,313.2,10449.4,10.2,686.7,11759.5
2019-08-18T15:00+02:00,1275.5,312.6,10435.3,11.1,661.6,11787.5
2019-08-18T16:00+02:00,1270.6,312.6,10639.8,12.8,627.9,11761.5
2019-08-18T17:00+02:00,1267.1,314,10950.1,15.5,577.5,11814.6
2019-08-18T18:00+02:00,1264.5,312.5,11340.1,18.5,558.8,11931.7
2019-08-18T19:00+02:00,1258.8,317.6,11517.1,11.7,408.9,11886.7
2019-08-18T20:00+02:00,1256.8,316.4,12060.5,15,430.3,11976.2
2019-08-18T21:00+02:00,1255,310.8,11738.8,21.4,457.9,11943.2
2019-08-18T22:00+02:00,1253.6,317.9,10708.9,19.8,442.8,11574.5
2019-08-18T23:00+02:00,1245.5,316.5,8797.1,19.5,538.5,11133.1
2019-08-19T00:00+02:00,1271.7,333.5,6678.6,21.1,582.7,10580.2
2019-08-19T01:00+02:00,1270.9,330.5,6724.6,23.9,648.4,10351
2019-08-19T02:00+02:00,1269.3,327.1,6835.7,18.9,665,10285.4
2019-08-19T03:00+02:00,1268.3,329.5,6801.8,15.6,673,10243
2019-08-19T04:00+02:00,1267.1,331.4,6395.1,12.3,638.1,10157.3
2019-08-19T05:00+02:00,1264.3,328.8,7246.4,11.7,660.7,10530
2019-08-19T06:00+02:00,1268.3,325.7,10869.4,12.8,695.3,11902.1
2019-08-19T07:00+02:00,1291.4,330.4,12874.4,11.7,642.6,12821
2019-08-19T08:00+02:00,1304.2,329.6,13696.8,12.5,633.4,13288.2
2019-08-19T09:00+02:00,1312.1,313.9,12870.1,10.3,662.7,13133.9
2019-08-19T10:00+02:00,1313.5,313.4,11268,9.5,568,12911.7
2019-08-19T11:00+02:00,1316.5,311.2,10366.8,9.1,558.1,12838.8
2019-08-19T12:00+02:00,1329.8,317.4,9963.2,9.1,521,12806.8
2019-08-19T13:00+02:00,1337.9,312.4,9797.5,9.7,522.3,12931.1
2019-08-19T14:00+02:00,1354,311.1,9710,9.7,468.8,12878.4
2019-08-19T15:00+02:00,1356.9,312.5,9358.9,10.3,469.9,12895
2019-08-19T16:00+02:00,1358.6,311.4,9946.4,11.8,455.5,13058.1
2019-08-19T17:00+02:00,1350.2,313.2,10729.5,15.6,489.5,13003.8
2019-08-19T18:00+02:00,1358.5,313.2,12066.7,16.5,439.8,12807.1
2019-08-19T19:00+02:00,1356.6,311.7,12655.1,17.1,423.5,12762.2
2019-08-19T20:00+02:00,1361.2,328.8,12374.1,18.8,426.8,12786.1
2019-08-19T21:00+02:00,1357.7,324.8,12307.4,14.3,419.7,12761.8
2019-08-19T22:00+02:00,1358.4,323.8,11313,14.6,412.4,12202.4
2019-08-19T23:00+02:00,1361.2,326.6,9908.9,13.2,419.9,11585.1
2019-08-20T00:00+02:00,1379.5,324.8,7909.9,14.3,406.9,10793.4
2019-08-20T01:00+02:00,1378.1,324.4,7447.8,13.1,383.3,10339.1
2019-08-20T02:00+02:00,1381.5,326.2,7495.7,13.4,428.6,10257.9
2019-08-20T03:00+02:00,1384.9,337.3,7478,14.7,485.7,10333.5
2019-08-20T04:00+02:00,1388.4,336.5,7487,16.2,470.8,10290.1
2019-08-20T05:00+02:00,1381.4,340.3,8640,17.6,531.1,10700.5
2019-08-20T06:00+02:00,1377.9,341.4,11711.6,18.4,495.1,11840.9
2019-08-20T07:00+02:00,1388.8,333.7,13303.1,16.7,458.6,13047.4
2019-08-20T08:00+02:00,1396.8,322.6,13896.5,17,427.6,13344.3
2019-08-20T09:00+02:00,1402.5,316.6,13482.5,19.8,419.3,13326.4
2019-08-20T10:00+02:00,1412.6,324.9,13452,19.1,423.8,13272
2019-08-20T11:00+02:00,1415.4,326.3,13312.9,21.7,407.5,13117.8
2019-08-20T12:00+02:00,1418.8,325.5,13022.7,23,406.5,13097.7
2019-08-20T13:00+02:00,1421.9,322.3,12850.4,22.2,416.2,12603.7
2019-08-20T14:00+02:00,1420.2,322.9,13061,20.5,379.9,12954.5
2019-08-20T15:00+02:00,1420,324.8,13458.4,24.1,464.7,13113.3
2019-08-20T16:00+02:00,1423,319.2,13672.2,25.6,497.9,13156
2019-08-20T17:00+02:00,1417.3,320.5,13763.5,29,556.8,12934.4
2019-08-20T18:00+02:00,1416.9,322.7,13578.5,31.9,571.5,12883.9
2019-08-20T19:00+02:00,1412.4,326.3,13561.8,33,633.3,12932.9
2019-08-20T20:00+02:00,1410,328.4,13218.3,33,596.1,12858.3
2019-08-20T21:00+02:00,1409,323.4,13346,33,676.7,12973.7
2019-08-20T22:00+02:00,1412.9,325.8,12420,33,684.2,12566.9
2019-08-20T23:00+02:00,1406.9,324.2,11215,33,687.1,11775.5
2019-08-21T00:00+02:00,1435.4,323.7,9391.2,31.4,631.8,11055.1
2019-08-21T01:00+02:00,1435.2,325.2,9283.6,31.5,562.8,10705.6
2019-08-21T02:00+02:00,1431.6,328.7,8786.4,31.4,530.6,10574.3
2019-08-21T03:00+02:00,1428.7,327.1,8591.4,31.2,587.7,10523.6
2019-08-21T04:00+02:00,1422.7,325.9,9133.9,31.2,586.6,10703.9
2019-08-21T05:00+02:00,1422.4,327.9,10482.7,31.1,563.6,11144.5
2019-08-21T06:00+02:00,1422.2,326,12756.5,30.9,538.4,12041.1
2019-08-21T07:00+02:00,1421.2,329.2,13677.4,30.9,531.3,13345.4
2019-08-21T08:00+02:00,1418.6,328.7,14187.4,31,508.3,13636.8
2019-08-21T09:00+02:00,1426.9,334.3,13902.5,31,435.5,13456.5
2019-08-21T10:00+02:00,1422.4,331.8,13614,31,500,13456.9
2019-08-21T11:00+02:00,1421.9,324.8,13380.4,30.6,511.2,13220.7
2019-08-21T12:00+02:00,1418.9,333.5,12675.2,30.4,470.4,13021.9
2019-08-21T13:00+02:00,1413.3,327.5,12166.4,29.3,532.9,12938.5
2019-08-21T14:00+02:00,1405.4,329.5,12086.5,29.4,465.1,12862.8
2019-08-21T15:00+02:00,1402.2,323.6,11868,29.6,440.6,12815.4
2019-08-21T16:00+02:00,1395,316,12616.2,30,484.4,13080.5
2019-08-21T17:00+02:00,1394.8,323.7,13582.5,30.1,405.1,13026.8
2019-08-21T18:00+02:00,1388.7,322.5,13499.7,29.9,376.5,12839.4
2019-08-21T19:00+02:00,1384.4,326.2,13604.2,26.7,309.2,12901.3
2019-08-21T20:00+02:00,1380.6,322.9,13542.2,23.5,276.2,12852.2
2019-08-21T21:00+02:00,1375.8,325.2,13596.1,21.3,248.6,12921.4
2019-08-21T22:00+02:00,1374,205.8,12888,19.3,262.7,12401.8
2019-08-21T23:00+02:00,1372.1,201.9,11955.3,17.7,282.5,11692.3
2019-08-22T00:00+02:00,1352.3,199.7,10602.6,19.4,337.8,11259.3
2019-08-22T01:00+02:00,1350.2,201.8,9273,17.8,349.5,10927.3
2019-08-22T02:00+02:00,1349.8,202.2,8568.4,16,368.8,10817.3
2019-08-22T03:00+02:00,1347.3,205.6,8561.6,14.7,402.8,10794.9
2019-08-22T04:00+02:00,1346,205.3,8505.3,13.3,418.3,10728.2
2019-08-22T05:00+02:00,1342,205.6,10031,13.8,482.5,11122.4
2019-08-22T06:00+02:00,1341.6,205.9,12204.5,13.6,593.3,12142.6
2019-08-22T07:00+02:00,1353.1,194.5,13670.7,10,595.1,13250.4
2019-08-22T08:00+02:00,1361.5,195.9,14117.3,7.4,605.3,13582.8
2019-08-22T09:00+02:00,1372.4,197.5,13703.2,6.9,607,13551.7
2019-08-22T10:00+02:00,1384.5,217.7,13063.7,6.2,587.8,13655.5
2019-08-22T11:00+02:00,1402.1,215.5,12281.4,8,570.9,13387
2019-08-22T12:00+02:00,1414,213.4,11948.4,8.8,531.9,13284.2
2019-08-22T13:00+02:00,1421.7,212,11444.7,11.9,542,13254.5
2019-08-22T14:00+02:00,1405.7,237,11435.6,11.8,542.6,13217.8
2019-08-22T15:00+02:00,1406.4,223.5,11536.7,10.2,498.5,13153.5
2019-08-22T16:00+02:00,1410.7,206,12242,8.3,471.1,13131.6
2019-08-22T17:00+02:00,1410.9,227.3,13637.1,6.4,464.2,13246.1
2019-08-22T18:00+02:00,1413.2,210.6,13757.9,6.1,543.3,13109.6
2019-08-22T19:00+02:00,1419.3,211.9,13793.9,6,520.3,13075.8
2019-08-22T20:00+02:00,1417.8,219.7,13593.2,8.4,551.7,13024.3
2019-08-22T21:00+02:00,1420,239.4,13513.6,8.2,508.3,12974.3
2019-08-22T22:00+02:00,1415.9,263.8,12748.5,16,564.5,12668
2019-08-22T23:00+02:00,1414.2,288.9,11721.5,13,559.5,12055
2019-08-23T00:00+02:00,1370.8,291.6,9607.4,15.3,609,11083
2019-08-23T01:00+02:00,1366.7,311,8811.1,10.5,539.6,10748.7
2019-08-23T02:00+02:00,1369.3,293.4,8744.5,10.2,559.7,10856
2019-08-23T03:00+02:00,1367.6,295.8,8432.7,10.4,582,10861
2019-08-23T04:00+02:00,1370,307.9,8805.7,6.7,556.8,10937.5
2019-08-23T05:00+02:00,1376.8,311.5,10090.8,8.6,553,11202
2019-08-23T06:00+02:00,1380.8,324,12047.5,5.4,428.4,11913
2019-08-23T07:00+02:00,1394.1,332.5,13708.8,4.3,353.5,13272
2019-08-23T08:00+02:00,1395.5,324.1,14316.7,5.4,306.4,13644
2019-08-23T09:00+02:00,1394.2,331.2,14479.4,9.6,299.3,13759.4
2019-08-23T10:00+02:00,1405.6,328.3,13882.3,9.7,306.4,13642.9
2019-08-23T11:00+02:00,1405.2,325.2,13370.8,10,282.3,13483
2019-08-23T12:00+02:00,1399.7,323.4,12749.7,10.6,275.5,13306.5
2019-08-23T13:00+02:00,1403.1,325.9,12044.5,11.6,264.4,13297.6
2019-08-23T14:00+02:00,1401.8,323,11779,13.6,266.7,13275.2
2019-08-23T15:00+02:00,1398,325.1,12046.2,15.3,256.5,13110.3
2019-08-23T16:00+02:00,1395.6,325.8,13281.9,17.1,252.4,13213.3
2019-08-23T17:00+02:00,1390.1,324.8,14215.5,18,203,13005.4
2019-08-23T18:00+02:00,1387,329.9,13999.9,18.4,195.8,12826.6
2019-08-23T19:00+02:00,1382.3,327.6,13641.2,18.7,192.8,12739.9
2019-08-23T20:00+02:00,1383.1,331.6,13487,17.9,210.5,12675.2
2019-08-23T21:00+02:00,1379.4,331.2,13264.3,17.1,201.1,12635.8
2019-08-23T22:00+02:00,1375.2,331.2,12833.5,15.6,199.1,12308
2019-08-23T23:00+02:00,1379.3,331.8,11801.7,15.8,168.4,11812.6
2019-08-24T00:00+02:00,1368.1,333.6,11063,18.3,157.1,11297
2019-08-24T01:00+02:00,1345.8,334.2,9804.5,18,139.5,10758.1
2019-08-24T02:00+02:00,1330.5,329.6,8616.6,17.5,144.7,10526.9
2019-08-24T03:00+02:00,1324.2,334.4,8669.3,17.2,152.8,10395.8
2019-08-24T04:00+02:00,1322.5,334,8516.9,17,166.1,10318.1
2019-08-24T05:00+02:00,1318.7,272.7,8698.1,16.7,178.9,10260.8
2019-08-24T06:00+02:00,1312.1,275.4,10012.1,15.9,193.3,10466.2
2019-08-24T07:00+02:00,1315.2,276.7,11597.1,15,211,10883.5
2019-08-24T08:00+02:00,1316.3,272.3,12782.9,13.6,226.6,11616.4
2019-08-24T09:00+02:00,1313.6,269.9,13055.1,12.7,248.6,11913.3
2019-08-24T10:00+02:00,1314.1,274.6,12582.2,13.1,304.3,12196.1
2019-08-24T11:00+02:00,1308.8,274,11719,12.3,309,12049.5
2019-08-24T12:00+02:00,1308.4,272.6,11559,11.6,323.1,11942.2
2019-08-24T13:00+02:00,1307.6,272.6,11441.9,9.3,347,11854.9
2019-08-24T14:00+02:00,1304.9,270.2,11168.4,9.3,352.9,11758.9
2019-08-24T15:00+02:00,1302.8,273.7,11079,9.2,353.9,11683
2019-08-24T16:00+02:00,1299.2,267.4,11462.6,8.9,352.1,11687.7
2019-08-24T17:00+02:00,1298.7,272.3,11916.4,9.9,351.1,11911.4
2019-08-24T18:00+02:00,1297.8,272.5,12993.1,11.1,349.6,11912.2
2019-08-24T19:00+02:00,1294.4,272.8,13095.6,12.7,348.5,11777.1
2019-08-24T20:00+02:00,1288.6,272.9,12938.5,13.9,373,11707.5
2019-08-24T21:00+02:00,1281.9,272.4,12683,17.6,380.4,11612.9
2019-08-24T22:00+02:00,1276.7,278.9,11627.5,23.9,398.4,11210.8
2019-08-24T23:00+02:00,1269.4,273.5,9771.1,25.2,414.1,10871.2
2019-08-25T00:00+02:00,1226.8,270.4,8384.4,14.3,395.6,10336.6
2019-08-25T01:00+02:00,1210.1,271.8,7659.2,12.5,398.6,10064.9
2019-08-25T02:00+02:00,1201.8,272.9,7347.3,11.5,389.9,9807
2019-08-25T03:00+02:00,1193.2,274,7428.1,12.4,386.7,9807.1
2019-08-25T04:00+02:00,1189.5,274,7737.1,13.8,387.1,9922.2
2019-08-25T05:00+02:00,1182.6,276,7435,15.5,405.4,9943.6
2019-08-25T06:00+02:00,1181.3,276.8,7239.9,17.8,401.9,9914.8
2019-08-25T07:00+02:00,1178.4,280.2,8378.9,19.5,399,10217.9
2019-08-25T08:00+02:00,1175.6,273.8,10373.4,20.7,429.6,10939.2
2019-08-25T09:00+02:00,1176.8,277.1,11076.2,21.1,484.1,11346.4
2019-08-25T10:00+02:00,1172.3,276.9,11191.7,27,511.7,11551
2019-08-25T11:00+02:00,1170.5,267.6,11004.7,31,633.8,11569.8
2019-08-25T12:00+02:00,1171.2,270.2,10727.1,31.1,730.9,11512.4
2019-08-25T13:00+02:00,1166.5,269.9,10441.1,30.4,782.4,11508.3
2019-08-25T14:00+02:00,1164.5,271.8,10737.3,30.7,841.2,11739.1
2019-08-25T15:00+02:00,1162.6,270.1,10753.6,32.1,760.1,11679
2019-08-25T16:00+02:00,1159.9,267.6,10977.8,32.1,631.8,11733.8
2019-08-25T17:00+02:00,1160.3,265.8,11892.6,31.5,596.5,11944.8
2019-08-25T18:00+02:00,1156.3,268.1,13294.3,31.5,447.8,12065.6
2019-08-25T19:00+02:00,1153,267.6,13445.3,29.9,345.1,11951.2
2019-08-25T20:00+02:00,1152.5,266.5,13638,26.3,279.9,11975.6
2019-08-25T21:00+02:00,1148.5,267.4,13649.7,29.6,315.4,12154.8
2019-08-25T22:00+02:00,1149,265.5,12710.5,27.9,348.8,11823
2019-08-25T23:00+02:00,1146.6,264.7,11640.9,27.3,311.4,11091.4
2019-08-26T00:00+02:00,1123.2,278.6,9992,15,357,10482.9
2019-08-26T01:00+02:00,1122.3,280.1,9370.3,14.1,372.1,10205.6
2019-08-26T02:00+02:00,1121.3,281.5,9063.7,14.1,402.8,10018.9
2019-08-26T03:00+02:00,1119.4,261.2,9251.1,14.1,412.2,10028.8
2019-08-26T04:00+02:00,1117.1,261.2,10023.6,14.1,441.6,10218.2
2019-08-26T05:00+02:00,1116.8,261,10784,15.7,437.6,10696.7
2019-08-26T06:00+02:00,1117.7,261.5,12797.1,15.3,343.1,11449.1
2019-08-26T07:00+02:00,1140.7,250.8,13845.8,14,346.1,12640.7
2019-08-26T08:00+02:00,1156.2,261.6,14323,14.4,371,12972.6
2019-08-26T09:00+02:00,1163.7,259.6,14282,18,367.9,13007.6
2019-08-26T10:00+02:00,1176,260.4,14477.1,28.1,371,13006.5
2019-08-26T11:00+02:00,1173.8,256.3,14422.2,29.7,397.3,13003.7
2019-08-26T12:00+02:00,1175,262.2,13945.4,28.8,418.7,12980.8
2019-08-26T13:00+02:00,1174.5,260.4,14133.4,21.5,380,12882.5
2019-08-26T14:00+02:00,1174.8,255.6,14152,20.9,413.4,12959.7
2019-08-26T15:00+02:00,1171.8,257.4,14122.8,16,421.1,13009.8
2019-08-26T16:00+02:00,1171.1,258.1,14279.8,11.7,383.3,12997.2
2019-08-26T17:00+02:00,1172.5,253.4,14334.4,9.4,324.4,12898.3
2019-08-26T18:00+02:00,1164.8,254.9,13793,9.2,383.9,12765.5
2019-08-26T19:00+02:00,1161.3,256.9,13690.2,9.2,393.5,12642.8
2019-08-26T20:00+02:00,1169,257.9,13631.6,10.6,382.1,12520.1
2019-08-26T21:00+02:00,1166.9,254.1,13668.3,12.6,393.6,12578.4
2019-08-26T22:00+02:00,1158.3,253.4,13071.8,28.2,442.1,12149.4
2019-08-26T23:00+02:00,1154.2,257.3,12256.4,26.5,389.2,11355.8
2019-08-27T00:00+02:00,1140,254.2,11946.4,21.1,384.7,10798.7
2019-08-27T01:00+02:00,1137.5,256.3,11400.1,18.7,361.1,10445.8
2019-08-27T02:00+02:00,1135,254.7,11096.3,17,397.1,10350.8
2019-08-27T03:00+02:00,1134.9,256.1,10517.3,16.6,390.1,10276.5
2019-08-27T04:00+02:00,1134.3,255.2,10912.8,16.9,382.9,10298.6
2019-08-27T05:00+02:00,1134.9,254.4,11625.2,15.9,403.9,10583.9
2019-08-27T06:00+02:00,1136.3,252.5,12362.5,12.7,385.6,11380.2
2019-08-27T07:00+02:00,1143.8,250.8,13227.3,11.5,394.9,12517.8
2019-08-27T08:00+02:00,1145.4,249.3,13875.3,10.8,372.8,12889.6
2019-08-27T09:00+02:00,1148.9,246.7,14374.6,11.7,376.1,13020.3
2019-08-27T10:00+02:00,1143.5,250.6,14396,12.7,371.1,12981.6
2019-08-27T11:00+02:00,1142,247.5,14271.6,13.1,342.1,12878.9
2019-08-27T12:00+02:00,1140,247,14459.2,14.1,372.4,12901.2
2019-08-27T13:00+02:00,1140.1,248.3,14423.6,11.1,386.9,12834.4
2019-08-27T14:00+02:00,1137.5,242.4,14032,9.9,383.8,12864.2
2019-08-27T15:00+02:00,1138.1,245.3,14119.6,8.7,353.3,12894.9
2019-08-27T16:00+02:00,1138.9,241.4,14037.4,8.1,318.4,12935.2
2019-08-27T17:00+02:00,1139.7,241.2,14112.1,8.4,299.2,12576.2
2019-08-27T18:00+02:00,1139.8,242.6,13935.3,8.1,292.8,12583.3
2019-08-27T19:00+02:00,1141.9,246.9,13624,6.4,301.3,12558.1
2019-08-27T20:00+02:00,1139.1,244,13274.6,7.7,343.1,12429.2
2019-08-27T21:00+02:00,1132.8,246.5,13102.6,4.9,371.7,12498.9
2019-08-27T22:00+02:00,1130.8,243.9,12610,6.1,428.2,12169.4
2019-08-27T23:00+02:00,1128.6,252.7,11716.1,4.2,458.6,11349.2
2019-08-28T00:00+02:00,1113.1,247.9,11283.6,3.8,474.3,10748.4
2019-08-28T01:00+02:00,1112.4,249.3,10766.5,4.1,495.9,10349.4
2019-08-28T02:00+02:00,1113.4,249.6,10239.7,2.7,473.7,10106
2019-08-28T03:00+02:00,1114.2,252.3,9777.8,2,484.3,9947.3
2019-08-28T04:00+02:00,1115.6,250,10202.6,1.7,514.9,10101.2
2019-08-28T05:00+02:00,1114.9,246.6,11244.6,1.9,563.5,10483.9
2019-08-28T06:00+02:00,1115.8,251.2,12559.8,2.5,553.4,11322.4
2019-08-28T07:00+02:00,1136,252.8,13442.6,2.5,498.8,12332.2
2019-08-28T08:00+02:00,1152.2,254.1,13647.3,3.2,463.3,12756.1
2019-08-28T09:00+02:00,1156.9,258.6,13825.6,4,483.2,12846.2
2019-08-28T10:00+02:00,1164.3,254.8,13590.9,4,496.3,12762.7
2019-08-28T11:00+02:00,1165.1,249.4,13300.4,4.4,493.3,12713.7
2019-08-28T12:00+02:00,1169.7,249.7,13135.8,4.1,511.4,12751.1
2019-08-28T13:00+02:00,1171.1,253.5,13222.2,3.9,537,12587.5
2019-08-28T14:00+02:00,1169.4,252.2,13559.3,4.4,506.7,12833
2019-08-28T15:00+02:00,1160.6,251.6,13627.1,3.8,474.7,12883.6
2019-08-28T16:00+02:00,1160.5,246.8,13424.2,3.5,471.9,12945.3
2019-08-28T17:00+02:00,1159.6,245,13533.1,7.2,540.9,12772.1
2019-08-28T18:00+02:00,1158.9,249.2,13207.1,13.2,537.4,12406.8
2019-08-28T19:00+02:00,1156.7,248.6,13140.5,20.8,575,12444.1
2019-08-28T20:00+02:00,1159.6,249.2,13240.2,24.4,621.9,12581.1
2019-08-28T21:00+02:00,1164,245.3,13099.7,26.1,705.9,12376.6
2019-08-28T22:00+02:00,1179.7,241.6,12554.5,28,782,11937.9
2019-08-28T23:00+02:00,1187,251,11645,31,677,11125.9
2019-08-29T00:00+02:00,1182.8,248.9,11269.7,35.8,577.1,10553.3
2019-08-29T01:00+02:00,1196,269.2,10745,37,451.8,10262
2019-08-29T02:00+02:00,1206.3,266.7,10764.4,39.8,377,10323.3
2019-08-29T03:00+02:00,1214,264.1,10336.4,40.9,431.7,10307.1
2019-08-29T04:00+02:00,1224.2,263.3,10406.1,31.9,369.1,10361.7
2019-08-29T05:00+02:00,1227.4,267.5,11210.4,24.6,332.2,10561.3
2019-08-29T06:00+02:00,1231.4,264.3,12506.2,21.4,338.7,11450.9
2019-08-29T07:00+02:00,1240.9,256.5,13298.1,19.7,339.8,12310.6
2019-08-29T08:00+02:00,1249.8,262.1,13929.5,18.6,404.6,12646
2019-08-29T09:00+02:00,1257.3,256.9,13926.2,16.8,421.3,12659.9
2019-08-29T10:00+02:00,1265,264.4,13918,15.9,400.9,12702.6
2019-08-29T11:00+02:00,1271.1,262.6,14047.6,15.2,404.1,12663
2019-08-29T12:00+02:00,1280.5,265.7,13973.1,14.3,407.8,12706.1
2019-08-29T13:00+02:00,1284.9,264.4,14117.4,12.4,458.6,12667.2
2019-08-29T14:00+02:00,1281.5,263.3,13926.4,12.2,555,12780.3
2019-08-29T15:00+02:00,1287,258.4,13735.4,12,520.4,12643.7
2019-08-29T16:00+02:00,1294.7,264.4,13575.8,12.7,528.9,12688.8
2019-08-29T17:00+02:00,1301.1,263.2,13707.2,12,483.7,12550.4
2019-08-29T18:00+02:00,1306.8,254.4,13411,11.2,522,12418.1
2019-08-29T19:00+02:00,1308.6,254.1,13517.8,10.1,484.5,12241.4
2019-08-29T20:00+02:00,1308.1,262.3,13562.1,9.4,554.7,12422.1
2019-08-29T21:00+02:00,1306.1,261.1,13364,9.2,595.4,12402.9
2019-08-29T22:00+02:00,1303.8,258.4,12739.3,15.3,600.2,11868.5
2019-08-29T23:00+02:00,1300.7,261,12038.1,17.5,605.3,11238.2
2019-08-30T00:00+02:00,1318.4,265.9,11314.2,11.7,681.9,10893.1
2019-08-30T01:00+02:00,1315.8,260.4,10863.3,12.6,676.5,10560.6
2019-08-30T02:00+02:00,1317.3,258.2,10307.6,13.5,738.1,10327.1
2019-08-30T03:00+02:00,1315.3,257.1,10123.9,11.8,784.5,10254.3
2019-08-30T04:00+02:00,1317.7,262.8,10166.4,10.2,799.2,10240.1
2019-08-30T05:00+02:00,1320,263.2,11237.1,9.3,868.9,10505.1
2019-08-30T06:00+02:00,1321.5,261.6,12339.9,8.5,849.8,11354.5
2019-08-30T07:00+02:00,1328.2,256.6,13237.8,8.5,859.4,12402.9
2019-08-30T08:00+02:00,1330.6,260.6,13533.1,11.7,833,12752.5
2019-08-30T09:00+02:00,1334.8,260.1,13881.8,12.3,849.8,12814.8
2019-08-30T10:00+02:00,1336.6,260.8,13741,14.8,858.7,12899.1
2019-08-30T11:00+02:00,1342.8,266.7,13700.2,14.5,923.6,12978.9
2019-08-30T12:00+02:00,1345.5,265.4,13250.5,14.1,825.8,12750.2
2019-08-30T13:00+02:00,1348.8,266.9,13314.8,13.8,742.3,12614
2019-08-30T14:00+02:00,1348.7,263.1,13167.3,13.4,753.1,12372.8
2019-08-30T15:00+02:00,1347.2,272,13243.4,12.2,743.5,12372.5
2019-08-30T16:00+02:00,1346.7,273,13857.1,13.5,904.5,12593.3
2019-08-30T17:00+02:00,1344.6,296.2,13446,13.4,839.6,12487.1
2019-08-30T18:00+02:00,1346.5,283,13410.7,13.8,862.5,12519.3
2019-08-30T19:00+02:00,1345.3,298.5,13597.7,13.5,853.4,12543.2
2019-08-30T20:00+02:00,1351.1,299.4,13366.4,13.4,824.5,12446.6
2019-08-30T21:00+02:00,1354.3,298.1,12996.6,15.8,754.5,12173.6
2019-08-30T22:00+02:00,1355.4,297.6,12183.1,16.7,761.1,11680.5
2019-08-30T23:00+02:00,1356.2,293.9,11745.5,17,795.8,11236.7
2019-08-31T00:00+02:00,1359.9,292.9,11159.5,14.7,779.2,10911.5
2019-08-31T01:00+02:00,1343.4,299,10028.1,16.3,967.5,10583.5
2019-08-31T02:00+02:00,1338.8,298.2,9021.9,17,964.7,10421.1
2019-08-31T03:00+02:00,1339.5,296.4,8620.4,18.9,923.8,10297.9
2019-08-31T04:00+02:00,1344.4,296,8134.7,19.5,812.2,10059.5
2019-08-31T05:00+02:00,1346.6,297,8051.1,18.6,724.1,10157.7
2019-08-31T06:00+02:00,1344.8,299.9,8723.2,18.7,695.4,10361.5
2019-08-31T07:00+02:00,1346.3,300,9782.9,18.3,665,10737.4
2019-08-31T08:00+02:00,1349.7,298.3,11338.2,14.8,631.9,11342.6
2019-08-31T09:00+02:00,1361.6,298.1,12585.2,14.7,665.2,12003.1
2019-08-31T10:00+02:00,1361.3,301.3,12802.6,14.6,665.8,12274.1
2019-08-31T11:00+02:00,1361.4,301.9,12100.8,14.6,696.3,12186.5
2019-08-31T12:00+02:00,1362,299.9,11550.2,15.1,708.5,11889.9
2019-08-31T13:00+02:00,1360,301.6,11082.8,16.5,756.4,11874.7
2019-08-31T14:00+02:00,1357.5,299.3,10849,17.6,747.3,11790.3
2019-08-31T15:00+02:00,1350.1,299.6,10895.7,17.2,772.6,11655.5
2019-08-31T16:00+02:00,1351.4,302.7,11482.9,16.9,820.1,11754.4
2019-08-31T17:00+02:00,1350.7,299.1,12252,19.2,822.2,11988.4
2019-08-31T18:00+02:00,1346.3,298.7,13282.2,16.6,824.2,12218.7
2019-08-31T19:00+02:00,1342.9,298.1,12909.4,17.7,859.5,12001.8
2019-08-31T20:00+02:00,1342.2,298.1,12640,17.3,852.5,11760.1
2019-08-31T21:00+02:00,1338.8,302.7,12257.4,16.4,829,11631.3
2019-08-31T22:00+02:00,1333.3,300.4,11860.6,15.1,891.5,11320.3
2019-08-31T23:00+02:00,1329.8,301,10297.5,15.5,875.8,10821.9
2019-09-01T00:00+02:00,1317.8,296.9,7561.2,10.9,922.2,10374.4
2019-09-01T01:00+02:00,1315.4,294.8,6375.3,10.5,744,9954.9
2019-09-01T02:00+02:00,1310.3,295.1,6018,10.1,612.7,9731.6
2019-09-01T03:00+02:00,1311.9,295.5,6298.4,10,672.9,9752.7
2019-09-01T04:00+02:00,1309.7,295.7,6528.3,10.2,718.5,9697.3
2019-09-01T05:00+02:00,1316,296.7,6839.7,10.3,779.8,9828.6
2019-09-01T06:00+02:00,1321.4,298.8,6796.6,11,749.3,9762.9
2019-09-01T07:00+02:00,1325.1,300.7,7559.8,11.6,809.2,10227.4
2019-09-01T08:00+02:00,1340.7,297.2,9744.5,11.6,535.7,10560.6
2019-09-01T09:00+02:00,1351,300.5,11742.4,12,420.8,11503
2019-09-01T10:00+02:00,1397.2,300.6,12390.4,11,397.8,11854.6
2019-09-01T11:00+02:00,1399,267.9,12012.9,11,429.3,11894.2
2019-09-01T12:00+02:00,1404,267.1,11646.5,11.6,459.3,11845.2
2019-09-01T13:00+02:00,1403.8,264.6,11107.4,12.8,455.1,11611.4
2019-09-01T14:00+02:00,1392.8,264.4,10727.1,13.8,510.2,11601.7
2019-09-01T15:00+02:00,1392.3,265.9,10498.7,16.1,549.5,11592.8
2019-09-01T16:00+02:00,1386.3,261.6,10863.5,18.3,614.6,11733.3
2019-09-01T17:00+02:00,1380.7,263.2,12138.4,18.8,610.4,11770.5
2019-09-01T18:00+02:00,1382.7,265.6,13114.2,19.7,708.9,12029.2
2019-09-01T19:00+02:00,1382.3,296.5,13058.1,20.5,646.2,11987.1
2019-09-01T20:00+02:00,1383.6,287.6,13501.3,21.8,687.2,12260.6
2019-09-01T21:00+02:00,1382.8,294.8,13397.7,22,589.8,12227.1
2019-09-01T22:00+02:00,1379.5,304.1,13097.3,22,656.2,11866.1
2019-09-01T23:00+02:00,1381.4,302.3,12286.3,22.4,584.2,11337.2
2019-09-02T00:00+02:00,1347.5,299.2,9682.4,20.2,715.7,10781
2019-09-02T01:00+02:00,1347.2,299.1,8444,17.5,684.9,10491.6
2019-09-02T02:00+02:00,1347,297.2,8264.8,16.4,694.1,10403.6
2019-09-02T03:00+02:00,1345.3,301.3,7814.6,15.2,544.4,10187.8
2019-09-02T04:00+02:00,1345.8,302.6,8011.9,14.2,549.6,10429.1
2019-09-02T05:00+02:00,1344.5,286.8,9557,14.7,530.5,10912.7
2019-09-02T06:00+02:00,1345.9,283.6,12179.3,14.1,543.2,11955
2019-09-02T07:00+02:00,1355.7,292.1,13566,14.3,481.3,13148.9
2019-09-02T08:00+02:00,1362.4,289.6,13879.9,20.6,356.9,13477.2
2019-09-02T09:00+02:00,1361.3,291.3,14003.6,20.9,403.8,13398.6
2019-09-02T10:00+02:00,1358.5,301.3,14139.2,18.1,347.9,13333.6
2019-09-02T11:00+02:00,1353.7,292.7,14105.6,18.4,323,15416.9
2019-09-02T12:00+02:00,1371.1,294.6,13948.4,20.6,416.3,15597.3
2019-09-02T13:00+02:00,1370.2,294.7,14020,20.6,440.9,13101.1
2019-09-02T14:00+02:00,1364.6,296,13929.7,19.9,461.6,13101.5
2019-09-02T15:00+02:00,1362.8,296.7,13707.5,16.8,362.4,12883.1
2019-09-02T16:00+02:00,1359.3,291.1,13517.2,18.5,443.3,13059.3
2019-09-02T17:00+02:00,1356.6,298,14008.9,18.3,450.4,13016.6
2019-09-02T18:00+02:00,1343.5,291.9,13784,17.6,409.3,12773.1
2019-09-02T19:00+02:00,1341,295.5,13717.8,18.1,421,12768.6
2019-09-02T20:00+02:00,1342.3,296,13827,19.4,471.4,13008.1
2019-09-02T21:00+02:00,1343.6,299.9,13610.8,18.3,471,13008.8
2019-09-02T22:00+02:00,1343.4,292,13001,19.1,597.2,12496.3
2019-09-02T23:00+02:00,1341.9,300,11789.3,18.1,653.7,11725.2
2019-09-03T00:00+02:00,1334.1,289.2,10818.5,22.7,757.9,11155.4
2019-09-03T01:00+02:00,1336.5,291.7,9608.8,19.4,713.6,10833.8
2019-09-03T02:00+02:00,1342.3,289.1,9521.8,18.3,718,10998.3
2019-09-03T03:00+02:00,1349,286.1,9437.8,20.8,687.1,11070
2019-09-03T04:00+02:00,1355.6,286.2,9635.9,19.6,479.1,10868.2
2019-09-03T05:00+02:00,1362.8,289.5,10372.9,21.5,456.1,11158.3
2019-09-03T06:00+02:00,1370.7,285.2,12078.4,23.5,494.7,12246.6
2019-09-03T07:00+02:00,1389.1,285.5,13678.6,24.2,536.5,13474.1
2019-09-03T08:00+02:00,1392,280.7,14009.8,26.6,573.5,13742
2019-09-03T09:00+02:00,1403.7,275.6,13728.9,20.7,652,13345.1
2019-09-03T10:00+02:00,1403.7,280.5,13485,23.6,672.2,13285.9
2019-09-03T11:00+02:00,1410.7,286.5,12772.9,26.1,719.4,13080.4
2019-09-03T12:00+02:00,1416.3,285.4,12236.5,28.1,767.2,13116.9
2019-09-03T13:00+02:00,1413.2,284.6,12379.8,30.8,735.9,13022.8
2019-09-03T14:00+02:00,1412.2,292.8,12431,29.6,749.7,12946
2019-09-03T15:00+02:00,1412.4,293.1,12661.3,24.1,757.9,13014.2
2019-09-03T16:00+02:00,1410.9,292.5,13207,18.6,705.6,13003.1
2019-09-03T17:00+02:00,1405,296.3,13885.1,27.3,688,12919
2019-09-03T18:00+02:00,1400.1,292.8,14008.7,27.2,691,12816.8
2019-09-03T19:00+02:00,1394.9,292.7,14015.2,30,604.2,12877.5
2019-09-03T20:00+02:00,1393.5,295.2,14171.9,33.6,644.6,13167.2
2019-09-03T21:00+02:00,1387.9,295.7,14316.8,37.1,601.9,13181
2019-09-03T22:00+02:00,1384.1,295.8,13790.4,39.4,563.8,12697.9
2019-09-03T23:00+02:00,1374.5,296.3,12782.6,38.2,541.7,12032.9
2019-09-04T00:00+02:00,1353.2,290.8,10826.2,37.8,496.5,11281.2
2019-09-04T01:00+02:00,1350.5,293,9301.4,39.8,590.9,11059.9
2019-09-04T02:00+02:00,1347.8,296.2,8799.2,39.4,540,10914.7
2019-09-04T03:00+02:00,1345.6,297.4,9006.5,39.6,623.3,10957.5
2019-09-04T04:00+02:00,1342.8,295.9,10362.7,39.2,667.6,11237.6
2019-09-04T05:00+02:00,1338.1,297.7,11840.2,38.7,694.1,11603.6
2019-09-04T06:00+02:00,1337.2,296.4,13411.6,36.5,648.9,12602.5
2019-09-04T07:00+02:00,1342.5,290.8,14716.1,31.9,535.7,13687.4
2019-09-04T08:00+02:00,1340.3,292.1,14769.1,32.6,496.8,13921.6
2019-09-04T09:00+02:00,1339.8,292.5,14956.6,30.6,470.7,13905.2
2019-09-04T10:00+02:00,1358,294.1,14868.4,28.7,490.5,13799
2019-09-04T11:00+02:00,1388,294.5,14411.5,28.8,512.2,13819.3
2019-09-04T12:00+02:00,1423.3,293.4,13174.7,29.1,461.7,13796
2019-09-04T13:00+02:00,1451,288.9,12824.5,28.5,414.5,13639.8
2019-09-04T14:00+02:00,1463.4,284.4,13069.1,28.7,414.6,13692.3
2019-09-04T15:00+02:00,1473.5,283.7,12773.1,29.2,431.6,13766.7
2019-09-04T16:00+02:00,1500.9,279,13410.5,29.5,432.1,13959.4
2019-09-04T17:00+02:00,1507,282.3,14391.6,32.3,452.4,13829.1
2019-09-04T18:00+02:00,1511,286.6,14923.4,35.4,489.6,13723
2019-09-04T19:00+02:00,1514.6,284.6,14632,37,511.2,13716.1
2019-09-04T20:00+02:00,1509.8,282.8,14263.8,34.4,492.9,13723.5
2019-09-04T21:00+02:00,1509.9,283.1,13915,36,479.9,13391
2019-09-04T22:00+02:00,1508.9,286.3,13161.9,38.1,531.4,12944.1
2019-09-04T23:00+02:00,1500.2,286.5,11620.5,37.3,526.6,12160.9
2019-09-05T00:00+02:00,1535.9,290.1,9706.3,30.9,416.8,11476.3
2019-09-05T01:00+02:00,1539.5,291.3,9075.2,29.9,375.9,11084.4
2019-09-05T02:00+02:00,1544.9,294.4,8630,29.4,368.2,10945.9
2019-09-05T03:00+02:00,1544.9,292.6,8532.1,28.2,402.7,10999.1
2019-09-05T04:00+02:00,1543,293.2,8555.4,26.3,401.3,11092.8
2019-09-05T05:00+02:00,1543.4,292.2,9592,24.9,391,11479.1
2019-09-05T06:00+02:00,1548.7,294.7,11508.3,24.1,388.9,12479.3
2019-09-05T07:00+02:00,1576.6,289.9,13581,22,271.1,13433.8
2019-09-05T08:00+02:00,1604.7,293,13825,25.6,378.1,13948.3
2019-09-05T09:00+02:00,1615.8,285.9,13450.4,23.5,441.2,13763.7
2019-09-05T10:00+02:00,1624.1,291.4,12863.6,24.1,583.6,13724.8
2019-09-05T11:00+02:00,1605.9,362.9,11587.1,23.6,655.1,13432.3
2019-09-05T12:00+02:00,1614.2,370.1,10765.9,23.6,733.2,13358.9
2019-09-05T13:00+02:00,1616.2,365.5,10650.8,24,806.3,13467.2
2019-09-05T14:00+02:00,1674,367.7,10276.2,24.3,836.8,13446.5
2019-09-05T15:00+02:00,1675,370.7,10516.2,25.5,872.2,13462.8
2019-09-05T16:00+02:00,1674.9,368.4,11483.2,26.8,834.2,13483.5
2019-09-05T17:00+02:00,1684.8,367.3,12374.5,28.1,937.8,13569.5
2019-09-05T18:00+02:00,1681.6,371.3,12904.7,26.5,868.9,13504.8
2019-09-05T19:00+02:00,1676.1,372.1,12772.4,25.3,866.4,13627.8
2019-09-05T20:00+02:00,1675.7,369.5,13124.7,24.8,780.9,13862.1
2019-09-05T21:00+02:00,1673.1,371.1,13245.6,24.4,699.4,13722.6
2019-09-05T22:00+02:00,1669.5,369.6,12611.8,23.8,598.2,13130.3
2019-09-05T23:00+02:00,1660.9,365.8,10916.8,24.8,479.7,12312.9
2019-09-06T00:00+02:00,1681.9,368.9,8866.8,29.7,467.7,11751.6
2019-09-06T01:00+02:00,1683.5,369.9,8377.4,29.8,358.2,11440.2
2019-09-06T02:00+02:00,1678.5,367.1,8097.1,28.2,278.9,11273.5
2019-09-06T03:00+02:00,1675.9,368.5,8171.3,27.8,320.4,11327.7
2019-09-06T04:00+02:00,1673.3,368.1,8611.1,26.9,358.4,11382.1
2019-09-06T05:00+02:00,1668.8,366.8,9607.2,28.1,439.3,11844.6
2019-09-06T06:00+02:00,1667.3,369.1,12316.8,24.5,337.9,13033.4
2019-09-06T07:00+02:00,1680.2,363.9,14462,22.3,334.7,14221.5
2019-09-06T08:00+02:00,1681.6,367,14733,21.3,303.8,14583.5
2019-09-06T09:00+02:00,1690.7,367.2,14907.5,18.7,366.5,14576.5
2019-09-06T10:00+02:00,1693.2,365.9,14697.8,19,392.5,14401.7
2019-09-06T11:00+02:00,1695,365.5,13340.5,33.6,439.9,14101.8
2019-09-06T12:00+02:00,1688.8,365.6,12965,28.1,378.1,13929.2
2019-09-06T13:00+02:00,1692.4,369.5,12278.6,24.1,364.7,13798.3
2019-09-06T14:00+02:00,1682.4,369.1,12281.1,25.3,364.9,13960.1
2019-09-06T15:00+02:00,1685.3,361.9,12158.3,20.6,271.4,13626.8
2019-09-06T16:00+02:00,1692.3,292.4,13070.9,20.3,243.7,13637.4
2019-09-06T17:00+02:00,1688.4,294.7,14490.2,24.6,209.8,13696.8
2019-09-06T18:00+02:00,1681.4,295.6,14971.5,27.9,229.1,13641.7
2019-09-06T19:00+02:00,1674.6,295.5,14956.6,26.6,237.8,13605.9
2019-09-06T20:00+02:00,1672.7,371.2,14730.9,28.4,227.3,13601
2019-09-06T21:00+02:00,1673.7,369.4,14509,27.2,236,13353.4
2019-09-06T22:00+02:00,1673.3,366.1,14055.6,26.3,261.1,12913.5
2019-09-06T23:00+02:00,1666.8,367.5,13207.3,21.2,219.5,12301.5
2019-09-07T00:00+02:00,1680.4,289.6,12468.2,22.8,223.7,11767.3
2019-09-07T01:00+02:00,1681.1,286.8,11572.8,21.7,239.7,11443.1
2019-09-07T02:00+02:00,1680.1,289.2,10886.4,20.2,256.3,11330.8
2019-09-07T03:00+02:00,1679.3,292,10622.7,21.8,245.6,11212.3
2019-09-07T04:00+02:00,1674.3,290.4,10852.2,22.3,238.2,11222.1
2019-09-07T05:00+02:00,1671.3,290.4,11343,23.7,234.6,11362.9
2019-09-07T06:00+02:00,1670.8,299.4,12231.7,25.1,220.2,11596.4
2019-09-07T07:00+02:00,1668.8,298.2,13047.4,26.7,212.5,11870.6
2019-09-07T08:00+02:00,1663.9,298.2,13934.1,31.6,215.7,12420.5
2019-09-07T09:00+02:00,1671.4,290.1,14599.3,29.1,218.7,13198.7
2019-09-07T10:00+02:00,1664.6,290.7,14835.1,28.8,286,13575.4
2019-09-07T11:00+02:00,1674.4,292.2,14463.1,28.2,322.3,13221.9
2019-09-07T12:00+02:00,1671.3,272.1,13948,38.9,365.8,13081
2019-09-07T13:00+02:00,1673.5,271.1,13746.5,39.6,382.3,12985.2
2019-09-07T14:00+02:00,1669.2,268.9,13542.9,23.6,309.5,12700.5
2019-09-07T15:00+02:00,1659.8,344.5,13372.8,29.9,341.5,12624.5
2019-09-07T16:00+02:00,1654.8,345.1,13393.7,28.6,354.7,12585.2
2019-09-07T17:00+02:00,1655.2,342.4,13986.3,21,313.1,12666.5
2019-09-07T18:00+02:00,1660.6,348,13962.9,25.9,346.4,12849
2019-09-07T19:00+02:00,1667.2,350.2,14061.9,24.5,322.7,12994.9
2019-09-07T20:00+02:00,1662.5,347.7,14381.9,25.4,281,13112.6
2019-09-07T21:00+02:00,1656.9,308.8,14211.4,22.8,242.8,12858.2
2019-09-07T22:00+02:00,1583.2,303.7,14024.1,16.1,192.6,12482.8
2019-09-07T23:00+02:00,1577.2,307.2,13218.7,14.8,161.4,12088.8
2019-09-08T00:00+02:00,1560.3,300.9,12981,13.3,140.5,11750.2
2019-09-08T01:00+02:00,1556.9,297.8,12329.3,13,150.7,11530.3
2019-09-08T02:00+02:00,1553.8,307,12225.3,12.9,132.1,11401.5
2019-09-08T03:00+02:00,1549.9,308.8,12062.9,12.4,113.8,11406.8
2019-09-08T04:00+02:00,1547.3,305.3,11992.2,13.6,108.4,11435.9
2019-09-08T05:00+02:00,1546.2,309.1,11875.3,15.2,110,11465.9
2019-09-08T06:00+02:00,1540.3,309.9,12184.8,18.1,92.7,11570.6
2019-09-08T07:00+02:00,1540.4,307.3,12700.5,25.4,98.7,11741.6
2019-09-08T08:00+02:00,1534,306.1,13342,33.1,97.5,11939.6
2019-09-08T09:00+02:00,1525.9,310.7,14180.1,27.6,72.5,12452.2
2019-09-08T10:00+02:00,1515.2,347.6,14186,30.4,77.5,12687
2019-09-08T11:00+02:00,1515.6,344.8,14381.5,41,112.3,12710.8
2019-09-08T12:00+02:00,1514.1,339.1,14686.2,31.3,93,12711.5
2019-09-08T13:00+02:00,1512.7,339.3,14526,38.4,112.1,12785.9
2019-09-08T14:00+02:00,1511.8,341.5,14484.5,46.4,146.9,12863.7
2019-09-08T15:00+02:00,1508.9,345.4,14503.5,45.4,156.9,12728.5
2019-09-08T16:00+02:00,1499.9,342.8,14488.5,34.9,128,12591.1
2019-09-08T17:00+02:00,1497.8,343,14546.3,33.6,143.7,12612.2
2019-09-08T18:00+02:00,1495.6,338.6,14642.5,33,143.1,12734.7
2019-09-08T19:00+02:00,1498.8,342.4,14478.2,36.1,153.7,12952.8
2019-09-08T20:00+02:00,1495.8,302.4,14544,39,168.1,13250.9
2019-09-08T21:00+02:00,1493.7,305.9,14432.6,33,170.6,13181.5
2019-09-08T22:00+02:00,1489.7,307.5,14105,33.8,187,12687.5
2019-09-08T23:00+02:00,1487.7,306.3,13755.2,28.9,174.8,12146.9
2019-09-09T00:00+02:00,1437.9,346.5,13200.2,35.3,273.4,11649.1
2019-09-09T01:00+02:00,1435.6,348.5,12350,28.8,261.2,11283.9
2019-09-09T02:00+02:00,1434,347.1,11710.1,27.4,305.9,11037.9
2019-09-09T03:00+02:00,1432.5,345.8,11271.8,27.1,329.3,11068.4
2019-09-09T04:00+02:00,1423.7,303.8,11512.8,28.6,368.6,11160.1
2019-09-09T05:00+02:00,1414.3,303.3,12548.6,38,474.1,11659.4
2019-09-09T06:00+02:00,1414.5,302.4,13811.1,40.4,495.2,12710.1
2019-09-09T07:00+02:00,1417.4,303.5,14961.4,42.8,485.4,13845.3
2019-09-09T08:00+02:00,1424.4,343.1,15387.4,44.9,497.7,14093.1
2019-09-09T09:00+02:00,1462.4,302,15395.6,41.3,519.5,14039.7
2019-09-09T10:00+02:00,1463.9,329.1,15402.3,33.5,537.9,14070.9
2019-09-09T11:00+02:00,1465,328.6,15145.1,26.8,538.9,13981
2019-09-09T12:00+02:00,1463,331.9,14809,20.6,493.3,13805.6
2019-09-09T13:00+02:00,1462.6,334.8,14405.4,15,427.2,13563.6
2019-09-09T14:00+02:00,1461.5,328.8,14294.8,11.9,386.1,13608.7
2019-09-09T15:00+02:00,1466.9,332.5,14191.4,10.8,343.5,13644.7
2019-09-09T16:00+02:00,1464.6,328.2,14064.4,10.7,282.3,13596.3
2019-09-09T17:00+02:00,1466.5,328.1,14061.3,12.1,270.8,13563.9
2019-09-09T18:00+02:00,1466.6,328.5,13889.7,13.4,257.6,13644
2019-09-09T19:00+02:00,1464.7,325.6,14119.5,14.4,208.5,13585.5
2019-09-09T20:00+02:00,1464,326.9,14141.4,17,187.8,13708.1
2019-09-09T21:00+02:00,1462.8,320.7,13940.3,18.3,167.8,13323.8
2019-09-09T22:00+02:00,1459.9,328.3,13443.3,26.2,203.7,12781.6
2019-09-09T23:00+02:00,1460.4,328.6,12554.6,29.7,216.8,12133.2
2019-09-10T00:00+02:00,1432.6,337.2,11527.6,64.5,272.8,11836.1
2019-09-10T01:00+02:00,1432.2,334.1,10877.9,49.6,191.4,11346.3
2019-09-10T02:00+02:00,1431.7,336,10178.9,47.1,179,11141.5
2019-09-10T03:00+02:00,1435.8,334.3,10015.4,41.5,173.1,11168.4
2019-09-10T04:00+02:00,1435,339.4,9892.5,49.8,214.1,11243.1
2019-09-10T05:00+02:00,1435.5,337,11112.5,43.7,229.2,11692
2019-09-10T06:00+02:00,1436.7,338.8,12904.8,27.2,188.3,12646.8
2019-09-10T07:00+02:00,1440.9,337.2,14007,24.6,200.4,13709.4
2019-09-10T08:00+02:00,1438.8,345.6,14389,20.3,193.8,14025.5
2019-09-10T09:00+02:00,1440.4,340.1,14331,14.5,211.1,13908.6
2019-09-10T10:00+02:00,1439,344.9,14226.1,18.9,270.2,13940.4
2019-09-10T11:00+02:00,1438.5,348.7,13608.3,16,304.6,13678.4
2019-09-10T12:00+02:00,1436.6,339.1,12952.6,10,286.6,13503.9
2019-09-10T13:00+02:00,1437.3,345.1,12721.5,9.2,273.6,13466.4
2019-09-10T14:00+02:00,1439.8,342.6,12744.4,11.9,270.3,13478
2019-09-10T15:00+02:00,1434,339.8,12610.7,9.2,288.2,13382.3
2019-09-10T16:00+02:00,1435.3,324.3,13070.2,13.5,308.5,13465.1
2019-09-10T17:00+02:00,1435.5,324,13554.1,9.5,281.6,13221.3
2019-09-10T18:00+02:00,1435.9,323.6,13380.9,13,261,13018.9
2019-09-10T19:00+02:00,1431.9,344.9,13659.5,14,269.1,13122.9
2019-09-10T20:00+02:00,1431.6,347.3,13635.6,23.9,334.5,13399.6
2019-09-10T21:00+02:00,1430.3,346.7,13153,15.5,333.7,13153.2
2019-09-10T22:00+02:00,1390.2,343.5,12223.5,32.9,392.7,12449.9
2019-09-10T23:00+02:00,1386.3,341.9,10752.7,58.9,477.4,11905.2
2019-09-11T00:00+02:00,1377.1,341,11026.9,65.8,586.4,11478.5
2019-09-11T01:00+02:00,1376.5,345.6,10074.8,79.9,594.4,11036.8
2019-09-11T02:00+02:00,1374.7,345.4,9045.8,96.8,650.6,10812.2
2019-09-11T03:00+02:00,1375,343.9,8663.2,92.3,644.9,10684.5
2019-09-11T04:00+02:00,1375.2,343.4,8655.4,83.4,674.6,10690.6
2019-09-11T05:00+02:00,1373.4,346.9,10204,95.5,793.7,11199
2019-09-11T06:00+02:00,1376.8,343.6,12324.8,99.1,865.8,12242.3
2019-09-11T07:00+02:00,1383.5,345.8,13522.4,97.6,919.1,13253.2
2019-09-11T08:00+02:00,1383.1,339.1,13693.8,113.5,977.4,13521.3
2019-09-11T09:00+02:00,1383.4,341.1,13250.3,117.4,1039,13507.5
2019-09-11T10:00+02:00,1390.1,339.1,13488.3,118.3,1045.8,13644.5
2019-09-11T11:00+02:00,1399.7,331.5,12538.1,111.8,1014,13347.7
2019-09-11T12:00+02:00,1435.7,334.7,11820.3,94.4,962.7,13448.7
2019-09-11T13:00+02:00,1445.2,337,11420.4,68.3,826.8,13660.5
2019-09-11T14:00+02:00,1453,334.2,11360.9,59.2,681.5,13622.3
2019-09-11T15:00+02:00,1464.7,335.7,11686,66.6,649.9,13606.3
2019-09-11T16:00+02:00,1476.3,332.2,11720.6,70.6,680.5,13524.7
2019-09-11T17:00+02:00,1487.2,332.3,12473.5,78.6,787.4,13362.6
2019-09-11T18:00+02:00,1499.8,332.4,12774.4,79.3,800.4,13226.2
2019-09-11T19:00+02:00,1509.2,331.5,12877.4,94.9,903.7,13379.5
2019-09-11T20:00+02:00,1514.8,330.1,12678.7,96,807.6,13454.3
2019-09-11T21:00+02:00,1519.8,331.3,12164.5,107.1,868.6,13262.5
2019-09-11T22:00+02:00,1523.2,336.5,11613.2,141.7,968.9,12788.9
2019-09-11T23:00+02:00,1525.8,331.3,10358.8,145.1,980,11867.1
2019-09-12T00:00+02:00,1552.9,328.3,9363.5,9.9,1090.7,11358.1
2019-09-12T01:00+02:00,1556.6,330.1,9023.8,10.1,1138.1,11063.7
2019-09-12T02:00+02:00,1556.3,326.8,8893.9,10.3,1266.7,11053.1
2019-09-12T03:00+02:00,1558.5,329.8,8908.8,10.4,1128.5,10992.7
2019-09-12T04:00+02:00,1560.1,330.8,9551.5,10.5,1197.5,11253.5
2019-09-12T05:00+02:00,1562.5,333,10788.2,10.5,1119.7,11484.1
2019-09-12T06:00+02:00,1569.7,332.9,12283,10.4,1141.1,12624.4
2019-09-12T07:00+02:00,1560.5,333.5,13482.6,10.4,1087.9,13753.1
2019-09-12T08:00+02:00,1561.1,328.6,14169.9,10.4,1068.4,14166.8
2019-09-12T09:00+02:00,1562.2,326.1,13923.6,10.4,1032.6,13946.5
2019-09-12T10:00+02:00,1559.6,330,13778,11.6,1042.8,13807.9
2019-09-12T11:00+02:00,1560,330.9,13373.9,12.9,997.4,13636
2019-09-12T12:00+02:00,1554,331.4,13322.3,12.9,967.5,13204.9
2019-09-12T13:00+02:00,1557.3,321.9,13238.5,13,1024.5,13356
2019-09-12T14:00+02:00,1558.2,318,12330.2,13,1019,13117.5
2019-09-12T15:00+02:00,1551,315.6,12490.7,13,1118,13328.7
2019-09-12T16:00+02:00,1551.8,310.4,12791.6,13,1166.3,13442.7
2019-09-12T17:00+02:00,1550.4,310.2,13076.9,13.1,1153.2,13409
2019-09-12T18:00+02:00,1559.5,317.9,13060.8,13.1,1149.1,13268.5
2019-09-12T19:00+02:00,1567.1,323.3,13417.5,13,1081.9,13243.4
2019-09-12T20:00+02:00,1568.2,323.9,13120.4,13.1,1092.9,13454.5
2019-09-12T21:00+02:00,1576,325.3,12769.3,13.1,1070,13042.4
2019-09-12T22:00+02:00,1577.8,323.2,12138.9,13.1,1183.2,12631.5
2019-09-12T23:00+02:00,1574.7,324.1,11398.4,13.2,1205.6,12083.4
2019-09-13T00:00+02:00,1599.1,325.9,11210,0,1105.3,11643.6
2019-09-13T01:00+02:00,1593.1,328.1,9942.9,0,1059,11158.1
2019-09-13T02:00+02:00,1590.8,327,9271.6,0,1134,11237.7
2019-09-13T03:00+02:00,1588.2,325.3,8907.6,0,1108.3,11032
2019-09-13T04:00+02:00,1589.5,325.2,8875.1,0,1094.3,11104.7
2019-09-13T05:00+02:00,1590.3,331.1,10334.9,0,1174.1,11586.7
2019-09-13T06:00+02:00,1590.9,325.8,12354.9,0,1147.8,12720.2
2019-09-13T07:00+02:00,1594.5,332.6,13722.3,0,1152,13803.9
2019-09-13T08:00+02:00,1595.9,334,14464.6,0,1089.9,14330.5
2019-09-13T09:00+02:00,1601.6,328.9,14306.8,0,1067.6,14224.4
2019-09-13T10:00+02:00,1602.1,328.4,13802.1,0,1015.9,13931.2
2019-09-13T11:00+02:00,1601.5,323.2,13079.1,0,1008.8,13468
2019-09-13T12:00+02:00,1622.8,324.1,12809.3,0,1054.1,13473.4
2019-09-13T13:00+02:00,1622.5,314.1,12624.6,0,1082,13423.2
2019-09-13T14:00+02:00,1618.3,323.3,12325.3,0,1078,13422.1
2019-09-13T15:00+02:00,1620.4,325.1,12423.4,0,1124.1,13356.9
2019-09-13T16:00+02:00,1615.5,327.6,12338.1,0,1166.2,13183.4
2019-09-13T17:00+02:00,1613.5,326.1,12851.5,0,1140.6,13217.9
2019-09-13T18:00+02:00,1617,329.1,13267.7,0,1192.4,13411.2
2019-09-13T19:00+02:00,1616.2,330.8,13349.8,0,1205.7,13406.9
2019-09-13T20:00+02:00,1613.6,305.9,13227.2,0,1186,13390.2
2019-09-13T21:00+02:00,1613.5,322.2,12989.6,0,1245.4,13053.3
2019-09-13T22:00+02:00,1612.7,322.5,12296.7,0,1209.6,12783.1
2019-09-13T23:00+02:00,1612.7,325.6,11520.4,0,1225.7,12390.1
2019-09-14T00:00+02:00,1607.7,338.3,11304.8,0,1240,12032.2
2019-09-14T01:00+02:00,1590.6,337.6,10561.9,0,1284.1,11754.1
2019-09-14T02:00+02:00,1583.8,339.3,10368.3,0,1294.3,11733.8
2019-09-14T03:00+02:00,1575.6,337.9,10614.2,0,1299.1,11654
2019-09-14T04:00+02:00,1573.8,342.1,10955.4,0,1194,11656.9
2019-09-14T05:00+02:00,1572.6,339.5,11670.4,0,1197.7,11889
2019-09-14T06:00+02:00,1570.7,340.2,12088,0,1152.1,12044.9
2019-09-14T07:00+02:00,1573.1,338.8,12953.4,0,1079.7,12226.9
2019-09-14T08:00+02:00,1574.2,339.7,13602.4,0,1002,12726.3
2019-09-14T09:00+02:00,1569,343.8,14059.4,0,1013.9,13278.3
2019-09-14T10:00+02:00,1565.9,343.6,13937,0,937.9,13466.8
2019-09-14T11:00+02:00,1562,341.6,13505.3,0,890.2,13368.5
2019-09-14T12:00+02:00,1561.2,342.4,13070.8,0,914.1,13256.1
2019-09-14T13:00+02:00,1558.3,340.8,12307.7,0,1010.7,13235.3
2019-09-14T14:00+02:00,1566,342.8,11721.4,0,912,13180
2019-09-14T15:00+02:00,1561.8,340.9,11763.1,0,857.8,13179.5
2019-09-14T16:00+02:00,1573.8,344.1,13403,0,832.9,13414.3
2019-09-14T17:00+02:00,1579.9,339.3,13547.6,0,936.3,13495.8
2019-09-14T18:00+02:00,1586.7,336.4,13709.1,0,1041,13608.7
2019-09-14T19:00+02:00,1592.7,343.2,13575.4,0,1145.7,13572.4
2019-09-14T20:00+02:00,1594.1,340.8,12704.6,0,1257.6,13351.1
2019-09-14T21:00+02:00,1599.1,344.1,11845.9,0,1304.1,12980.2
2019-09-14T22:00+02:00,1601.9,335.2,11315.4,0,1440.9,12784.2
2019-09-14T23:00+02:00,1600,330.7,10158.1,0,1422.3,12370.2
2019-09-15T00:00+02:00,1579.5,308.3,9874.1,0,1425.2,11890.1
2019-09-15T01:00+02:00,1559.5,339.1,8491.4,0,1410.2,11415.6
2019-09-15T02:00+02:00,1554.1,342.2,7664,0,1370.5,11281
2019-09-15T03:00+02:00,1546.8,339.9,7414.8,0,1407.3,11221.8
2019-09-15T04:00+02:00,1550.4,339.4,6960,0,1398.8,10992.6
2019-09-15T05:00+02:00,1553.4,338.7,7216.4,0,1414.1,11118.7
2019-09-15T06:00+02:00,1559.6,337.8,7541.2,0,1460.1,11376.9
2019-09-15T07:00+02:00,1552.2,337.5,8112.8,0,1475.2,11554
2019-09-15T08:00+02:00,1552.3,338.4,9611.4,0,1433.4,12068.7
2019-09-15T09:00+02:00,1556.5,337.2,10159.3,0,1447.2,12577.7
2019-09-15T10:00+02:00,1556.2,337.8,9874.5,0,1466.7,12768.5
2019-09-15T11:00+02:00,1563.5,340.3,9242.7,0,1479.4,12526.9
2019-09-15T12:00+02:00,1564.7,337.2,9246,0,1450,12758.5
2019-09-15T13:00+02:00,1563.4,328.9,9189.6,0,1453.5,12873.6
2019-09-15T14:00+02:00,1561.4,327.4,8961.5,0,1451.6,12734.6
2019-09-15T15:00+02:00,1558.2,326.1,8932.9,0,1354.9,12601.7
2019-09-15T16:00+02:00,1563.5,328.7,9687.5,0,1250.3,12563.3
2019-09-15T17:00+02:00,1564.3,331.4,11640.9,0,1274.4,12914.9
2019-09-15T18:00+02:00,1546.3,322.7,12455.6,0,1246.8,12974.8
2019-09-15T19:00+02:00,1542,327.1,13022.8,0,1208.3,13138.3
2019-09-15T20:00+02:00,1540.9,333.4,12532.4,0,1180.4,13130.6
2019-09-15T21:00+02:00,1544.9,333.6,11765,0,1281,12993.6
2019-09-15T22:00+02:00,1538,333.2,10229.3,0,1270.8,12234.4
2019-09-15T23:00+02:00,1539.3,332.4,9494.7,0,1323.6,11873.9
2019-09-16T00:00+02:00,1487.1,328.1,8696.3,0,1311.5,11422
2019-09-16T01:00+02:00,1487.7,331,8008.9,0,1256.7,11128.2
2019-09-16T02:00+02:00,1491.7,333.5,7956.6,0,1197.3,11095.8
2019-09-16T03:00+02:00,1492.4,331.8,8336.6,0,1170.7,11091.5
2019-09-16T04:00+02:00,1491.4,331,8933.8,0,1262.4,11384.4
2019-09-16T05:00+02:00,1494,330.6,10740.1,0,1241.1,12078.8
2019-09-16T06:00+02:00,1498.3,328.9,13293.7,0,1186.3,13415.5
2019-09-16T07:00+02:00,1522.8,324.8,14309.2,0,1127.3,14554.1
2019-09-16T08:00+02:00,1542.1,332.4,14511.9,0,1088.3,14807
2019-09-16T09:00+02:00,1549.7,326.2,14293,0,1139.3,14530
2019-09-16T10:00+02:00,1553.8,302.9,14103.6,0,1163.6,14281.3
2019-09-16T11:00+02:00,1545.4,305.1,14231.2,0,1165.6,14265.4
2019-09-16T12:00+02:00,1549.5,304.1,13882.9,0,1124.5,14086.7
2019-09-16T13:00+02:00,1550.3,310.7,13804,0,1091.2,13885
2019-09-16T14:00+02:00,1558.5,310.3,13728.7,0,1091.2,13707
2019-09-16T15:00+02:00,1549.9,308.6,13727.7,0,1046.3,13780.4
2019-09-16T16:00+02:00,1551.4,306.4,13885.9,0,1007.7,13840.1
2019-09-16T17:00+02:00,1585.7,303.8,14265.6,0,1123.9,14100.4
2019-09-16T18:00+02:00,1589.3,308,14233.3,0,1087,14161.6
2019-09-16T19:00+02:00,1593,307.9,14557,0,1021.2,14240.5
2019-09-16T20:00+02:00,1592,283.1,13996.9,0,963.4,14265
2019-09-16T21:00+02:00,1588.3,283.4,13778.9,0,977,14084.4
2019-09-16T22:00+02:00,1582.8,283.7,13517.7,0,906.6,13532.2
2019-09-16T23:00+02:00,1584.2,306.3,12830.5,0,833.4,12694.2
2019-09-17T00:00+02:00,1580.4,314.2,12324.2,0,920.5,12393.9
2019-09-17T01:00+02:00,1572.9,312.4,12024.8,0,891.5,12256.1
2019-09-17T02:00+02:00,1567.5,310,11728.7,0,804.9,12117.5
2019-09-17T03:00+02:00,1563.3,310.9,11667,0,796.1,12091.7
2019-09-17T04:00+02:00,1562.2,312.2,11858.8,0,868.5,12267.8
2019-09-17T05:00+02:00,1555,306.5,12526.1,0,789.7,12650.1
2019-09-17T06:00+02:00,1555.8,309.6,13832.6,0,749.1,13669.7
2019-09-17T07:00+02:00,1551.6,304.3,15060.5,0,813,14966.4
2019-09-17T08:00+02:00,1555.1,298.2,15210.4,0,849.7,15188.5
2019-09-17T09:00+02:00,1555.4,301.1,14949.3,0,783.5,14882.2
2019-09-17T10:00+02:00,1555,298,14800.5,0,795.7,14625.8
2019-09-17T11:00+02:00,1552.1,306.8,14070.8,0,913.7,14615.5
2019-09-17T12:00+02:00,1554.6,309.2,12642.8,0,799.2,14357.4
2019-09-17T13:00+02:00,1556,324.8,12336.2,0,837.3,14278.5
2019-09-17T14:00+02:00,1551.6,309.6,11789.6,0,698.6,14096
2019-09-17T15:00+02:00,1554,317.2,11967.3,0,714.7,14090
2019-09-17T16:00+02:00,1553,319.6,12312.8,0,859.5,14168.9
2019-09-17T17:00+02:00,1551.6,320.3,12862,0,885.8,14064.4
2019-09-17T18:00+02:00,1555.9,321.1,13188.3,0,954.1,14064
2019-09-17T19:00+02:00,1552.2,316.4,14215.8,0,857.5,14240.2
2019-09-17T20:00+02:00,1547,312.8,14344.4,0,895.6,14504.5
2019-09-17T21:00+02:00,1545,311.2,13875.2,0,785.7,14069.7
2019-09-17T22:00+02:00,1545.3,320.4,13381.9,0,968.8,13757.1
2019-09-17T23:00+02:00,1544.6,323.5,12348.2,0,769.7,12786.1
2019-09-18T00:00+02:00,1516.7,328.8,11285.5,0,925.7,12435.6
2019-09-18T01:00+02:00,1513.5,327.8,11124.1,0,818.1,11987.7
2019-09-18T02:00+02:00,1511,329.6,10894.6,0,923.8,11973.7
2019-09-18T03:00+02:00,1509.2,327,11061.4,0,876.1,11915.6
2019-09-18T04:00+02:00,1507.7,328.5,11479.2,0,875.4,11988.6
2019-09-18T05:00+02:00,1501.9,323,12351.2,0,965.8,12468.9
2019-09-18T06:00+02:00,1504.9,327,13790.4,0,846.2,13683.5
2019-09-18T07:00+02:00,1506,327.6,14623.8,0,923.6,14706.3
2019-09-18T08:00+02:00,1503.5,329.5,14838.7,0,888.5,14942.3
2019-09-18T09:00+02:00,1502.3,333.1,14529.1,0,909.9,14848.9
2019-09-18T10:00+02:00,1492.8,332.6,14132.7,0,925.3,14625
2019-09-18T11:00+02:00,1490.3,331.9,14000.6,0,1009.2,14359.9
2019-09-18T12:00+02:00,1489.2,335.6,13260.8,0,810.3,14086.5
2019-09-18T13:00+02:00,1487.8,334.1,13103.6,0,1012.5,14184.9
2019-09-18T14:00+02:00,1485.4,331.1,12869,0,912.2,14054.7
2019-09-18T15:00+02:00,1481.5,326.5,13167,0,918.2,13889.5
2019-09-18T16:00+02:00,1486.3,330.4,13731,0,903.3,13896.4
2019-09-18T17:00+02:00,1489.2,321.2,14245.8,0,933.9,13891.4
2019-09-18T18:00+02:00,1482,320.3,14592.2,0,974.8,14014.6
2019-09-18T19:00+02:00,1480,334.3,14830.1,0,920.6,14377.6
2019-09-18T20:00+02:00,1477.6,334,14756.4,0,863,14657.1
2019-09-18T21:00+02:00,1474.1,335.3,14451.1,0,731.2,14301.7
2019-09-18T22:00+02:00,1470.1,329.1,13826.3,0,703,13719.9
2019-09-18T23:00+02:00,1474.6,334.7,13198.2,0,688.3,13090.2
2019-09-19T00:00+02:00,1454.7,332.1,12747.3,0,619.1,12460.2
2019-09-19T01:00+02:00,1454.1,326.8,12690.6,0,726.8,12504.3
2019-09-19T02:00+02:00,1450.9,331.4,12440.3,0,690.7,12391.2
2019-09-19T03:00+02:00,1447.6,332.2,12373.6,0,703,12473.6
2019-09-19T04:00+02:00,1446.6,334.5,12497.7,0,506.6,12469
2019-09-19T05:00+02:00,1443.4,332.9,13125.3,0,469.7,12989.7
2019-09-19T06:00+02:00,1437,332.2,14284.5,0,503.5,14231.6
2019-09-19T07:00+02:00,1437.7,332.4,15562.4,0,449.7,15494.2
2019-09-19T08:00+02:00,1431.8,336.1,15978.9,0,427.5,15750.1
2019-09-19T09:00+02:00,1432.8,326,16124.3,0,419,15477.8
2019-09-19T10:00+02:00,1424.8,323.9,15818.6,0,393.5,15150.2
2019-09-19T11:00+02:00,1422.3,323,15579.4,0,418.2,15034.3
2019-09-19T12:00+02:00,1418,321.8,15505.7,0,307.9,14728.4
2019-09-19T13:00+02:00,1419.2,320.1,15502.8,0,301.1,14624.3
2019-09-19T14:00+02:00,1417.6,321.2,15173.2,0,318.6,14658.5
2019-09-19T15:00+02:00,1414.9,320.1,15099.2,0,328.7,14547
2019-09-19T16:00+02:00,1417.7,320.2,15510.1,0,322.8,14602.8
2019-09-19T17:00+02:00,1417.7,323.5,15652.9,0,332.3,14694.6
2019-09-19T18:00+02:00,1420.2,322.4,15649.1,0,291.2,14660.8
2019-09-19T19:00+02:00,1420.5,323.5,15704.5,0,326.5,14897.3
2019-09-19T20:00+02:00,1425,325.7,15648.6,0,329.4,15101.2
2019-09-19T21:00+02:00,1426.6,323.4,15413,0,380.4,14787.5
2019-09-19T22:00+02:00,1428.2,323.5,14750.4,0,429.6,14122.1
2019-09-19T23:00+02:00,1429.7,334.6,14150.7,0,471.7,13410.2
2019-09-20T00:00+02:00,1376.2,347.7,13561,0,502.5,12536.2
2019-09-20T01:00+02:00,1366,341.5,13252.6,0,703.2,12257.8
2019-09-20T02:00+02:00,1360.2,331.5,13031.6,0,847.9,12093.4
2019-09-20T03:00+02:00,1353.2,330.6,12735.3,0,952.9,12094.4
2019-09-20T04:00+02:00,1353.5,332.7,12895.9,0,996.9,12162.6
2019-09-20T05:00+02:00,1355.5,329.1,13160.8,0,973.1,12620.7
2019-09-20T06:00+02:00,1352,328.3,14417.2,0,948.1,13784
2019-09-20T07:00+02:00,1360.1,331.6,15331,0,958.4,14820.6
2019-09-20T08:00+02:00,1362.5,332,15609.8,0,999,15169.1
2019-09-20T09:00+02:00,1365.7,329.3,15391.1,0,1044,15095.1
2019-09-20T10:00+02:00,1365.7,322.9,15088.5,0,1037.6,14976.1
2019-09-20T11:00+02:00,1364.4,340.1,14439.5,0,1052,14568.5
2019-09-20T12:00+02:00,1366.3,328.7,14154.5,0,1026.2,14288.2
2019-09-20T13:00+02:00,1361.8,328.7,13850,0,998.5,14109.5
2019-09-20T14:00+02:00,1362.8,327,14305,0,1006.5,14013
2019-09-20T15:00+02:00,1363.2,327.6,14341.5,0,1014.5,13735.7
2019-09-20T16:00+02:00,1363.4,329.2,14920,0,1048.6,13877.5
2019-09-20T17:00+02:00,1370.9,330.8,14421.9,0,1039,13820
2019-09-20T18:00+02:00,1367.2,331.5,14470,0,1047.9,13755.5
2019-09-20T19:00+02:00,1369.8,332.4,14455.7,0,1059.1,13984.4
2019-09-20T20:00+02:00,1368.2,333.2,14239.4,0,1022.4,13898.7
2019-09-20T21:00+02:00,1366.6,334.6,14282,0,996.2,13538.1
2019-09-20T22:00+02:00,1362.5,334.9,14009.8,0,969.7,13057.5
2019-09-20T23:00+02:00,1353,331.6,13537.4,0,944.7,12655.5
2019-09-21T00:00+02:00,1311.2,329.3,12475,0,916.7,12029.8
2019-09-21T01:00+02:00,1291.7,329.6,11144.2,0,923.2,11684.3
2019-09-21T02:00+02:00,1280.6,330.8,10770.7,0,944.1,11652.1
2019-09-21T03:00+02:00,1268.8,333.8,10756.5,0,898.4,11558.2
2019-09-21T04:00+02:00,1266.5,317.1,11033.7,0,929.1,11533.4
2019-09-21T05:00+02:00,1262.1,329.7,11135.9,0,926.9,11716
2019-09-21T06:00+02:00,1258.4,332.8,11763.2,0,903.5,11982
2019-09-21T07:00+02:00,1252,330.9,12621.7,0,813.8,12208.3
2019-09-21T08:00+02:00,1253,329.8,13525.2,0,804.9,12780.4
2019-09-21T09:00+02:00,1254.4,315.3,14025.1,0,816.4,13219.7
2019-09-21T10:00+02:00,1251.2,317.3,13377.4,0,701.8,13191.7
2019-09-21T11:00+02:00,1247.3,317.6,12727.4,0,748.8,13105.9
2019-09-21T12:00+02:00,1252.2,319.9,12061,0,694,12811
2019-09-21T13:00+02:00,1252.4,317.9,11653.2,0,656.4,12531.3
2019-09-21T14:00+02:00,1251.7,334.3,11193.9,0,696.1,12433.2
2019-09-21T15:00+02:00,1249.1,334.5,11715.3,0,698.5,12466.6
2019-09-21T16:00+02:00,1246.8,331.4,12748.1,0,502.4,12431.2
2019-09-21T17:00+02:00,1249.4,331.1,13746.9,0,484.8,12496.7
2019-09-21T18:00+02:00,1248.3,331,14012.3,0,444.6,12583.6
2019-09-21T19:00+02:00,1251.2,331.9,14115.1,0,356.5,12736.3
2019-09-21T20:00+02:00,1247.7,330.1,13819.1,0,309,12802.9
2019-09-21T21:00+02:00,1243.7,332.1,13642.2,0,294.2,12555.1
2019-09-21T22:00+02:00,1241.7,332.4,13202.4,0,240.2,12187
2019-09-21T23:00+02:00,1237,332.1,12330.7,0,264.7,11909.5
2019-09-22T00:00+02:00,1205.4,334.9,10775.3,0,249.8,11539.2
2019-09-22T01:00+02:00,1185.6,335.4,9802.4,0,178.8,11249.3
2019-09-22T02:00+02:00,1191.6,334.5,10001.5,0,169.8,11283.7
2019-09-22T03:00+02:00,1183.2,334.2,9919.3,0,218.1,11335.2
2019-09-22T04:00+02:00,1182.5,333.6,10326.6,0,326.8,11420.7
2019-09-22T05:00+02:00,1183.5,336.2,10037.5,0,232.4,11352.7
2019-09-22T06:00+02:00,1180.7,334.6,9854.5,0,291.1,11577.7
2019-09-22T07:00+02:00,1181.8,336.8,10398,0,273.8,11802.7
2019-09-22T08:00+02:00,1183.2,336.4,11024.2,0,254.2,12198.1
2019-09-22T09:00+02:00,1188.7,333.9,11806,0,291.1,12573.2
2019-09-22T10:00+02:00,1187.6,334.8,11377.5,0,392.9,12740
2019-09-22T11:00+02:00,1190.3,338.6,11357.7,0,417.9,12744.6
2019-09-22T12:00+02:00,1193.5,335,11235.2,0,449,12613.4
2019-09-22T13:00+02:00,1190.7,334.4,10780.2,0,530.3,12561.6
2019-09-22T14:00+02:00,1188.2,337.7,10752.8,0,488.5,12377.2
2019-09-22T15:00+02:00,1188.4,333.5,11223.4,0,512.9,12289.8
2019-09-22T16:00+02:00,1187.4,333.8,12546.6,0,570.7,12310.1
2019-09-22T17:00+02:00,1187.7,333.3,13899,0,633.8,12551.8
2019-09-22T18:00+02:00,1187.2,335,14455.1,0,737.2,12844.4
2019-09-22T19:00+02:00,1184.7,336.6,14500,0,828.8,13256.3
2019-09-22T20:00+02:00,1177.1,338.5,13882,0,814.8,13296
2019-09-22T21:00+02:00,1178.1,338.9,13904.2,0,881.1,13147.7
2019-09-22T22:00+02:00,1173.2,339,13282.9,0,977.7,12739.4
2019-09-22T23:00+02:00,1170.5,335.8,11979.1,0,967.8,11948.3
2019-09-23T00:00+02:00,1155.1,338.3,9699.4,0,910.9,11361.6
2019-09-23T01:00+02:00,1147.7,340.2,8854.4,0,898.7,11103.8
2019-09-23T02:00+02:00,1150,343.4,8997.6,0,879.1,11000.4
2019-09-23T03:00+02:00,1147.3,343.6,8964.9,0,890.3,11238
2019-09-23T04:00+02:00,1146,341.6,9360.8,0,881.9,11428.8
2019-09-23T05:00+02:00,1143.5,340.2,11931.4,0,954.3,12133.4
2019-09-23T06:00+02:00,1144,337.2,14255.6,0,881.3,13120.4
2019-09-23T07:00+02:00,1158.4,336.8,15294.9,0,845.7,14236.3
2019-09-23T08:00+02:00,1167.3,336.5,15347.4,0,864.4,14566.5
2019-09-23T09:00+02:00,1174.5,333.5,15242.4,0,843,14558.1
2019-09-23T10:00+02:00,1175.2,333.4,15036.8,0,794,14434.7
2019-09-23T11:00+02:00,1175.1,335.8,15141.9,0,740.8,14269.3
2019-09-23T12:00+02:00,1170.4,336,15219.1,0,695.9,14288.8
2019-09-23T13:00+02:00,1174.3,336.3,15060.4,0,653.1,14168.2
2019-09-23T14:00+02:00,1175.7,335.5,14840.2,0,602,14205.8
2019-09-23T15:00+02:00,1169.5,336.6,14954.7,0,630.5,14094.5
2019-09-23T16:00+02:00,1172.2,332.6,15226.9,0,613.3,14089.5
2019-09-23T17:00+02:00,1173.6,331,15083.3,0,611.8,13988.1
2019-09-23T18:00+02:00,1167,329.3,15045.1,0,585.4,13867
2019-09-23T19:00+02:00,1169.2,332.6,15263.7,0,619.8,14183.2
2019-09-23T20:00+02:00,1171,334.6,14718.1,0,731.2,14458.4
2019-09-23T21:00+02:00,1164.5,334.1,14773.2,0,633.4,14128.8
2019-09-23T22:00+02:00,1159.5,333.2,14461.6,0,596.8,13576.4
2019-09-23T23:00+02:00,1156.8,341.4,13981.6,0,561.7,12902.8
2019-09-24T00:00+02:00,1115.8,335.8,12992.1,0,592.4,12244.9
2019-09-24T01:00+02:00,1105.4,340.2,12383.9,0,525.2,11793.6
2019-09-24T02:00+02:00,1100.5,332.1,12250.3,0,521.7,11660.3
2019-09-24T03:00+02:00,1092.9,332,12185.1,0,580.9,11753.8
2019-09-24T04:00+02:00,1092,337.4,12165.9,0,577.8,11852.6
2019-09-24T05:00+02:00,1088.5,332.2,13168.8,0,553.5,12197.5
2019-09-24T06:00+02:00,1091.4,333.6,14296.1,0,502.9,13306.1
2019-09-24T07:00+02:00,1095.4,332.7,15521.8,0,494.6,14325.1
2019-09-24T08:00+02:00,1094.9,334.6,15805.6,0,488.8,14412.6
2019-09-24T09:00+02:00,1090.1,329.4,15702.8,0,530.5,14511.4
2019-09-24T10:00+02:00,1084.7,334.9,15764.3,0,480.1,14423.5
2019-09-24T11:00+02:00,1079.1,336.2,15627.7,0,455.9,14170
2019-09-24T12:00+02:00,1077.9,329.6,15105.9,0,452.6,13843.7
2019-09-24T13:00+02:00,1076,327.2,15123.2,0,445.6,13958.3
2019-09-24T14:00+02:00,1079.3,326.8,15370.3,0,436.5,14113.7
2019-09-24T15:00+02:00,1077.1,328.5,15546.6,0,435,14063.7
2019-09-24T16:00+02:00,1076.2,316.2,15644.9,0,442.2,14224.2
2019-09-24T17:00+02:00,1073.9,327.9,15455.5,0,441.1,14103.4
2019-09-24T18:00+02:00,1076.7,328.8,15177.9,0,523.8,14119.2
2019-09-24T19:00+02:00,1075.6,330,15271.8,0,588,14322
2019-09-24T20:00+02:00,1074,330.9,14812.6,0,613.7,14388.7
2019-09-24T21:00+02:00,1069.9,330,14469.4,0,639.7,13958.6
2019-09-24T22:00+02:00,1066.4,329.7,14369.6,0,675,13439.8
2019-09-24T23:00+02:00,1062.7,334.6,13108.2,0,711.6,12756.4
2019-09-25T00:00+02:00,1045.2,332.9,12407.5,0,752.3,12146.3
2019-09-25T01:00+02:00,1046.6,334.8,12131.4,0,853.6,11907
2019-09-25T02:00+02:00,1045.3,332,11294.8,0,843.5,11698.2
2019-09-25T03:00+02:00,1044.4,334.6,11186.6,0,801.4,11629.8
2019-09-25T04:00+02:00,1044.1,319.7,11233.5,0,824.6,11723.8
2019-09-25T05:00+02:00,1042.8,331.9,12149.6,0,828.7,12055
2019-09-25T06:00+02:00,1046.2,332.6,13772.2,0,851.6,13239
2019-09-25T07:00+02:00,1052.1,330.9,15258.2,0,850.1,14495.5
2019-09-25T08:00+02:00,1044.5,333.9,15566.7,0,825.8,14689.8
2019-09-25T09:00+02:00,1046.2,331.9,15614,0,792.5,14596.6
2019-09-25T10:00+02:00,1045.6,332.8,15718.5,0,766.7,14525.6
2019-09-25T11:00+02:00,1045.3,331.9,15507,0,722.5,14348.5
2019-09-25T12:00+02:00,1043.8,321,15141.1,0,708.4,14064
2019-09-25T13:00+02:00,1043.6,323.6,14956,0,704.9,14124.9
2019-09-25T14:00+02:00,1039.5,324.1,15333.7,0,691.1,14115.7
2019-09-25T15:00+02:00,1033,319,15374.6,0,698.3,14134.5
2019-09-25T16:00+02:00,1030.6,325.4,14998.7,0,683.8,14152.9
2019-09-25T17:00+02:00,1027.5,328.9,14853.5,0,654.9,13965.9
2019-09-25T18:00+02:00,1028.2,330.1,15004.1,0,661.8,13933.2
2019-09-25T19:00+02:00,1029.8,331.6,15267.2,0,664.5,14101.9
2019-09-25T20:00+02:00,1025.9,330.8,14801,0,668.1,14106.8
2019-09-25T21:00+02:00,1025.3,322.3,14607,0,651.5,13855.8
2019-09-25T22:00+02:00,1014.2,320.4,14144.8,0,613,13229.6
2019-09-25T23:00+02:00,1012.4,324.5,13576.8,0,622.5,12589.2
2019-09-26T00:00+02:00,1000.3,311.7,12697.6,0,708.8,12142.8
2019-09-26T01:00+02:00,998.5,318.6,12040.5,0,666.6,11757.2
2019-09-26T02:00+02:00,997.7,318.6,11377.7,0,697,11593.9
2019-09-26T03:00+02:00,996.5,320.2,10927.8,0,631.2,11534.9
2019-09-26T04:00+02:00,997.2,319.7,11370.3,0,643.4,11632.2
2019-09-26T05:00+02:00,996.7,321.9,12434.1,0,663.5,12060
2019-09-26T06:00+02:00,999.7,322.4,14638.3,0,674,13268.6
2019-09-26T07:00+02:00,1002,324.1,15441.8,0,689.7,14394.1
2019-09-26T08:00+02:00,999.4,321.5,15794.6,0,686.8,14657.2
2019-09-26T09:00+02:00,1000.1,316.8,15838.4,0,711.8,14558.7
2019-09-26T10:00+02:00,997.5,321.2,15712.4,0,709.5,14461.1
2019-09-26T11:00+02:00,991.5,323,15320.8,0,734.4,14289
2019-09-26T12:00+02:00,988.8,320.6,15111.3,0,750.5,14046.6
2019-09-26T13:00+02:00,989.7,328.6,15111.4,0,768.2,13749.6
2019-09-26T14:00+02:00,989.6,295.1,14822.4,0,775.3,13937.3
2019-09-26T15:00+02:00,990.1,286.5,14839,0,838.3,13967.1
2019-09-26T16:00+02:00,991.9,291.5,15002.2,0,840.8,14058.5
2019-09-26T17:00+02:00,990.5,279.7,15137.2,0,851.4,14077.5
2019-09-26T18:00+02:00,990.2,277.9,14991.9,0,930.3,14017.8
2019-09-26T19:00+02:00,991.3,275.3,14953.8,0,986.2,14168.5
2019-09-26T20:00+02:00,990.6,274.3,14420.3,0,1005.3,14137.8
2019-09-26T21:00+02:00,990.6,299.8,13275.9,0,1046.7,13804.1
2019-09-26T22:00+02:00,984.5,303.6,11681.9,0,1086.4,13309.1
2019-09-26T23:00+02:00,983.9,320,10350.7,0,1083.1,12591.6
2019-09-27T00:00+02:00,987.3,327.8,9502.2,0,1117.1,12108.8
2019-09-27T01:00+02:00,989.5,331.5,8777.7,0,1163.3,11899
2019-09-27T02:00+02:00,991.8,336.9,9005.4,0,1036.5,11753.5
2019-09-27T03:00+02:00,994,338.3,9674,0,852.1,11782.7
2019-09-27T04:00+02:00,998,335.2,10297.1,0,850.6,11803.6
2019-09-27T05:00+02:00,1001.7,347,11557.8,0,857.3,12088
2019-09-27T06:00+02:00,1007.6,346.6,13849.5,0,858.7,13243.2
2019-09-27T07:00+02:00,1025.7,347.3,15282.9,0,819.2,14586.9
2019-09-27T08:00+02:00,1047.7,346.3,15593.9,0,796,14653.2
2019-09-27T09:00+02:00,1043.5,317,15334.7,0,827,14517.1
2019-09-27T10:00+02:00,1049.2,317.7,15282,0,854.9,14483.9
2019-09-27T11:00+02:00,1053.2,316.8,15186.8,0,861.3,14568.9
2019-09-27T12:00+02:00,1053,318.4,14767.6,0,860.3,14437
2019-09-27T13:00+02:00,1048.4,316.7,13947.9,0,860.8,14204.2
2019-09-27T14:00+02:00,1050.2,318.9,13324.4,0,825.5,14173
2019-09-27T15:00+02:00,1049.4,317.6,13600.7,0,824.4,14215.5
2019-09-27T16:00+02:00,1050.2,340.2,14109.3,0,851.8,14192.3
2019-09-27T17:00+02:00,1053.2,347.3,14738.3,0,864.1,14174.5
2019-09-27T18:00+02:00,1066,349.2,14682.5,0,860,14156
2019-09-27T19:00+02:00,1069.5,356.5,14771.4,0,876.1,14313.3
2019-09-27T20:00+02:00,1071.4,353.5,14565.4,0,907.5,14164.4
2019-09-27T21:00+02:00,1076.7,357.9,14213.5,0,840.8,13645.2
2019-09-27T22:00+02:00,1072.3,355.7,13081.1,0,830.6,12968
2019-09-27T23:00+02:00,1074.4,352.8,10716.1,0,856.5,12290.1
2019-09-28T00:00+02:00,1062.7,353,9949,0,873.3,12154.4
2019-09-28T01:00+02:00,1060.3,350,8955.5,0,907.5,11530.4
2019-09-28T02:00+02:00,1058.7,348,7785.6,0,919.8,11335
2019-09-28T03:00+02:00,1057.6,354,7554.8,0,1005.4,11437.8
2019-09-28T04:00+02:00,1058.8,351.5,7547.7,0,960.2,11326.6
2019-09-28T05:00+02:00,1060,347.4,7842.4,0,964.8,11461.4
2019-09-28T06:00+02:00,1059.5,349.2,7800.6,0,995.5,11783.9
2019-09-28T07:00+02:00,1063.9,351.7,8692.9,0,1028.5,12212.7
2019-09-28T08:00+02:00,1067.3,352.6,11028.9,0,877.1,12625.5
2019-09-28T09:00+02:00,1065.8,352,12650.5,0,787.1,13278.2
2019-09-28T10:00+02:00,1075.5,356.5,12154.1,0,866.4,13514.7
2019-09-28T11:00+02:00,1083.3,336.5,11471.5,0,696.8,13297.2
2019-09-28T12:00+02:00,1093.7,335.1,10978.8,0,725.4,13148.9
2019-09-28T13:00+02:00,1094.8,335.6,10689.3,0,661.9,12919.1
2019-09-28T14:00+02:00,1098.2,335,10484.6,0,685.9,12878.4
2019-09-28T15:00+02:00,1098.7,334.5,10445.9,0,555.6,12759.5
2019-09-28T16:00+02:00,1091.1,334.6,10786.1,0,453.6,12841.5
2019-09-28T17:00+02:00,1089.8,334.8,11731.8,0,393.6,12790.3
2019-09-28T18:00+02:00,1087.9,334.9,13332.3,0,356.2,12991.9
2019-09-28T19:00+02:00,1087.5,335.8,13992,0,291.4,13268
2019-09-28T20:00+02:00,1086.7,335,11919.7,0,270.5,12804.4
2019-09-28T21:00+02:00,1086.3,335.1,9664.2,0,239.2,12443.1
2019-09-28T22:00+02:00,1085.8,335.4,8907,0,217.5,11919.4
2019-09-28T23:00+02:00,1084.1,334.8,8980.3,0,208.3,12134.4
2019-09-29T00:00+02:00,1122.4,335.4,8399.5,0,190,11655.9
2019-09-29T01:00+02:00,1138.3,336.5,8296.3,0,156.7,11366.9
2019-09-29T02:00+02:00,1145.2,336.6,7910.9,0,122.6,11253.1
2019-09-29T03:00+02:00,1154.5,335.5,7314.9,0,107.3,11150.8
2019-09-29T04:00+02:00,1150.7,335.3,7422.4,0,111.6,11190.4
2019-09-29T05:00+02:00,1151.3,336.4,7875.8,0,119.7,11346.5
2019-09-29T06:00+02:00,1154.6,336.6,7812.3,0,122.2,11426.7
2019-09-29T07:00+02:00,1155.5,336.7,8095.3,0,119.1,11643.8
2019-09-29T08:00+02:00,1157.8,336.8,9007,0,131.5,12123.3
2019-09-29T09:00+02:00,1148,333.4,10123.7,0,156,12600.5
2019-09-29T10:00+02:00,1147.5,336.6,10992.7,0,129.1,12821.9
2019-09-29T11:00+02:00,1149.1,336.9,10850.4,0,215.4,12888.5
2019-09-29T12:00+02:00,1155.3,337,10852.3,0,328.2,12911.3
2019-09-29T13:00+02:00,1157.7,337.2,10507.8,0,439.6,12730.7
2019-09-29T14:00+02:00,1159.7,336.9,10648.3,0,503.6,12777
2019-09-29T15:00+02:00,1160,336,10493,0,578.6,12823.6
2019-09-29T16:00+02:00,1160.8,336.4,10691.9,0,577.8,12871.6
2019-09-29T17:00+02:00,1159.4,336.9,11285.8,0,585.8,13031.4
2019-09-29T18:00+02:00,1160.5,336.9,12832,0,572.3,13234.2
2019-09-29T19:00+02:00,1157.8,318.9,13830.4,0,544.3,13596.2
2019-09-29T20:00+02:00,1161.5,318.5,13243,0,536.8,13566.7
2019-09-29T21:00+02:00,1162.9,318.7,12147.4,0,532,13311
2019-09-29T22:00+02:00,1163.8,319.3,10887.5,0,460.9,12775.1
2019-09-29T23:00+02:00,1164.1,319.8,8969.6,0,537.4,12281.7
2019-09-30T00:00+02:00,1193.2,328.6,7614.7,0,663.2,12056.6
2019-09-30T01:00+02:00,1210.6,328,6912.8,0,595,11860.7
2019-09-30T02:00+02:00,1216.1,327.5,6764.5,0,620.1,11800.8
2019-09-30T03:00+02:00,1219,327.3,6707.5,0,699.8,11716.8
2019-09-30T04:00+02:00,1219.8,326.9,7136.3,0,648.6,11902.3
2019-09-30T05:00+02:00,1220.8,326.7,8660,0,677.5,12299.7
2019-09-30T06:00+02:00,1219.9,328.2,12058.5,0,748.6,13368.1
2019-09-30T07:00+02:00,1226.7,327.9,14008.8,0,685.6,14457.5
2019-09-30T08:00+02:00,1241,328.5,14649.6,0,720.1,14874.6
2019-09-30T09:00+02:00,1249.8,293.1,14041.2,0,763.2,14943
2019-09-30T10:00+02:00,1264.9,290.2,14048.9,0,758.4,14997
2019-09-30T11:00+02:00,1267,287.5,13697.3,0,727.9,14844.4
2019-09-30T12:00+02:00,1266.2,287.1,13531,0,820.4,14813
2019-09-30T13:00+02:00,1263.9,286.6,13305.1,0,780.1,14596.9
2019-09-30T14:00+02:00,1267.6,286.6,12909.8,0,842.9,14806.8
2019-09-30T15:00+02:00,1269.4,325.2,12820.4,0,899.9,14964.1
2019-09-30T16:00+02:00,1272.2,322.4,13215.2,0,797,14856.5
2019-09-30T17:00+02:00,1268.9,322.6,14257.7,0,776.6,14780.7
2019-09-30T18:00+02:00,1267.8,323.2,14619.6,0,789.6,14783.8
2019-09-30T19:00+02:00,1267.3,323.5,15127.7,0,754.6,15179.5
2019-09-30T20:00+02:00,1275.9,323.9,15053.6,0,666.9,15081.3
2019-09-30T21:00+02:00,1273.5,323.5,14363.8,0,713.7,14800.9
2019-09-30T22:00+02:00,1273.9,323.2,13336.9,0,729.8,14271.4
2019-09-30T23:00+02:00,1274.1,323.8,11503.3,0,749.1,13693.5
2019-10-01T00:00+02:00,1318.1,323.4,10100.8,0,776.7,13191.8
2019-10-01T01:00+02:00,1329.7,323.2,9231.4,0,822.5,12870.1
2019-10-01T02:00+02:00,1337.2,322.6,8225.1,0,849.3,12639.6
2019-10-01T03:00+02:00,1341.7,321.9,8175.2,0,768.6,12657.5
2019-10-01T04:00+02:00,1333.8,322.1,8578.8,0,790.4,12779.2
2019-10-01T05:00+02:00,1333.4,321.9,10580.2,0,680.9,13121.7
2019-10-01T06:00+02:00,1338.4,322.4,12997.6,0,616.8,14371.4
2019-10-01T07:00+02:00,1350.9,322.2,14385.3,0,584,15606.2
2019-10-01T08:00+02:00,1342.9,322.1,14528.8,0,542.2,15945.4
2019-10-01T09:00+02:00,1349.1,322.1,14537.5,0,557,15848.5
2019-10-01T10:00+02:00,1350.6,286.8,14357,0,556.2,15455.2
2019-10-01T11:00+02:00,1331.3,284.4,14176.8,0,560.4,15068.1
2019-10-01T12:00+02:00,1342.9,285.2,13830.3,0,626.5,14907.8
2019-10-01T13:00+02:00,1344.6,284.7,13739.9,0,751.3,14837.2
2019-10-01T14:00+02:00,1349.6,284.3,13017.4,0,761.5,14568.9
2019-10-01T15:00+02:00,1357.8,286.8,12933.8,0,749.7,14537.5
2019-10-01T16:00+02:00,1360.1,289.4,12772.4,0,769,14467
2019-10-01T17:00+02:00,1358.2,289.7,13078.8,0,763.7,14361
2019-10-01T18:00+02:00,1361.1,290.3,13556.9,0,778.3,14559.3
2019-10-01T19:00+02:00,1359,290.5,13692.9,0,775.1,14901.1
2019-10-01T20:00+02:00,1357.3,284.8,13400.5,0,738.6,14860.8
2019-10-01T21:00+02:00,1352.3,286,12862.7,0,721.8,14476.4
2019-10-01T22:00+02:00,1327.7,286.6,11953.5,0,684.4,13893
2019-10-01T23:00+02:00,1323.3,286.3,10880.8,0,655.4,13155.5
2019-10-02T00:00+02:00,1328.8,286.9,9490.5,0,663,12645
2019-10-02T01:00+02:00,1323.7,286.6,8627.8,0,647.2,12466.1
2019-10-02T02:00+02:00,1322.6,287,7850.1,0,631.3,12301.1
2019-10-02T03:00+02:00,1320.9,286.4,7780.6,0,568,12298.1
2019-10-02T04:00+02:00,1317.7,287,8253.2,0,554.1,12360.7
2019-10-02T05:00+02:00,1319.1,286,9869.2,0,541.4,12844.2
2019-10-02T06:00+02:00,1317.3,286,11942.7,0,531.2,13949.7
2019-10-02T07:00+02:00,1321.7,286.5,13752.3,0,558.6,15361
2019-10-02T08:00+02:00,1321,286.2,14671.3,0,541.9,15695.8
2019-10-02T09:00+02:00,1324,286.1,14768.1,0,504.6,15675.1
2019-10-02T10:00+02:00,1333.3,285,14836.3,0,463.2,15465.4
2019-10-02T11:00+02:00,1335,284.7,14392.9,0,471.7,15306.6
2019-10-02T12:00+02:00,1336.1,284.4,14091.2,0,455.8,15141.1
2019-10-02T13:00+02:00,1335.4,284.4,13466.3,0,350.1,14998.8
2019-10-02T14:00+02:00,1337.1,285,13478.2,0,313.4,14844.5
2019-10-02T15:00+02:00,1336.2,285.5,13328.3,0,288.2,14739.5
2019-10-02T16:00+02:00,1342.8,284.9,13854.7,0,277,14801.5
2019-10-02T17:00+02:00,1340.9,285.3,14554.6,0,261.7,14717.8
2019-10-02T18:00+02:00,1343.8,285.6,14545.5,0,284.4,14753
2019-10-02T19:00+02:00,1342.5,286.2,14643,0,298.9,15016.9
2019-10-02T20:00+02:00,1339.5,286.1,13707,0,264.3,14791.9
2019-10-02T21:00+02:00,1334.8,286.6,13084.2,0,278,14582.8
2019-10-02T22:00+02:00,1331.7,286.3,11970.5,0,245.7,13995
2019-10-02T23:00+02:00,1330.7,286.4,10277,0,285.5,13376.3
2019-10-03T00:00+02:00,1319.1,285,9194.4,0,331.5,12892.7
2019-10-03T01:00+02:00,1314.4,285.1,7919.6,0,404.1,12512.2
2019-10-03T02:00+02:00,1313.1,284.9,7585.4,0,444.7,12453.5
2019-10-03T03:00+02:00,1311.5,284.7,8135.3,0,459,12587.6
2019-10-03T04:00+02:00,1315.3,285.5,8684.8,0,521.6,12793
2019-10-03T05:00+02:00,1315.5,285.1,10360.8,0,522.6,13337.5
2019-10-03T06:00+02:00,1315.3,285.2,12741.3,0,600,14336
2019-10-03T07:00+02:00,1323.8,285.6,14470.3,0,560.1,15410
2019-10-03T08:00+02:00,1322.1,284.4,15522.9,0,627.3,15888.2
2019-10-03T09:00+02:00,1319.8,286,16015,0,583.8,15974.7
2019-10-03T10:00+02:00,1318.4,285.4,16398,0,651.2,16057.4
2019-10-03T11:00+02:00,1317.6,285.1,16117.8,0,584.8,15890.7
2019-10-03T12:00+02:00,1309.9,280.5,15979.2,0,629.6,15864.3
2019-10-03T13:00+02:00,1310,280.9,15499.3,0,635.6,15563.2
2019-10-03T14:00+02:00,1309.3,286,14864.7,0,642,15335.6
2019-10-03T15:00+02:00,1310.2,287.6,15201.1,0,622.7,15427.6
2019-10-03T16:00+02:00,1310.6,294.3,15474.6,0,601.1,15573.7
2019-10-03T17:00+02:00,1318,295.1,15669.8,0,571.2,15576.6
2019-10-03T18:00+02:00,1316.1,295.8,15793.9,0,706.6,15787.2
2019-10-03T19:00+02:00,1314.9,297.1,16201.9,0,731.2,16019.7
2019-10-03T20:00+02:00,1314.5,297.6,15535.5,0,757.7,15810.1
2019-10-03T21:00+02:00,1313.5,299,15000.1,0,805.5,15477.8
2019-10-03T22:00+02:00,1310.1,299.7,14559,0,822.7,14883.6
2019-10-03T23:00+02:00,1307.2,302.8,13396.2,0,767.5,14236
2019-10-04T00:00+02:00,1307.5,311.1,13017.5,0,754,13748.9
2019-10-04T01:00+02:00,1306,311.3,11319.2,0,865.8,13406.1
2019-10-04T02:00+02:00,1305.4,311.1,10731.1,0,847.8,13316.3
2019-10-04T03:00+02:00,1305,311.6,10497,0,879.7,13261
2019-10-04T04:00+02:00,1303.2,310.8,11331,0,990.5,13527.5
2019-10-04T05:00+02:00,1301.2,311.7,12582.6,0,960.2,13828.3
2019-10-04T06:00+02:00,1301.3,311,14624.2,0,991.2,14899.4
2019-10-04T07:00+02:00,1305.6,311.1,16689.8,0,1030.9,16338.9
2019-10-04T08:00+02:00,1309.7,311.2,17017,0,1067.3,16698.2
2019-10-04T09:00+02:00,1306.2,311.4,16905.8,0,1034.3,16735.9
2019-10-04T10:00+02:00,1307.8,311.3,16601.8,0,1040.9,16716
2019-10-04T11:00+02:00,1307.6,313.2,15947.5,0,948.3,16146.7
2019-10-04T12:00+02:00,1305.5,310.6,16099.4,0,824.8,15940.7
2019-10-04T13:00+02:00,1304.2,313.7,15626,0,743.2,15552.7
2019-10-04T14:00+02:00,1306.4,311.6,15516.1,0,723.3,15378.4
2019-10-04T15:00+02:00,1307.8,310.7,15745.2,0,670.9,15386
2019-10-04T16:00+02:00,1308,341.3,15748.2,0,644.9,15414.6
2019-10-04T17:00+02:00,1308.1,341.3,16150.2,0,618.4,15526.8
2019-10-04T18:00+02:00,1304.3,341.2,16065.1,0,618.4,15629.7
2019-10-04T19:00+02:00,1303.1,341,16022.8,0,677,15966.2
2019-10-04T20:00+02:00,1303.1,340.9,15198.3,0,666.9,15652.3
2019-10-04T21:00+02:00,1301.7,341.2,13939.5,0,621.7,15190.6
2019-10-04T22:00+02:00,1297.6,341.4,12942.2,0,585.1,14722.3
2019-10-04T23:00+02:00,1294.8,343.1,11861,0,492.4,14384.9
2019-10-05T00:00+02:00,1271.5,340.9,11439.1,0,524.5,14045
2019-10-05T01:00+02:00,1265.2,342.1,10526.1,0,558.9,13845.9
2019-10-05T02:00+02:00,1257.2,341.6,9653.3,0,556.6,13715
2019-10-05T03:00+02:00,1258.2,341.7,9151.3,0,516.5,13697.2
2019-10-05T04:00+02:00,1256.8,341.6,9024.3,0,489.2,13706.3
2019-10-05T05:00+02:00,1250.4,340.5,9492.8,0,462.3,13958.1
2019-10-05T06:00+02:00,1249,342,10441.7,0,437.2,14329.4
2019-10-05T07:00+02:00,1248.7,341.5,11550.4,0,434,14695.7
2019-10-05T08:00+02:00,1247.5,340.8,13601.7,0,419,15268.6
2019-10-05T09:00+02:00,1245.9,341.4,15040.3,0,418.9,15624.6
2019-10-05T10:00+02:00,1241.8,343.4,15757.9,0,359.6,15758.8
2019-10-05T11:00+02:00,1241.8,343.1,15617.8,0,342.7,15453.7
2019-10-05T12:00+02:00,1239.5,342.9,15032,0,292.1,15046.7
2019-10-05T13:00+02:00,1243.7,343.3,14374.1,0,333.1,14895.5
2019-10-05T14:00+02:00,1243.6,344.1,13463.5,0,276.1,14649.8
2019-10-05T15:00+02:00,1244.9,343.3,13888.5,0,304.4,14637
2019-10-05T16:00+02:00,1243.8,343.3,14917.6,0,260.9,14709.4
2019-10-05T17:00+02:00,1246,342.4,15999,0,277.7,15006.9
2019-10-05T18:00+02:00,1245.9,343.2,16441.3,0,240.1,15239
2019-10-05T19:00+02:00,1245.7,346.2,16761.8,0,211.9,15616.5
2019-10-05T20:00+02:00,1243.3,346.5,15987.9,0,294.1,15436.3
2019-10-05T21:00+02:00,1243.9,347.2,15022.6,0,342.6,14988.8
2019-10-05T22:00+02:00,1243.5,347.4,14941.5,0,232.3,14720.7
2019-10-05T23:00+02:00,1242.1,347.6,13225.5,0,319.7,14378.1
2019-10-06T00:00+02:00,1205.4,346.9,11261.6,0,343.6,13925
2019-10-06T01:00+02:00,1195.6,347,10673.5,0,393.4,13674.7
2019-10-06T02:00+02:00,1189.3,347.6,10037.3,0,451.8,13578.8
2019-10-06T03:00+02:00,1185,347.2,9570.3,0,485.9,13544.3
2019-10-06T04:00+02:00,1183.5,348,9776.4,0,573.9,13748.5
2019-10-06T05:00+02:00,1182.5,347.4,10228.7,0,549.9,13856.3
2019-10-06T06:00+02:00,1180,347.1,10300.3,0,573.2,13958.8
2019-10-06T07:00+02:00,1177.9,346.7,10692.4,0,604,14372.1
2019-10-06T08:00+02:00,1177,346.6,11990.4,0,532.9,14889.3
2019-10-06T09:00+02:00,1184.2,346.3,12751.2,0,553.7,15185.9
2019-10-06T10:00+02:00,1183.6,343.9,13199,0,473.9,15220.6
2019-10-06T11:00+02:00,1182.4,343.3,13098.7,0,443.8,15065.5
2019-10-06T12:00+02:00,1183.9,343.9,12960,0,399,14771.3
2019-10-06T13:00+02:00,1184.4,344,12419.1,0,386.9,14644
2019-10-06T14:00+02:00,1185.4,344,12304.6,0,363.6,14551.9
2019-10-06T15:00+02:00,1186.1,344,12352.8,0,292.3,14501.5
2019-10-06T16:00+02:00,1187.4,344,12691.5,0,263.4,14521.5
2019-10-06T17:00+02:00,1187.7,344.2,13456.7,0,220.9,14717.1
2019-10-06T18:00+02:00,1193.3,344.3,14800.2,0,225.4,15146.1
2019-10-06T19:00+02:00,1194.5,344.9,15894.2,0,208.2,15691.1
2019-10-06T20:00+02:00,1192.6,343.7,14512.8,0,210.9,15564
2019-10-06T21:00+02:00,1189.8,343.8,13191.5,0,239.4,15331.7
2019-10-06T22:00+02:00,1189.9,344.4,12450.6,0,230.6,14987.2
2019-10-06T23:00+02:00,1189.3,343.8,11371.8,0,195.2,14542.4
2019-10-07T00:00+02:00,843.6,344,10188.9,0,190.7,13742.5
2019-10-07T01:00+02:00,731.2,343.7,9824,0,162.7,13483.8
2019-10-07T02:00+02:00,731.1,344.1,9725.4,0,169.1,13491
2019-10-07T03:00+02:00,730,344.4,10151.9,0,157.9,13630.1
2019-10-07T04:00+02:00,731.1,344.3,11267.6,0,184.3,13826.4
2019-10-07T05:00+02:00,733.5,344.5,13266.6,0,157.7,14501.9
2019-10-07T06:00+02:00,734.4,344.3,16882.9,0,173.9,15924.3
2019-10-07T07:00+02:00,740.4,343.9,18586.9,0,179.8,17103.3
2019-10-07T08:00+02:00,749.4,343,18416.1,0,202.9,17633.8
2019-10-07T09:00+02:00,749.5,312.4,18342.1,0,165.8,17506.4
2019-10-07T10:00+02:00,747.5,313,18182.3,0,149.4,17022.5
2019-10-07T11:00+02:00,746.6,313.8,17637.5,0,201.4,16514.9
2019-10-07T12:00+02:00,747,312.4,17460.7,0,282.1,16132
2019-10-07T13:00+02:00,746.8,313.8,17227.1,0,343.6,15853.5
2019-10-07T14:00+02:00,747.4,313.1,17045,0,360.8,15784.7
2019-10-07T15:00+02:00,747.5,313.3,17234.7,0,396,15776.5
2019-10-07T16:00+02:00,750.2,310.3,17283,0,472.4,15970.3
2019-10-07T17:00+02:00,749.1,307.1,17129.7,0,518,15968.7
2019-10-07T18:00+02:00,747.7,308.7,17396.3,0,595.7,16213.3
2019-10-07T19:00+02:00,1200.3,308.2,17381.6,0,646.6,16818.9
2019-10-07T20:00+02:00,1199,309,16874.3,0,667.8,16437.2
2019-10-07T21:00+02:00,1193.2,309.2,15706.4,0,659.6,15930.4
2019-10-07T22:00+02:00,1193.3,309.2,14698,0,753.9,15449.6
2019-10-07T23:00+02:00,1192.7,309.9,13189.7,0,852.9,14747
2019-10-08T00:00+02:00,1176.3,310.4,12107.5,0,1000.1,14360.9
2019-10-08T01:00+02:00,1176.9,310.8,11639.5,0,958.4,14173.3
2019-10-08T02:00+02:00,1177.7,311.3,11021.8,0,1035.3,14037.3
2019-10-08T03:00+02:00,1177.2,310.8,10588.4,0,1098.7,13885
2019-10-08T04:00+02:00,1183.2,311.2,10772.6,0,1088.1,13926.9
2019-10-08T05:00+02:00,1187.4,308.9,11563.2,0,1039.3,14333.3
2019-10-08T06:00+02:00,1189.6,309.2,13463.3,0,965.7,15776.2
2019-10-08T07:00+02:00,1198,309.3,15861.9,0,917.7,17030.7
2019-10-08T08:00+02:00,1205.5,305.6,16525.2,0,918.9,17140.5
2019-10-08T09:00+02:00,1209.4,318.8,17507.4,0,816.8,17106.4
2019-10-08T10:00+02:00,1207.5,326.5,17125.1,0,734.5,16962.3
2019-10-08T11:00+02:00,1201.5,308.6,16079.3,0,660.1,16644.6
2019-10-08T12:00+02:00,1202.5,309.4,15246.6,0,784.3,16640.3
2019-10-08T13:00+02:00,1202,308.5,14917.5,0,636.8,16505.2
2019-10-08T14:00+02:00,1200.6,309.7,14333,0,787.5,16611.9
2019-10-08T15:00+02:00,1203.7,309.4,14671.1,0,729.8,16445.2
2019-10-08T16:00+02:00,1208.4,309.6,15211.2,0,609.3,16498.1
2019-10-08T17:00+02:00,1222.2,309,16053.3,0,646.7,16447.4
2019-10-08T18:00+02:00,1226.6,310.5,16363.3,0,673.5,16417.5
2019-10-08T19:00+02:00,1228.2,322.6,16520.5,0,813.9,16664.1
2019-10-08T20:00+02:00,1227.4,310.1,14744.6,0,894.2,16293.3
2019-10-08T21:00+02:00,1228,309.6,13029.1,0,926.4,15859.5
2019-10-08T22:00+02:00,1224.8,309.6,11736.9,0,900.6,15377.9
2019-10-08T23:00+02:00,1224.6,308.9,10854,0,926.7,14767.5
2019-10-09T00:00+02:00,1215.1,309.3,9936,0,885.6,14043.6
2019-10-09T01:00+02:00,1213.5,309,9487.7,0,831.5,13517.5
2019-10-09T02:00+02:00,1216.5,309.4,9033.2,0,839.7,13284.4
2019-10-09T03:00+02:00,1212.5,309.1,9137.3,0,798.6,13311.4
2019-10-09T04:00+02:00,1215.1,309.1,9433.5,0,810.7,13561.4
2019-10-09T05:00+02:00,1220.4,308.7,10481,0,762.7,13875.6
2019-10-09T06:00+02:00,1227.9,309.6,12750.5,0,709.8,14926
2019-10-09T07:00+02:00,1240.4,309.4,14384.9,0,710.1,16214.4
2019-10-09T08:00+02:00,1247.1,309.4,15401.4,0,729.6,16658.5
2019-10-09T09:00+02:00,1244.9,308.8,15967.9,0,730.9,16663.9
2019-10-09T10:00+02:00,1240.6,308.6,16074.7,0,758.8,16629.2
2019-10-09T11:00+02:00,1247.9,308.1,15695.7,0,726.1,16492.2
2019-10-09T12:00+02:00,1248.9,308.4,14864.3,0,599,16109.2
2019-10-09T13:00+02:00,1254.9,307.9,14418.1,0,662.9,16038.9
2019-10-09T14:00+02:00,1258.4,307.8,14545.9,0,587.1,16028.8
2019-10-09T15:00+02:00,1259.6,307.3,14941.2,0,653.7,16202.4
2019-10-09T16:00+02:00,1260.3,307.8,15294.2,0,531.2,16295.2
2019-10-09T17:00+02:00,1262.5,308,16082.8,0,504.5,16269.1
2019-10-09T18:00+02:00,1266.7,308,16768,0,509.8,16365.1
2019-10-09T19:00+02:00,1264.6,307.6,16473.5,0,550.8,16359.8
2019-10-09T20:00+02:00,1266.4,307.3,15525.3,0,571.9,15893.9
2019-10-09T21:00+02:00,1265.3,308.1,14407.1,0,457.9,15348.3
2019-10-09T22:00+02:00,1262.6,307.8,13101.8,0,449.5,14734.1
2019-10-09T23:00+02:00,1261.4,307.5,11275.2,0,407,13843.6
2019-10-10T00:00+02:00,1254.6,308.3,10560.6,0,387,13271.7
2019-10-10T01:00+02:00,1247.6,307.7,9989.8,0,416.6,12944.2
2019-10-10T02:00+02:00,1247.3,308.1,9697,0,390.9,12721.8
2019-10-10T03:00+02:00,1247,308.4,9783.4,0,425.6,12708.7
2019-10-10T04:00+02:00,1253,307.7,10332.8,0,427.2,12902
2019-10-10T05:00+02:00,1253.6,309,11777.7,0,411.4,13594.8
2019-10-10T06:00+02:00,1252.8,309,13547.6,0,382.2,14646.9
2019-10-10T07:00+02:00,1253.7,308.8,15336.5,0,368,15838.6
2019-10-10T08:00+02:00,1257.2,308.9,16102.9,0,353,16104.4
2019-10-10T09:00+02:00,1259.2,303.7,16175.8,0,333.5,16210.7
2019-10-10T10:00+02:00,1259.5,308.7,15341.4,0,329,16090.4
2019-10-10T11:00+02:00,1259,309.2,14453.2,0,326.8,15852.8
2019-10-10T12:00+02:00,1255.9,308.5,13592.2,0,322.7,15634.8
2019-10-10T13:00+02:00,1258.5,309.2,13231,0,316.6,15587.3
2019-10-10T14:00+02:00,1259.6,309,13134.4,0,324.7,15522.2
2019-10-10T15:00+02:00,1263.6,309.2,12851.1,0,310.5,15345.2
2019-10-10T16:00+02:00,1265.9,308.8,13541,0,319.3,15465.1
2019-10-10T17:00+02:00,1271.4,309.1,14673.1,0,361.7,15556.3
2019-10-10T18:00+02:00,1274.3,309.7,15803.8,0,367.2,15692.6
2019-10-10T19:00+02:00,1277.3,309.5,15755.5,0,366.4,15754.5
2019-10-10T20:00+02:00,1284.7,308.9,14170.1,0,358.7,15420.9
2019-10-10T21:00+02:00,1287.6,308.3,12577.1,0,304.4,14999.4
2019-10-10T22:00+02:00,1287.4,308.8,11242,0,246.2,14447.4
2019-10-10T23:00+02:00,1286.5,308.5,9792.6,0,211.2,13779.4
2019-10-11T00:00+02:00,1310.8,308.8,9147.3,0,211.3,13315.9
2019-10-11T01:00+02:00,1313.1,308.5,9222.5,0,202.3,13010.3
2019-10-11T02:00+02:00,1314.9,308.5,9043.5,0,249,12908.4
2019-10-11T03:00+02:00,1315.8,308.1,9047.8,0,301,12932.4
2019-10-11T04:00+02:00,1315.3,308.7,9121.3,0,354.5,13018.6
2019-10-11T05:00+02:00,1318.2,308.6,9574.9,0,417.5,13399.7
2019-10-11T06:00+02:00,1320.3,308.2,11683.5,0,401.1,14663
2019-10-11T07:00+02:00,1326.2,308.6,14338,0,329.9,16158.2
2019-10-11T08:00+02:00,1328.9,308.6,15420,0,338.9,16186.4
2019-10-11T09:00+02:00,1323.8,308,15080.5,0,419.3,16259.7
2019-10-11T10:00+02:00,1331.8,308.2,14368.5,0,409.3,16249.7
2019-10-11T11:00+02:00,1328.5,308.4,13958.9,0,397.1,16125.7
2019-10-11T12:00+02:00,1323.8,308.3,13575.5,0,388.6,15843
2019-10-11T13:00+02:00,1319,308.1,12793.8,0,397.3,15499.4
2019-10-11T14:00+02:00,1317.1,308.2,12634.5,0,417.4,15476.5
2019-10-11T15:00+02:00,1318,308.3,12641.9,0,441.7,15283.4
2019-10-11T16:00+02:00,1320.8,337.6,12751.4,0,458.7,15283.6
2019-10-11T17:00+02:00,1323.9,342.2,13027.1,0,517.8,15363
2019-10-11T18:00+02:00,1329.8,343.4,13347,0,472.2,15491.2
2019-10-11T19:00+02:00,1333.7,343.5,13439,0,476.1,15508.7
2019-10-11T20:00+02:00,1334.7,342.5,12280.5,0,508.9,15066
2019-10-11T21:00+02:00,1331.2,343.6,11791.9,0,489.3,14591.4
2019-10-11T22:00+02:00,1329.4,342.9,10792.1,0,548.3,14046.7
2019-10-11T23:00+02:00,1329.6,343,9711.5,0,474.2,13511.2
2019-10-12T00:00+02:00,1333.8,342.9,9311.2,0,504.8,13224.3
2019-10-12T01:00+02:00,1310.7,343.1,9101.4,0,501.9,12913.6
2019-10-12T02:00+02:00,1300.5,343.7,8458.9,0,517.1,12771.9
2019-10-12T03:00+02:00,1289.9,343.2,8356.9,0,486.6,12590
2019-10-12T04:00+02:00,1285.9,342.5,8515,0,510.7,12570.6
2019-10-12T05:00+02:00,1286.3,342.7,9037.7,0,461.9,12648.2
2019-10-12T06:00+02:00,1283.6,342.7,9812.9,0,439,12954.7
2019-10-12T07:00+02:00,1299,343,10731.9,0,422.4,13466.7
2019-10-12T08:00+02:00,1299.8,342.3,11853.2,0,433.4,14011.4
2019-10-12T09:00+02:00,1303.3,343.2,12986.2,0,418.3,14574.6
2019-10-12T10:00+02:00,1303.2,345.4,13401.8,0,388.4,14735.3
2019-10-12T11:00+02:00,1301.9,345.8,13111.6,0,404.8,14659.7
2019-10-12T12:00+02:00,1302.2,345,12648.3,0,440.3,14394.6
2019-10-12T13:00+02:00,1298.5,345.7,12573.3,0,454.8,14266.8
2019-10-12T14:00+02:00,1299.2,340.2,12191.9,0,478.5,14181
2019-10-12T15:00+02:00,1292.1,339.3,12093.5,0,506.4,14167.1
2019-10-12T16:00+02:00,1290,339.9,12333.5,0,486.9,14285.3
2019-10-12T17:00+02:00,1285.5,339.9,13825.7,0,457.9,14504.2
2019-10-12T18:00+02:00,1286.7,340.3,14892.6,0,487.8,14970.4
2019-10-12T19:00+02:00,1283.5,340.9,15068.5,0,473,15061.4
2019-10-12T20:00+02:00,1280.6,340.4,14659,0,393.9,14656.8
2019-10-12T21:00+02:00,1280.2,340,13510.6,0,369.5,14250.1
2019-10-12T22:00+02:00,1276.2,340.3,12267.5,0,308.7,13983.4
2019-10-12T23:00+02:00,1273.5,340.3,10547.3,0,297.5,13548.1
2019-10-13T00:00+02:00,1263.5,340.4,10145.3,0,235.4,13109
2019-10-13T01:00+02:00,1241.5,340.6,10085.3,0,232.5,12884.9
2019-10-13T02:00+02:00,1252.3,340,9576.6,0,250.6,12818.5
2019-10-13T03:00+02:00,1248.5,340,9686.5,0,265.1,12872.9
2019-10-13T04:00+02:00,1245.3,340.2,10191.4,0,268.6,12877.4
2019-10-13T05:00+02:00,1245.4,340,10910.5,0,215.2,12998.4
2019-10-13T06:00+02:00,1242.5,340.2,10983.1,0,267.5,13237.2
2019-10-13T07:00+02:00,1244.3,342,12159.4,0,219.7,13637.9
2019-10-13T08:00+02:00,1244.3,341.4,13319,0,284.7,14092.2
2019-10-13T09:00+02:00,1241.8,341.7,14118.3,0,201,14441.4
2019-10-13T10:00+02:00,1241,342,14332.5,0,178.9,14597.2
2019-10-13T11:00+02:00,1235.8,341.1,14187.6,0,135.4,14468.4
2019-10-13T12:00+02:00,1239.2,341.7,13999,0,114.3,14286.6
2019-10-13T13:00+02:00,1238.1,341.4,13842.9,0,92.9,14129.2
2019-10-13T14:00+02:00,1236.8,341.3,13575.4,0,100.6,13876.9
2019-10-13T15:00+02:00,1238.2,356.5,13357.9,1.2,89,14052.9
2019-10-13T16:00+02:00,1236.6,341.2,13450.6,1,107.5,14185.3
2019-10-13T17:00+02:00,1236.4,346.2,14000.5,1,126.8,14459.5
2019-10-13T18:00+02:00,1241.3,341,14645.6,1,169.3,14948.2
2019-10-13T19:00+02:00,1239.2,355.1,14820.5,1,227.6,15238.6
2019-10-13T20:00+02:00,1239,356.7,14214.2,1,259.9,15046.2
2019-10-13T21:00+02:00,1237.1,357.6,13548,1,251.4,14753.2
2019-10-13T22:00+02:00,1234.6,355,12034.8,1,278,14244.8
2019-10-13T23:00+02:00,1226.7,353.4,10646.5,1,318.6,13720.3
2019-10-14T00:00+02:00,1225.2,355.1,9596.9,1,396.4,13258.5
2019-10-14T01:00+02:00,1209,356.8,9164.9,1,405.2,13030.9
2019-10-14T02:00+02:00,1222.1,360.3,8935.7,1,422.8,12934.6
2019-10-14T03:00+02:00,1220,359.2,8901.1,1,426.2,12957.5
2019-10-14T04:00+02:00,1219.2,356.5,9377.5,1,378.8,13277
2019-10-14T05:00+02:00,1220.9,360.5,10473,1,351.6,13444.4
2019-10-14T06:00+02:00,1223.2,361.9,13981.5,1,296.1,14898.1
2019-10-14T07:00+02:00,1238.9,360.8,16557.4,1,241.3,16431.5
2019-10-14T08:00+02:00,1255.7,360.2,16950.7,1,194.1,16717.5
2019-10-14T09:00+02:00,1263.3,326.5,16965.2,1,136.6,16529.4
2019-10-14T10:00+02:00,1261.6,307.7,16964.7,1,106.9,16322.8
2019-10-14T11:00+02:00,1259.2,330.4,16885.9,1,81.9,16168
2019-10-14T12:00+02:00,1253.3,328.2,16722.8,1,55.4,15914.8
2019-10-14T13:00+02:00,1246.8,329.4,16435.7,1,29.6,15755.4
2019-10-14T14:00+02:00,1244.5,329.4,16383.5,1.5,25.4,15554
2019-10-14T15:00+02:00,1244.5,329,16378.4,2,41.6,15548.3
2019-10-14T16:00+02:00,1242.4,321.2,16310.5,2.5,56,15686.3
2019-10-14T17:00+02:00,1246.1,327.8,16403.3,2.9,62.9,15732
2019-10-14T18:00+02:00,1245,329.3,16601.4,2.9,72.8,16061.7
2019-10-14T19:00+02:00,1242.2,329.2,16589.6,2.9,102.5,16159.7
2019-10-14T20:00+02:00,1241,323.4,16357.4,2.9,123.9,16061.1
2019-10-14T21:00+02:00,1242.3,323.6,16004.5,2.9,126.6,15777.4
2019-10-14T22:00+02:00,1236.2,324.6,14565.3,2.9,196.3,15088
2019-10-14T23:00+02:00,1232.7,328.1,13037.8,2.9,221,14377.6
2019-10-15T00:00+02:00,1231.7,322.6,12169,2,218.6,13721.6
2019-10-15T01:00+02:00,1230.5,327.2,11510.1,2.9,269.2,13363.3
2019-10-15T02:00+02:00,1228.5,322.1,11101.7,2.9,298.3,13174.6
2019-10-15T03:00+02:00,1225.8,328.3,11057,2.9,326.7,13139.3
2019-10-15T04:00+02:00,1222.7,330.4,11163.9,2.9,361.4,13277.5
2019-10-15T05:00+02:00,1220.2,325.7,12263.7,2.9,400.2,13722.2
2019-10-15T06:00+02:00,1220.7,329.2,14803.2,2.9,443.9,15004.3
2019-10-15T07:00+02:00,1246.1,329.1,16349.4,2.9,463.8,16421.8
2019-10-15T08:00+02:00,1262.8,331.4,16643.5,2.9,493.5,16786.1
2019-10-15T09:00+02:00,1271.2,323.1,16771,2.9,528.5,16751
2019-10-15T10:00+02:00,1277.2,331.5,16736.1,2.9,565.7,16683.1
2019-10-15T11:00+02:00,1276.5,330.4,16517.3,2.9,585.5,16434.1
2019-10-15T12:00+02:00,1273,330.7,16350.8,2.9,604.6,16365.5
2019-10-15T13:00+02:00,1271.7,322.4,16300,2.9,612.5,16259
2019-10-15T14:00+02:00,1274.5,315.2,16318.9,2.9,624.7,16222.4
2019-10-15T15:00+02:00,1278.5,326.2,16338.8,2.9,676,16319.2
2019-10-15T16:00+02:00,1284.6,319,16285.7,2.9,719.3,16409.4
2019-10-15T17:00+02:00,1289.4,322.6,16041.9,2.9,781.9,16373.7
2019-10-15T18:00+02:00,1290.2,324,16231.3,2.9,823.7,16461.9
2019-10-15T19:00+02:00,1296.5,323.9,15928,2.9,890.9,16548.2
2019-10-15T20:00+02:00,1296.9,321.5,15699.2,2.9,922.7,16307.3
2019-10-15T21:00+02:00,1293.5,320.2,15339.1,2.9,929.8,15818.7
2019-10-15T22:00+02:00,1295,319.7,14604.7,2.9,848.5,15060.9
2019-10-15T23:00+02:00,1290.8,321.6,12979.5,2.9,988.4,14511.6
2019-10-16T00:00+02:00,1275,322.1,12071,2.9,927,13814.7
2019-10-16T01:00+02:00,1272.8,322.8,10952.4,2.9,913.5,13289.6
2019-10-16T02:00+02:00,1271.9,324.3,10568,2.9,896.1,13158.3
2019-10-16T03:00+02:00,1271.1,323.9,10624.9,2.9,950.1,13260
2019-10-16T04:00+02:00,1270.7,325,11276.7,2.9,970.2,13465.5
2019-10-16T05:00+02:00,1269.8,324.8,12297.8,2.9,897.1,13843.9
2019-10-16T06:00+02:00,1277.1,323.7,14448.6,2.9,940.1,15225.9
2019-10-16T07:00+02:00,1300.4,325.8,16059.6,2.9,868.9,16449.8
2019-10-16T08:00+02:00,1309.6,323.8,16448.8,2.9,933,16802.2
2019-10-16T09:00+02:00,1320.7,322.8,16508.5,2.9,835.8,16691.5
2019-10-16T10:00+02:00,1327.6,322.4,16517.7,2.9,877.7,16825.7
2019-10-16T11:00+02:00,1345.8,318,16366.9,2.9,860,16630.4
2019-10-16T12:00+02:00,1362.3,309.2,15701.6,2.9,806.9,16455.8
2019-10-16T13:00+02:00,1369.7,326.9,15558.9,2.9,780.5,16301.6
2019-10-16T14:00+02:00,1373.1,324.4,15262.4,2.9,793.1,16351.8
2019-10-16T15:00+02:00,1377.2,322.4,15372.9,2.9,799.8,16348.6
2019-10-16T16:00+02:00,1376.3,327.3,16013.5,2.9,801.2,16574.6
2019-10-16T17:00+02:00,1377.4,312.3,16204.5,2.9,812,16634.9
2019-10-16T18:00+02:00,1380.5,309.6,15995.9,2.9,888.1,16793.3
2019-10-16T19:00+02:00,1375.1,309.6,15796.5,2.9,891.1,16643.2
2019-10-16T20:00+02:00,1376.3,328.1,15496.8,2.9,908,16352
2019-10-16T21:00+02:00,1377.7,323.9,14463.5,2.9,903.6,15924.3
2019-10-16T22:00+02:00,1378.2,330.1,13329,2.9,930.8,15204
2019-10-16T23:00+02:00,1371.6,329.6,10797.4,2.9,968,14400.8
2019-10-17T00:00+02:00,1369.6,332.6,9836.8,2.9,1075.5,13995.2
2019-10-17T01:00+02:00,1368.8,332.5,9189.2,2.9,1066,13660.4
2019-10-17T02:00+02:00,1366.7,328.6,8922.3,2.9,1118,13562.1
2019-10-17T03:00+02:00,1365.5,327.6,9008.2,2.9,1063.3,13392.6
2019-10-17T04:00+02:00,1364.1,328,9462.3,2.9,1131.2,13524.6
2019-10-17T05:00+02:00,1365.3,329.8,10631.3,2.9,1148.3,13841.2
2019-10-17T06:00+02:00,1365.7,330,13824.2,2.9,1038.8,15041.6
2019-10-17T07:00+02:00,1370,327.6,15668.5,2.9,1080.2,16481.2
2019-10-17T08:00+02:00,1369.6,325.8,16229.2,2.9,1065.1,16789.2
2019-10-17T09:00+02:00,1369.1,324.3,16107.5,2.9,1035.5,16634.5
2019-10-17T10:00+02:00,1378.7,330,16181.2,2.9,1046,16577.9
2019-10-17T11:00+02:00,1383.3,329.6,16009.2,2.9,1021.6,16360
2019-10-17T12:00+02:00,1383.2,334.6,15711.8,3,962.5,16273.5
2019-10-17T13:00+02:00,1381.2,335.9,15578.4,3,924.4,16159.1
2019-10-17T14:00+02:00,1379.4,334.8,15480.9,3,805,16021
2019-10-17T15:00+02:00,1387.6,332.2,15909.1,3,763.7,16178.5
2019-10-17T16:00+02:00,1389.1,331.9,15774.3,3,762.2,16240.1
2019-10-17T17:00+02:00,1388.2,328.2,15673,3,768.4,16165.5
2019-10-17T18:00+02:00,1379.4,330.8,15950.8,3,881.7,16439.4
2019-10-17T19:00+02:00,1377.2,330.1,16258.6,3,782.3,16411.2
2019-10-17T20:00+02:00,1377.6,329.7,15532.4,3,750.7,15900.6
2019-10-17T21:00+02:00,1380.9,330.1,15539.9,3,751.9,15729.8
2019-10-17T22:00+02:00,1377.8,330.1,14716.2,2.9,729.2,15142
2019-10-17T23:00+02:00,1371.2,329.5,13118.9,2.9,693.7,14433.6
2019-10-18T00:00+02:00,1363.3,330.9,11045.7,2.9,631.4,13767.6
2019-10-18T01:00+02:00,1366,327.9,10535.6,2.9,610.9,13465.6
2019-10-18T02:00+02:00,1373,334.6,10082.6,2.9,515.8,13228.5
2019-10-18T03:00+02:00,1373.8,332.8,10159.8,2.9,499.4,13260.9
2019-10-18T04:00+02:00,1371,331.8,10982.4,2.9,473.8,13379.3
2019-10-18T05:00+02:00,1349.9,337.4,11631,2.9,467.4,13820.6
2019-10-18T06:00+02:00,1314.5,333.1,13918.4,2.9,533.1,15101.5
2019-10-18T07:00+02:00,1298.2,332.9,15430,2.9,549.8,16394.2
2019-10-18T08:00+02:00,1284.2,334.9,15683.2,2.9,547.5,16569.2
2019-10-18T09:00+02:00,1275.6,324.3,15855.9,2.9,574,16622.1
2019-10-18T10:00+02:00,1284.2,325.1,15632.5,2.9,529,16436.8
2019-10-18T11:00+02:00,1283.4,324.8,15021.6,2.9,525.3,16185.2
2019-10-18T12:00+02:00,1282.7,327.5,14490.2,2.9,519.4,16010.9
2019-10-18T13:00+02:00,1284.5,329.3,14149.8,2.9,488.1,15888.5
2019-10-18T14:00+02:00,1278.7,330.3,13765.2,2.9,471.9,15769.2
2019-10-18T15:00+02:00,1311.9,330.2,13429.2,2.9,497.2,15731.2
2019-10-18T16:00+02:00,1344.1,329.8,13255.6,2.9,479.8,15755.4
2019-10-18T17:00+02:00,1355.1,362.9,13847.6,2.9,508.6,16016.2
2019-10-18T18:00+02:00,1356.7,359.4,14692.9,2.9,488.6,16118.1
2019-10-18T19:00+02:00,1357.6,363.6,14456.2,2.9,534.9,15936.5
2019-10-18T20:00+02:00,1354.8,341.8,12251.4,2.9,531.9,15408.4
2019-10-18T21:00+02:00,1354.5,343.7,11173.9,2.9,503.1,14947.7
2019-10-18T22:00+02:00,1341.9,343.5,10404.3,2.9,415.4,14433.3
2019-10-18T23:00+02:00,1337.1,347.2,9528.1,2.9,405.3,13965
2019-10-19T00:00+02:00,1357.3,342.2,9072.8,2.9,495.8,13686.5
2019-10-19T01:00+02:00,1358.8,343.8,8520.1,2.9,491,13373.3
2019-10-19T02:00+02:00,1358.9,344.4,8282.2,2.9,483.6,13185.5
2019-10-19T03:00+02:00,1360.2,345.6,8271.6,2.9,459.3,13037.9
2019-10-19T04:00+02:00,1356.5,343.4,8132.2,2.9,486.4,12919.1
2019-10-19T05:00+02:00,1358.5,349.2,8116.9,2.9,544.9,13013.1
2019-10-19T06:00+02:00,1357.3,345.1,8910.8,2.9,636.5,13351.7
2019-10-19T07:00+02:00,1354.9,344.6,9466.3,2.9,678.7,13899.3
2019-10-19T08:00+02:00,1352.2,333.7,9878,2.9,744.9,14466.4
2019-10-19T09:00+02:00,1359.9,334.9,10858.2,2.9,634.9,15129.5
2019-10-19T10:00+02:00,1362.3,337.1,11690.8,2.9,607,15580.6
2019-10-19T11:00+02:00,1375.6,348.9,11582.2,2.9,554.4,15567.9
2019-10-19T12:00+02:00,1384.2,351.1,10899.3,2.9,572.8,15442.7
2019-10-19T13:00+02:00,1386.8,351.8,10586.6,2.9,576.1,15397.9
2019-10-19T14:00+02:00,1387.2,349.4,10793.7,2.9,489.2,15309.9
2019-10-19T15:00+02:00,1390.2,350.2,10695.9,2.9,439.1,15240.4
2019-10-19T16:00+02:00,1392.3,348.5,11848.9,2.9,346.1,15490.3
2019-10-19T17:00+02:00,1385.7,350.9,13020.4,2.9,310.2,15620.8
2019-10-19T18:00+02:00,1387.8,351.1,13629,2.9,346.8,15889.9
2019-10-19T19:00+02:00,1389.1,350.3,12920.4,2.9,394.6,15662.1
2019-10-19T20:00+02:00,1387.8,350.7,12292.4,2.9,479.3,15369.5
2019-10-19T21:00+02:00,1387.8,352.5,10397.8,2.9,573.5,14960.4
2019-10-19T22:00+02:00,1380,351.3,9698.6,2.9,630.6,14504.2
2019-10-19T23:00+02:00,1374.5,350.2,9044.1,2.9,717.9,14171.5
2019-10-20T00:00+02:00,1373.8,352.8,9121.2,2.9,827.2,13965.4
2019-10-20T01:00+02:00,1373,350.3,8661,2.9,889.7,13756.2
2019-10-20T02:00+02:00,1372.7,350.6,8500.5,2.9,914.4,13545.4
2019-10-20T03:00+02:00,1372.2,354.7,8733.3,2.9,911.1,13295.3
2019-10-20T04:00+02:00,1370.4,353.3,8827,2.9,940.5,13253.5
2019-10-20T05:00+02:00,1371.3,353.4,9053.8,2.9,993.4,13470.3
2019-10-20T06:00+02:00,1371.9,352.2,9326.3,2.9,986,13744.4
2019-10-20T07:00+02:00,1371.5,354,9668.1,2.9,900.1,14051.5
2019-10-20T08:00+02:00,1370.9,353.7,10142.9,2.9,932,14494.3
2019-10-20T09:00+02:00,1373.7,354.1,11449.3,2.9,800,14929.1
2019-10-20T10:00+02:00,1375,354.7,12366.2,2.9,796.6,15636.7
2019-10-20T11:00+02:00,1381.7,356.7,13124.2,2.9,689.7,15649.1
2019-10-20T12:00+02:00,1386.2,353.4,12782.4,2.9,766,15576.6
2019-10-20T13:00+02:00,1384.7,356.3,11847,2.9,559.5,15372.9
2019-10-20T14:00+02:00,1384.7,354.7,11794.7,2.9,412.9,15232.8
2019-10-20T15:00+02:00,1383.5,356.1,12010.3,2.9,354.5,15224.9
2019-10-20T16:00+02:00,1386.9,356.6,12551,2.9,341.2,15374
2019-10-20T17:00+02:00,1385.6,357.2,14132.8,2.9,340.3,15611.4
2019-10-20T18:00+02:00,1405.1,354.1,15374.8,2.9,366.9,16097
2019-10-20T19:00+02:00,1405.1,355.3,15517.4,2.9,361.1,16208.5
2019-10-20T20:00+02:00,1403.7,356.4,15287.6,2.9,272,16002.3
2019-10-20T21:00+02:00,1403.5,356.4,14752,2.9,281.1,15740.4
2019-10-20T22:00+02:00,1408.5,350.5,13894.1,2.9,285.1,15335.9
2019-10-20T23:00+02:00,1406.5,353.2,11909.8,2.9,303.9,14708.8
2019-10-21T00:00+02:00,1400.2,349.3,10493.8,2.9,267.6,14166.7
2019-10-21T01:00+02:00,1401.1,347.4,10242.9,2.9,282.1,14057.3
2019-10-21T02:00+02:00,1402,347.6,10212.3,2.9,272.1,13949
2019-10-21T03:00+02:00,1403,344.9,10276.6,2.9,248.5,13968.4
2019-10-21T04:00+02:00,1402.5,343.6,10739.2,2.9,237.6,14144.5
2019-10-21T05:00+02:00,1404.8,344.7,11969.8,2.9,246.8,14657.3
2019-10-21T06:00+02:00,1404.5,346.9,14669.3,2.9,227.4,16085.2
2019-10-21T07:00+02:00,1414.3,346.9,17250.5,2.9,185.7,17740.5
2019-10-21T08:00+02:00,1413.1,344.7,17886.4,2.8,196.5,18046.1
2019-10-21T09:00+02:00,1407.7,346.4,17720,2.8,194.7,17913.5
2019-10-21T10:00+02:00,1407.8,346.6,17621,2.8,212.8,17745.1
2019-10-21T11:00+02:00,1419.2,346.4,17580.9,2.8,239.7,17609.8
2019-10-21T12:00+02:00,1424.8,343.4,17065.9,2.8,254.1,17325.3
2019-10-21T13:00+02:00,1429.2,345.3,16986.5,2.8,311.4,17277.5
2019-10-21T14:00+02:00,1432.2,348.1,16828.4,2.8,379.7,17265.3
2019-10-21T15:00+02:00,1433.4,346.4,16921.7,2.8,451.3,17474.2
2019-10-21T16:00+02:00,1433.6,342.2,16685.8,2.8,511.2,17567.7
2019-10-21T17:00+02:00,1433.7,343.4,16415.4,2.8,591,17385.4
2019-10-21T18:00+02:00,1432.5,345.5,16726.3,2.8,629.6,17486.5
2019-10-21T19:00+02:00,1435.1,350.4,16371.4,2.8,660.6,17292.5
2019-10-21T20:00+02:00,1433.5,349.1,15559.7,2.8,741.9,16974
2019-10-21T21:00+02:00,1434.5,348.9,14701.8,2.8,791.1,16439.1
2019-10-21T22:00+02:00,1426.3,347.9,13663.1,2.8,819.9,15826.6
2019-10-21T23:00+02:00,1429.4,351,12027.4,2.8,917.8,14967.4
2019-10-22T00:00+02:00,1445.2,351,10627.7,2.8,979,14366.5
2019-10-22T01:00+02:00,1447.4,348.8,9696.6,2.8,1125.6,14017.7
2019-10-22T02:00+02:00,1452.7,352.2,8921.6,2.8,1194.1,13839.1
2019-10-22T03:00+02:00,1459.1,350.6,8409.6,2.8,1254.4,13691.7
2019-10-22T04:00+02:00,1465.5,356.1,8529.3,2.8,1275.6,13780
2019-10-22T05:00+02:00,1475.9,354.8,10003,2.8,1351.7,14449.4
2019-10-22T06:00+02:00,1481.9,353.5,12205.5,2.8,1346,15626.6
2019-10-22T07:00+02:00,1499.8,353.5,13608,2.8,1262.3,16798.1
2019-10-22T08:00+02:00,1509.4,353.5,13327.1,2.8,1250.4,16957.8
2019-10-22T09:00+02:00,1515.1,344.8,12940.2,2.8,1234.7,16863.1
2019-10-22T10:00+02:00,1521,348.6,12985.3,0,1268.5,16831.3
2019-10-22T11:00+02:00,1527,349.4,12860.6,0,1246.9,16772.5
2019-10-22T12:00+02:00,1533.5,346.6,12710.7,0,1250.3,16712.2
2019-10-22T13:00+02:00,1534.1,344.3,12569.8,0,1220.4,16567.4
2019-10-22T14:00+02:00,1534.5,346.2,12415,0,1204,16445.6
2019-10-22T15:00+02:00,1538.6,344.1,12117.3,0,1200.8,16381.7
2019-10-22T16:00+02:00,1550.1,348.2,11902.1,0,1271.8,16432.7
2019-10-22T17:00+02:00,1568,368.3,12324.1,3,1340.1,16545.8
2019-10-22T18:00+02:00,1581.4,369.3,12793.1,3,1407.3,16874
2019-10-22T19:00+02:00,1586.1,349.6,12240.1,3,1436.6,16628
2019-10-22T20:00+02:00,1594.1,349.4,11780.3,3,1376,16204.5
2019-10-22T21:00+02:00,1600,345.9,11342.1,3,1368.6,15875.2
2019-10-22T22:00+02:00,1602.4,345.9,10817.9,3,1193.2,15142.9
2019-10-22T23:00+02:00,1600.6,348.8,9894.6,3,1148,14355.2
2019-10-23T00:00+02:00,1590,349.6,9076.8,3,922.7,13623.7
2019-10-23T01:00+02:00,1584.4,348.3,8593.5,3,806,13357.2
2019-10-23T02:00+02:00,1582.1,350.1,8481.7,3,655.9,13264
2019-10-23T03:00+02:00,1580.4,347,8487.6,3,543.8,13163.5
2019-10-23T04:00+02:00,1580.5,348,8592.3,3,504.6,13212.8
2019-10-23T05:00+02:00,1587.5,347.6,10384.7,3,573.1,13691.8
2019-10-23T06:00+02:00,1590,348.4,13182.5,3,673.8,15081.1
2019-10-23T07:00+02:00,1584.6,304.3,15504.4,3,751.8,16453.6
2019-10-23T08:00+02:00,1575.4,303.7,15816.8,3,768.8,16646.6
2019-10-23T09:00+02:00,1576.3,301,15546.9,3,708.5,16335.4
2019-10-23T10:00+02:00,1568.4,304.7,15816.5,3,778.2,16467.8
2019-10-23T11:00+02:00,1561.8,304.2,15106.2,3,1004.5,16315
2019-10-23T12:00+02:00,1558.7,351.4,14862.1,3,950.9,16032.3
2019-10-23T13:00+02:00,1556.8,353.6,14505.9,3,1052.1,15801.8
2019-10-23T14:00+02:00,1555.6,354.2,14719.3,3,1081,15946.6
2019-10-23T15:00+02:00,1557.5,353.9,14838.9,3,1086.2,16083.8
2019-10-23T16:00+02:00,1551.3,353.6,15110.8,3,972.8,16180.6
2019-10-23T17:00+02:00,1555.3,355.1,15257,3,812.6,16149
2019-10-23T18:00+02:00,1548.7,354.5,15894.1,3,709,16774
2019-10-23T19:00+02:00,1544.8,353,15357.6,3,633.9,16431.9
2019-10-23T20:00+02:00,1544.4,355.2,14771.4,3,602.7,16188
2019-10-23T21:00+02:00,1549.1,354.4,13713.1,3,595.5,15734.7
2019-10-23T22:00+02:00,1546.4,354.1,12621.1,3,614.8,15098
2019-10-23T23:00+02:00,1539.7,355.1,10190.3,3,646.6,14273.2
2019-10-24T00:00+02:00,1581,347.9,10044.7,3,794.9,14033.5
2019-10-24T01:00+02:00,1573.2,351.7,8950.4,3,755.5,13666.3
2019-10-24T02:00+02:00,1570,354.9,8597.5,3,713.1,13537.6
2019-10-24T03:00+02:00,1563.9,174,8499.6,3,725,13298.6
2019-10-24T04:00+02:00,1561.8,176.3,8586.5,3,711.4,13307
2019-10-24T05:00+02:00,1560.7,175.7,9983.5,3,774.1,13827.3
2019-10-24T06:00+02:00,1563.4,177.2,13792.2,3,837.9,15054.2
2019-10-24T07:00+02:00,1580.8,179.2,16144.7,3,762.1,16197.2
2019-10-24T08:00+02:00,1584.9,359,16326.7,3,818.4,16670.4
2019-10-24T09:00+02:00,1596.3,353,15749.1,3,868.4,16427.6
2019-10-24T10:00+02:00,1597.3,353.8,15970.4,3,786,16328
2019-10-24T11:00+02:00,1597.2,354,15929.9,3,729.3,16193.3
2019-10-24T12:00+02:00,1596.8,353.2,15568.2,3,676.9,16054.5
2019-10-24T13:00+02:00,1598.3,352.6,15240.2,3,669.5,16036
2019-10-24T14:00+02:00,1599.1,351.5,13733.8,3,665.2,16085.7
2019-10-24T15:00+02:00,1598.8,353.4,13233.4,3,687.3,16110.8
2019-10-24T16:00+02:00,1601.7,352,13244.3,3,733.5,16224.8
2019-10-24T17:00+02:00,1599.5,352.7,14932.5,3,801.9,16412.2
2019-10-24T18:00+02:00,1604.6,357.1,15640,3,838,16434.4
2019-10-24T19:00+02:00,1613.9,304.2,14607.6,3,858.6,16001.6
2019-10-24T20:00+02:00,1623.5,299.4,12952.6,3,900.6,15661.3
2019-10-24T21:00+02:00,1630.5,308.5,10679.5,3,893.9,15275.4
2019-10-24T22:00+02:00,1636.5,321.4,9511.4,3,819.8,14507
2019-10-24T23:00+02:00,1637.9,334.2,8136.4,3,725.8,13591.1
2019-10-25T00:00+02:00,1642,338.9,7417.1,3,752.8,13304.4
2019-10-25T01:00+02:00,1635.5,332.5,7052.8,3,675.7,12995.2
2019-10-25T02:00+02:00,1630.2,341.6,6810.1,3,654,12609.3
2019-10-25T03:00+02:00,1631.3,344.9,6580.7,3,579.5,12466.3
2019-10-25T04:00+02:00,1632.7,347.4,6818.6,3,575.3,12739.5
2019-10-25T05:00+02:00,1645.3,340,8157.8,3,687,13375
2019-10-25T06:00+02:00,1651.3,340.6,10736.2,3,654,14523.3
2019-10-25T07:00+02:00,1665,346.1,13478.1,3,811.9,16134.6
2019-10-25T08:00+02:00,1671.4,347.3,14032.4,3,847.5,16504.5
2019-10-25T09:00+02:00,1671.7,342.9,13494.3,3,1034.1,16327
2019-10-25T10:00+02:00,1670,346,11659.3,3,1214.1,15876.2
2019-10-25T11:00+02:00,1660,341.2,10286.4,3,1255.2,15607.8
2019-10-25T12:00+02:00,1657.7,348.2,9457.6,3,1408.2,15702
2019-10-25T13:00+02:00,1649.2,348.9,9314.5,3,1438,15451.9
2019-10-25T14:00+02:00,1647.8,347.5,9518.4,3,1464.7,15614.2
2019-10-25T15:00+02:00,1650.5,347.9,10420.9,3,1526.7,15852.1
2019-10-25T16:00+02:00,1647.5,340.5,11025.1,3,1553,15651.3
2019-10-25T17:00+02:00,1643.5,347,11854.9,3,1546.9,15767.3
2019-10-25T18:00+02:00,1640.1,346,12593.5,3,1559.5,16196.8
2019-10-25T19:00+02:00,1636.4,349.8,12378.5,3,1548.1,16135.2
2019-10-25T20:00+02:00,1629.4,348.9,10729.1,3,1395.6,15580.8
2019-10-25T21:00+02:00,1625.2,348.4,8842,3,1297.2,15234.6
2019-10-25T22:00+02:00,1616.5,348.7,7797,3,1230.9,14752.8
2019-10-25T23:00+02:00,1611,346.7,7194.9,3,1238.2,14457.6
2019-10-26T00:00+02:00,1590.1,346.4,6322.7,3,1034.1,13855.1
2019-10-26T01:00+02:00,1557.9,343.3,5996.7,3,981,13465.3
2019-10-26T02:00+02:00,1534.3,346.5,6018.6,3,936.5,13438.1
2019-10-26T03:00+02:00,1523.5,345.7,6060.4,3,852.4,13468.6
2019-10-26T04:00+02:00,1511,349.4,6163.2,3,723,13494.6
2019-10-26T05:00+02:00,1506.9,347.3,6845.4,3,578.2,13638.4
2019-10-26T06:00+02:00,1499.7,351.2,7364.1,3,514.4,13922
2019-10-26T07:00+02:00,1500.7,350.4,8034.2,3,487.9,14466.6
2019-10-26T08:00+02:00,1495.1,349.9,9018.4,3,455.3,15073.5
2019-10-26T09:00+02:00,1495.2,345,9856.5,3,443.4,15718.8
2019-10-26T10:00+02:00,1488.3,349.2,9986.9,3,334.2,15980
2019-10-26T11:00+02:00,1487.2,341.6,9868.9,3,450.5,16039.7
2019-10-26T12:00+02:00,1476,346.4,9939.4,3,379,15890.4
2019-10-26T13:00+02:00,1477.6,339.5,9675.1,3,321.4,15596.8
2019-10-26T14:00+02:00,1477.2,345.2,9592.8,3,412.3,15574.6
2019-10-26T15:00+02:00,1470,352.3,9852.9,3,395.9,15549.6
2019-10-26T16:00+02:00,1467.2,352.5,10225.6,3,358.2,15605.6
2019-10-26T17:00+02:00,1470.4,350.6,11524.2,3,382.7,15973.3
2019-10-26T18:00+02:00,1470.7,352.4,12476.4,3,388.3,16440.3
2019-10-26T19:00+02:00,1469.2,352,11442.9,3,299.5,16054.1
2019-10-26T20:00+02:00,1469.2,354.3,10356.6,3,315.5,15717.8
2019-10-26T21:00+02:00,1464.6,353.6,9583,3,284.4,15340.5
2019-10-26T22:00+02:00,1458.9,353,8710.8,3,267.5,14951.1
2019-10-26T23:00+02:00,1458.4,355.5,8414.5,3,263.2,14688.6
2019-10-27T00:00+02:00,1450.7,332.8,8181.1,3,258.3,14074.8
2019-10-27T01:00+02:00,1447.5,330.6,8280.9,3,247.8,13952.6
2019-10-27T02:00+02:00,1445,240.5,9368.2,3,255.7,13722.4
2019-10-27T02:00+01:00,,243.5,7821,3,255.7,13722.4
2019-10-27T03:00+01:00,1443.9,326.5,8199,3,258.9,13880.2
2019-10-27T04:00+01:00,1436.7,332.7,8417.9,3,251.1,14004.1
2019-10-27T05:00+01:00,1433,329.6,8742.7,3,243.9,14076.6
2019-10-27T06:00+01:00,1431.2,331,9083.7,3,270.3,14464.8
2019-10-27T07:00+01:00,1431.2,328.8,9757.5,3,238.6,14817.7
2019-10-27T08:00+01:00,1430.1,329.4,10041.2,3,218,15320.9
2019-10-27T09:00+01:00,1431.8,328.7,10519.9,3,255.2,15787.7
2019-10-27T10:00+01:00,1430.5,333.6,10635.5,3,229.1,15778.7
2019-10-27T11:00+01:00,1416,328,10234.8,3,245.6,15545.4
2019-10-27T12:00+01:00,1414.8,328.1,9929.8,3,258.1,15340.6
2019-10-27T13:00+01:00,1413.7,326.4,9938.4,3,268.5,15304.6
2019-10-27T14:00+01:00,1413.7,322.4,10425,3,334,15379.7
2019-10-27T15:00+01:00,1413.7,325.6,11236.3,3,469.2,15759.9
2019-10-27T16:00+01:00,1412.1,329.6,12951,3,427.3,16251.2
2019-10-27T17:00+01:00,1409.5,324.2,15568.2,3,410.8,16679.9
2019-10-27T18:00+01:00,1410.3,325.9,16006.5,3,453.8,16553.3
2019-10-27T19:00+01:00,1409.7,319.2,14676.7,3,553.9,16566.4
2019-10-27T20:00+01:00,1406,321.9,11983.5,3,539.4,16418.2
2019-10-27T21:00+01:00,1405.2,326.9,10951.9,3,450.4,15928.3
2019-10-27T22:00+01:00,1401.4,326.4,10678.3,3,451.5,15491.2
2019-10-27T23:00+01:00,1398.2,324.1,9719.3,3,486.4,15023
2019-10-28T00:00+01:00,1375.3,343.3,9295.8,3,513.2,14601.4
2019-10-28T01:00+01:00,1372.5,344.4,8669.6,3,606.6,14419.9
2019-10-28T02:00+01:00,1370.4,344.9,8599.7,3,574.4,14337.3
2019-10-28T03:00+01:00,1370.3,345.1,8729.4,3,554.6,14276
2019-10-28T04:00+01:00,1373,342.3,9676.9,3,601,14744.9
2019-10-28T05:00+01:00,1376.3,345.8,11613.5,3,653.9,15456.6
2019-10-28T06:00+01:00,1376.3,339.4,15105.7,3,681.6,16882.8
2019-10-28T07:00+01:00,1405.6,344.8,18141.5,3,579.1,18283.3
2019-10-28T08:00+01:00,1427.2,345.5,18993.3,3,509.6,18585.8
2019-10-28T09:00+01:00,1447.4,344.7,18609.5,3,482.5,18351.9
2019-10-28T10:00+01:00,1457.7,346.7,18368.5,3,440.1,18028.1
2019-10-28T11:00+01:00,1456.7,348,17560.3,3,471.6,17613
2019-10-28T12:00+01:00,1455.6,344,16938.8,3,433.8,17156.2
2019-10-28T13:00+01:00,1453.4,345.6,17492.2,3,518.9,17168.2
2019-10-28T14:00+01:00,1445.8,345.9,17299.8,3,491.3,16976.8
2019-10-28T15:00+01:00,1449.6,348.2,17500.2,3,493.4,17127.5
2019-10-28T16:00+01:00,1447.7,348.7,18029,3,643.7,17595.4
2019-10-28T17:00+01:00,1446.8,345.2,18872.7,3,558.4,17901.1
2019-10-28T18:00+01:00,1450.3,344.8,18783.8,3,537.5,17893.7
2019-10-28T19:00+01:00,1444.5,343.6,18179.2,3,528.4,17686.7
2019-10-28T20:00+01:00,1442.9,346.6,17148.5,3,560,17455.5
2019-10-28T21:00+01:00,1439.3,343,16695.5,3,543,17108.5
2019-10-28T22:00+01:00,1428.7,346.6,14656.5,3,532.8,16442.7
2019-10-28T23:00+01:00,1425,346.5,11772.6,3,748.5,15895.8
2019-10-29T00:00+01:00,1397.3,345.7,10870.6,3,717.4,15296.8
2019-10-29T01:00+01:00,1393.8,345.2,10508.1,3,711.1,14907.8
2019-10-29T02:00+01:00,1393.8,349.2,10059.4,3,601.4,14714.8
2019-10-29T03:00+01:00,1396,350.3,10072.8,3,776,15014.1
2019-10-29T04:00+01:00,1393.2,349.8,10760.9,3,702,15325.9
2019-10-29T05:00+01:00,1390.5,348.2,12659.6,3,699.2,16113
2019-10-29T06:00+01:00,1394.9,351.7,16131.3,3,641.4,17542.9
2019-10-29T07:00+01:00,1395.8,342.6,17997.7,3,560,18928.5
2019-10-29T08:00+01:00,1395.1,346.1,18640.9,3,492.1,18909.4
2019-10-29T09:00+01:00,1398,346.1,18990.6,3,404.1,18575.3
2019-10-29T10:00+01:00,1396.5,349.9,19007,3,282.4,18297.7
2019-10-29T11:00+01:00,1393.8,345.9,18413.4,3,245.1,17776.2
2019-10-29T12:00+01:00,1395.4,346.6,17785.7,3,247.5,17430.3
2019-10-29T13:00+01:00,1393.6,335.9,17526.9,3,247.5,17292.7
2019-10-29T14:00+01:00,1393,344.7,17495.8,3,279.4,17315.8
2019-10-29T15:00+01:00,1395.1,343.4,17766.4,3,341.7,17516.3
2019-10-29T16:00+01:00,1395,341.2,18713.4,3,310.2,17922.5
2019-10-29T17:00+01:00,1391.3,349.9,19624.6,3,312.2,18698.6
2019-10-29T18:00+01:00,1392.8,347.6,19401.2,3,390.3,18664.8
2019-10-29T19:00+01:00,1391.1,347.3,18977.7,3,395.4,18396.3
2019-10-29T20:00+01:00,1387.2,348.2,18282.4,3,431.1,18233.1
2019-10-29T21:00+01:00,1382.9,344.5,18060.4,3,340.5,17821.2
2019-10-29T22:00+01:00,1378.9,344.5,16717,3,420.2,17155.8
2019-10-29T23:00+01:00,1376.2,346.9,14927.9,3,439.6,16514.1
2019-10-30T00:00+01:00,1364.7,348.5,13615,3,335.9,15832.7
2019-10-30T01:00+01:00,1362.3,344.7,12832.8,3,508,15682.1
2019-10-30T02:00+01:00,1362.5,345.6,12372.4,3,576.1,15528.2
2019-10-30T03:00+01:00,1359.5,348.4,12434.4,3,691.7,15709.4
2019-10-30T04:00+01:00,1358,345.9,13238.6,2.9,825.8,15866.4
2019-10-30T05:00+01:00,1360.6,343,15219.6,2.9,808.6,16412.2
2019-10-30T06:00+01:00,1362,346.6,18072.3,2.9,815.8,17671
2019-10-30T07:00+01:00,1367.1,345.7,20162.2,2.9,883.3,19404.3
2019-10-30T08:00+01:00,1373.8,346.4,20448.4,2.9,965.4,19633.1
2019-10-30T09:00+01:00,1370.5,347.4,19703.7,2.9,946.6,19400.8
2019-10-30T10:00+01:00,1375.6,342.6,19091.1,2.8,875.1,18777.2
2019-10-30T11:00+01:00,1375.3,338.5,18235.9,2.8,905.1,18297.5
2019-10-30T12:00+01:00,1376.2,343.1,17423.3,2.8,891.2,18035.5
2019-10-30T13:00+01:00,1376.2,348.7,17601,2.7,920.7,18029.7
2019-10-30T14:00+01:00,1379,349.5,17847.4,2.7,913.5,17884.2
2019-10-30T15:00+01:00,1376.9,348.8,17557.2,2.7,924.4,17870.2
2019-10-30T16:00+01:00,1379.4,347.4,18315.1,2.7,967.9,18569
2019-10-30T17:00+01:00,1375.8,346.8,18942.2,2.6,990.4,18767.2
2019-10-30T18:00+01:00,1381.7,349.8,18318.8,2.6,962.5,18376.9
2019-10-30T19:00+01:00,1384.4,349.1,17422.7,2.6,920.9,18130.3
2019-10-30T20:00+01:00,1385.1,345.6,15934.2,2.6,866.8,17714.5
2019-10-30T21:00+01:00,1382.8,343.7,15112.6,2.5,855.9,17311.3
2019-10-30T22:00+01:00,1382.7,348.7,13220.7,2.5,752.6,16492.9
2019-10-30T23:00+01:00,1385.8,344.6,11355.8,2.5,856,15939.6
2019-10-31T00:00+01:00,1363.4,343.3,10224.6,2.5,807,15119.1
2019-10-31T01:00+01:00,1333.8,339,9092.5,2.5,727.7,14643.7
2019-10-31T02:00+01:00,1316.6,342.5,8602.3,2.5,937.1,14786
2019-10-31T03:00+01:00,1304.8,348,8436.5,2.4,901.8,14854.5
2019-10-31T04:00+01:00,1301.9,344.2,9240.8,2.4,734.7,14922.3
2019-10-31T05:00+01:00,1300,340.6,11175.9,2.4,597.1,15370.5
2019-10-31T06:00+01:00,1301.4,344.1,14334.8,2.4,553.3,16787.4
2019-10-31T07:00+01:00,1301.9,339.2,17476.5,2.4,460.7,18385.1
2019-10-31T08:00+01:00,1307.6,340.7,18017.5,2.3,392.4,18559.4
2019-10-31T09:00+01:00,1322.4,333.6,17948.3,2.3,324,18367.2
2019-10-31T10:00+01:00,1320,339.3,17072.7,2.3,296.6,17977.9
2019-10-31T11:00+01:00,1321.9,338,15859,2.3,292.4,17631.9
2019-10-31T12:00+01:00,1320.4,336.1,14704.3,2.3,269.7,17252.4
2019-10-31T13:00+01:00,1323.5,333.4,15394.1,2.2,212.9,17111.8
2019-10-31T14:00+01:00,1320.8,331.2,16705.1,2.2,216.5,17333.6
2019-10-31T15:00+01:00,1317.3,329.6,17886.6,2.2,233,17620.8
2019-10-31T16:00+01:00,1316.2,331.2,18353.7,2.2,252.8,17961.4
2019-10-31T17:00+01:00,1315.6,329.8,18329,2.2,232.1,18028.3
2019-10-31T18:00+01:00,1314,331.7,18116.1,2.1,187.1,17845.4
2019-10-31T19:00+01:00,1331,337.6,17317.9,2.1,170.3,17708.4
2019-10-31T20:00+01:00,1329.2,340.2,16406.2,2.1,190.3,17577.8
2019-10-31T21:00+01:00,1326.6,342.3,15565.1,2.1,174.2,17249.5
2019-10-31T22:00+01:00,1325.3,337.4,14378.5,2,201.8,16662.3
2019-10-31T23:00+01:00,1321.9,341.5,11496.7,2,232.8,15975
2019-11-01T00:00+01:00,1336,342.2,10617.4,2,316.8,15334.2
2019-11-01T01:00+01:00,1331,343.1,9086.9,2,315.3,14823.9
2019-11-01T02:00+01:00,1330.5,341.8,8863.6,2,431.3,14759.9
2019-11-01T03:00+01:00,1328.2,338.9,8775.5,2,452.5,14843.2
2019-11-01T04:00+01:00,1325.5,341.3,9499.3,2,535.5,15138.6
2019-11-01T05:00+01:00,1322.9,342.6,11028,1.9,517.4,15736.9
2019-11-01T06:00+01:00,1320.7,344,13128,1.9,624,17159.7
2019-11-01T07:00+01:00,1322.6,345.2,14964.5,1.9,607.8,18533.1
2019-11-01T08:00+01:00,1323.4,332.8,15542.4,1.9,658.1,18810.9
2019-11-01T09:00+01:00,1316.5,337.6,15229.8,1.9,611.1,18651.2
2019-11-01T10:00+01:00,1314.9,316.2,15084.7,1.9,651,18466.7
2019-11-01T11:00+01:00,1314,316.1,14518.1,1.9,546.1,18119.7
2019-11-01T12:00+01:00,1310.6,342.4,13846.5,1.9,529.8,17862.9
2019-11-01T13:00+01:00,1312.5,154.5,13774.8,1.9,616,17665.1
2019-11-01T14:00+01:00,1309.9,340.6,13376.3,1.9,619.4,17763.6
2019-11-01T15:00+01:00,1306.6,335,13564.7,1.8,695,18042.6
2019-11-01T16:00+01:00,1297,337.4,14178.4,1.8,718.6,18240.8
2019-11-01T17:00+01:00,1298,341.1,14953.7,1.8,697,18401.2
2019-11-01T18:00+01:00,1299.3,340.3,14527.2,1.8,756.8,18286.5
2019-11-01T19:00+01:00,1288.2,342,13092.8,1.8,736.2,17985.2
2019-11-01T20:00+01:00,1284,337.2,11658.2,1.8,744.4,17479.1
2019-11-01T21:00+01:00,1283.3,337.4,10749.2,1.8,618,16964.7
2019-11-01T22:00+01:00,1278.6,337.9,9628.6,1.8,641.7,16363.8
2019-11-01T23:00+01:00,1271.1,315.2,8882.8,1.8,624.4,15769.1
2019-11-02T00:00+01:00,1243,314.6,8732.6,1.7,655.2,15382.9
2019-11-02T01:00+01:00,1234.2,314.6,8499.3,1.7,666,15142.1
2019-11-02T02:00+01:00,1226.1,332.9,8314,1.7,695.9,15093.3
2019-11-02T03:00+01:00,1224.1,336.4,8292.4,1.7,648.1,14939
2019-11-02T04:00+01:00,1221.8,337.9,8320.7,1.7,638.6,14961
2019-11-02T05:00+01:00,1213.7,341.6,8413.2,1.7,581.5,15040.7
2019-11-02T06:00+01:00,1218.5,339.4,8514,1.7,615.2,15323.1
2019-11-02T07:00+01:00,1215.4,340.7,9412.2,1.6,647.8,15914.8
2019-11-02T08:00+01:00,1220.5,340.7,11020.2,1.6,674.6,16509.6
2019-11-02T09:00+01:00,1225.2,337.8,12410.8,1.7,688.9,17093.2
2019-11-02T10:00+01:00,1222.5,343.9,12881.7,1.6,780.7,17433.5
2019-11-02T11:00+01:00,1228.4,342.9,12410.3,1.6,845.7,17264.9
2019-11-02T12:00+01:00,1228,350.9,11916.4,1.6,911.8,17074.3
2019-11-02T13:00+01:00,1225.3,353.2,11363.1,1.6,1026.5,16954.4
2019-11-02T14:00+01:00,1227.4,350.9,11118,1.6,1035.9,16823.3
2019-11-02T15:00+01:00,1224.6,351.8,11209.2,1.6,1079.4,17037.7
2019-11-02T16:00+01:00,1227.3,348,12037.9,1.6,1075.9,17499.9
2019-11-02T17:00+01:00,1225.7,351.8,12266.1,1.5,1101.6,17918.3
2019-11-02T18:00+01:00,1219.9,348.9,12189.8,1.5,950.8,17782.2
2019-11-02T19:00+01:00,1217.5,369.8,11778.4,1.5,951.7,17595.8
2019-11-02T20:00+01:00,1218,368.2,11485.4,1.5,914,17201
2019-11-02T21:00+01:00,1215.9,369.9,10803.3,1.5,897,16911.2
2019-11-02T22:00+01:00,1210.8,369.2,10014.8,1.5,910.8,16503.7
2019-11-02T23:00+01:00,1205.3,369,9036,1.5,910.3,16077.3
2019-11-03T00:00+01:00,1145.3,365.5,8533.9,1.4,901,15605.7
2019-11-03T01:00+01:00,1134.1,368.9,8510.8,1.4,919.7,15373.7
2019-11-03T02:00+01:00,1130.2,364.8,8428.3,1.4,825.4,15157.2
2019-11-03T03:00+01:00,1123.9,369.1,8241.8,1.4,932.4,15197.3
2019-11-03T04:00+01:00,1124.9,365.1,8204.1,1.4,875,15168.8
2019-11-03T05:00+01:00,1121.8,368,8201.9,1.4,798.6,15208.8
2019-11-03T06:00+01:00,1124.7,368.5,8033.9,1.4,759.6,15349.1
2019-11-03T07:00+01:00,1122.1,367.7,8571.5,1.4,777.6,15909
2019-11-03T08:00+01:00,1122.9,365.9,9826.8,1.4,821.7,16511
2019-11-03T09:00+01:00,1136.5,364.9,10696.9,1.4,858.7,17006.6
2019-11-03T10:00+01:00,1133.9,367.9,11214.4,1.4,864.1,17294
2019-11-03T11:00+01:00,1145.5,367.2,11844.7,1.4,867.8,17394.6
2019-11-03T12:00+01:00,1127.9,369.9,12191.2,1.4,861.8,17249.8
2019-11-03T13:00+01:00,1128.1,363.6,11776.1,1.4,947.5,17304.1
2019-11-03T14:00+01:00,1140.1,359.9,12157.4,1.3,1003.3,17349.3
2019-11-03T15:00+01:00,1124.5,364.5,12699.4,1.3,1065.4,17628.1
2019-11-03T16:00+01:00,1125.7,344,13619.1,1.3,1067.1,17843.2
2019-11-03T17:00+01:00,1133.2,343,15443.4,1.3,1045,18077.4
2019-11-03T18:00+01:00,1127.9,348.3,15869.6,1.3,1045,18090.3
2019-11-03T19:00+01:00,1125.9,351.7,14264.9,1.3,998.8,17808.6
2019-11-03T20:00+01:00,1130.8,372,12785.7,1.3,1029.2,17780.7
2019-11-03T21:00+01:00,1122.8,369.2,11826.2,1.3,1023.1,17490.4
2019-11-03T22:00+01:00,1121.1,370.2,10730.7,1.3,1059.8,17032.1
2019-11-03T23:00+01:00,1121.8,368.6,9350.7,1.2,1031.1,16431.5
2019-11-04T00:00+01:00,1104.2,364.3,9166.6,1.2,1061.4,15934.3
2019-11-04T01:00+01:00,1090.5,365.8,9052.5,1.2,1131.6,15776.2
2019-11-04T02:00+01:00,1100.2,367.7,8969.8,1.2,1127.2,15723.8
2019-11-04T03:00+01:00,1100.8,360.1,9212.8,1.2,1048.6,15711.4
2019-11-04T04:00+01:00,1099.1,365.3,9785.7,1.2,1067.3,15898.6
2019-11-04T05:00+01:00,1098,349.3,10754.8,1.2,1013.5,16286.6
2019-11-04T06:00+01:00,1099.4,362.5,13569.2,1.2,986.5,17919
2019-11-04T07:00+01:00,1112,363.9,16930.5,1.2,945.5,19262
2019-11-04T08:00+01:00,1124,369.3,18498.7,1.2,930.5,19360.2
2019-11-04T09:00+01:00,1128.4,365.7,18953,1.2,927,19343.2
2019-11-04T10:00+01:00,1128.7,364.4,18696.1,1.2,911.4,19327.2
2019-11-04T11:00+01:00,1132.9,363.6,18219.5,1.2,831.1,18964.5
2019-11-04T12:00+01:00,1134.2,364.9,17586.7,1.3,792,18743
2019-11-04T13:00+01:00,1131.3,361.2,17976.9,1.2,760.2,18591.6
2019-11-04T14:00+01:00,1130.4,361.6,18269.1,1.2,695.3,18550.7
2019-11-04T15:00+01:00,1124.4,363.4,18335.1,1.1,743.9,18704.7
2019-11-04T16:00+01:00,1119,360.1,18976.3,1.1,756.7,19155.8
2019-11-04T17:00+01:00,1118,362.4,19325.4,1.1,724.7,19261.7
2019-11-04T18:00+01:00,1115.7,358.8,19159.8,1.1,701.1,19190.3
2019-11-04T19:00+01:00,1116.1,362.8,19088.6,1.2,687.9,19135.3
2019-11-04T20:00+01:00,1113.9,358,17597.2,1.2,585.9,18780.1
2019-11-04T21:00+01:00,1109.4,361.4,15541.5,1.1,567.8,18444.4
2019-11-04T22:00+01:00,1095.9,354.3,14508.4,1.1,539.6,17946.6
2019-11-04T23:00+01:00,1094.7,356.2,13002,0.8,487.6,17195.7
2019-11-05T00:00+01:00,1081.7,360,13126.1,1.4,447.6,16881.4
2019-11-05T01:00+01:00,1074.9,361.3,12807.1,1,390.8,16581.4
2019-11-05T02:00+01:00,1071.7,356.4,12565.9,1,389.8,16475
2019-11-05T03:00+01:00,1067.8,357.1,12627.5,1,323.2,16371.8
2019-11-05T04:00+01:00,1069.3,357.5,13387.6,1,295.6,16593.9
2019-11-05T05:00+01:00,1066.9,361,15073.5,1,267.3,17073.8
2019-11-05T06:00+01:00,1065.4,356.8,17051.7,0.9,279,18580.3
2019-11-05T07:00+01:00,1098.2,355.4,19566.8,0.9,265.5,20143
2019-11-05T08:00+01:00,1115.1,356.1,20424.1,0.9,241.8,20315.5
2019-11-05T09:00+01:00,1119.1,355.9,20430.7,0,228.7,20090.2
2019-11-05T10:00+01:00,1126.2,358.8,20628.3,0,191.1,19903.7
2019-11-05T11:00+01:00,1123.8,354.5,20573.4,0,164.4,19638.3
2019-11-05T12:00+01:00,1124.5,355.9,20603.8,0,137.5,19394.6
2019-11-05T13:00+01:00,1126,357.3,20701.9,0,104.8,19264.4
2019-11-05T14:00+01:00,1127.2,356,20800.4,0,106.3,19294
2019-11-05T15:00+01:00,1126.1,359.1,20840.5,0,141.9,19671.8
2019-11-05T16:00+01:00,1127.8,355.6,20846.5,0,165.3,20217.5
2019-11-05T17:00+01:00,1129.9,375.6,21632,0,179.8,20430.7
2019-11-05T18:00+01:00,1130.8,379.2,22065.8,0,136.8,20277.4
2019-11-05T19:00+01:00,1127.1,358.3,21947.5,0,116,20021.3
2019-11-05T20:00+01:00,1127.2,356.9,21930.8,0,137.7,19899.4
2019-11-05T21:00+01:00,1119.2,356.7,19604.4,0,184.5,19309.3
2019-11-05T22:00+01:00,1115.9,354.4,16746.8,0,208.4,18662.9
2019-11-05T23:00+01:00,1115.7,356.9,14539.9,0,202.5,17842
2019-11-06T00:00+01:00,1058.7,356.5,14407.3,0,200.7,17287.2
2019-11-06T01:00+01:00,1036.2,357.9,13994,0,208.7,16904.9
2019-11-06T02:00+01:00,1025.9,355.7,13827.9,0,291,16838.1
2019-11-06T03:00+01:00,1016.9,358.4,14151.5,0,267.1,16828.2
2019-11-06T04:00+01:00,1012.2,359.3,14999.5,0,243.8,16929.5
2019-11-06T05:00+01:00,1017.1,357.1,16194.5,0,262.5,17595
2019-11-06T06:00+01:00,1023.1,355.7,20371,0,290.4,19133.9
2019-11-06T07:00+01:00,1028.5,359.9,21299.1,0,298,20436.4
2019-11-06T08:00+01:00,996.6,356,20931.6,0,393.9,20770.2
2019-11-06T09:00+01:00,1003.7,355.8,21124.5,0,357.5,20755.5
2019-11-06T10:00+01:00,995.7,357.4,21090.9,0,319.1,20578.1
2019-11-06T11:00+01:00,999.8,357.3,21207.9,0.7,324.9,20364
2019-11-06T12:00+01:00,996.4,357.7,21122.3,0.7,281.5,20723.1
2019-11-06T13:00+01:00,995.8,357.2,21157.8,0.7,281.4,20272.9
2019-11-06T14:00+01:00,994.3,360.7,20763.4,0.7,287.6,20205
2019-11-06T15:00+01:00,991.6,352.9,20532.7,0.7,308.2,19944
2019-11-06T16:00+01:00,984.4,347.4,21076.5,0.7,325.7,20249.7
2019-11-06T17:00+01:00,987.2,353.5,21524.7,0.7,440.1,20514.2
2019-11-06T18:00+01:00,987,357.6,21866.8,0.7,365,20208.5
2019-11-06T19:00+01:00,996,357.4,21664.3,0.7,435.9,20170.8
2019-11-06T20:00+01:00,995.5,353.3,21430.5,0.7,367.2,19867.5
2019-11-06T21:00+01:00,993.3,355.9,20910.2,0.6,373.2,19481.6
2019-11-06T22:00+01:00,990.8,356.6,19116.9,0.6,373.9,18631.6
2019-11-06T23:00+01:00,983.3,354.7,16325.5,0.6,381.8,17999
2019-11-07T00:00+01:00,982,357.2,15478.2,0.6,459.7,17550.6
2019-11-07T01:00+01:00,977.1,358.7,14648.9,0.6,430.8,17102.6
2019-11-07T02:00+01:00,976,357.4,14396,0.6,402.7,16920.2
2019-11-07T03:00+01:00,975.1,359.8,14729.5,0.6,388.9,17010
2019-11-07T04:00+01:00,978.6,358.4,15853.9,0.6,408,17285.3
2019-11-07T05:00+01:00,979.3,360.9,17437.4,0.6,419.4,17783.9
2019-11-07T06:00+01:00,978.6,357.4,19924.2,0.6,444.8,19280.2
2019-11-07T07:00+01:00,983.1,355.2,21217.3,0.6,409.9,20767
2019-11-07T08:00+01:00,987.2,348.2,21127,0.6,421.8,20952.1
2019-11-07T09:00+01:00,977.2,348.7,21236.1,0.6,382,20752.3
2019-11-07T10:00+01:00,978.6,353.8,21187.7,0.6,353.1,20607.1
2019-11-07T11:00+01:00,976.5,360.6,20965.5,0.5,330.5,20356.4
2019-11-07T12:00+01:00,976.5,345.6,20741.7,0.6,303.2,20048.7
2019-11-07T13:00+01:00,948.5,351,20794.9,0.6,316,20160.2
2019-11-07T14:00+01:00,950.6,351.5,20678.4,0.6,294.6,20044
2019-11-07T15:00+01:00,973.1,353.1,21044.7,0.6,270.7,20217.7
2019-11-07T16:00+01:00,976.6,334.9,21262.3,0.6,295.1,20663.6
2019-11-07T17:00+01:00,978.6,334.7,21561,0.6,320.1,20738.9
2019-11-07T18:00+01:00,980.3,334.4,21558.4,0.5,385.1,20584.7
2019-11-07T19:00+01:00,979.6,350.9,21068.9,0.5,338.4,20346.9
2019-11-07T20:00+01:00,983.2,355.8,19688.1,0.5,360.9,19937.8
2019-11-07T21:00+01:00,992.7,358.5,17731.5,0.5,382.3,19610.2
2019-11-07T22:00+01:00,997.4,353.8,16439,0.5,381.2,19030.3
2019-11-07T23:00+01:00,992.4,359.3,15331.8,0.5,372.6,18217.3
2019-11-08T00:00+01:00,970.1,357.2,14272.6,0.5,387.7,17652.2
2019-11-08T01:00+01:00,960.2,358.7,13534.6,0.5,438.8,17307.7
2019-11-08T02:00+01:00,955.1,358.9,13003.3,0.5,393.1,17124.2
2019-11-08T03:00+01:00,951,359.2,13025.8,0.5,340.2,17091.6
2019-11-08T04:00+01:00,951.8,358.3,13929,0.5,329.5,17266.1
2019-11-08T05:00+01:00,957.4,360.3,16020.5,0.5,351.5,17832.7
2019-11-08T06:00+01:00,960.7,357.3,19834.7,0.5,381.5,19244.8
2019-11-08T07:00+01:00,961.8,359.2,22111.8,0.4,377.1,20869.3
2019-11-08T08:00+01:00,969.7,352.6,22486.7,0.4,331.4,21197
2019-11-08T09:00+01:00,968,360.8,22241.4,0.4,303.1,21164.5
2019-11-08T10:00+01:00,966.1,357.3,22422.2,0.4,263.8,21004.8
2019-11-08T11:00+01:00,965.2,361.1,22657.8,0.4,234.4,20991.9
2019-11-08T12:00+01:00,963.6,361,22254.3,0.4,189.9,20664.4
2019-11-08T13:00+01:00,945.5,360.1,22322.2,0.4,161.8,20600.4
2019-11-08T14:00+01:00,945.6,366.5,22380,0.4,150.7,20491.5
2019-11-08T15:00+01:00,938.2,361.1,23019.8,0.4,144.3,20881
2019-11-08T16:00+01:00,939.5,363.2,22911.3,0.4,155.9,20612.4
2019-11-08T17:00+01:00,940.5,379.3,22984.8,0.4,159.5,20885.3
2019-11-08T18:00+01:00,939,397.3,22507.9,0.4,237.3,20694.7
2019-11-08T19:00+01:00,934,365,21757.8,0.4,238.6,20307.4
2019-11-08T20:00+01:00,929.4,361.3,20813.1,0.4,243.9,19905.1
2019-11-08T21:00+01:00,916.1,362.8,20097.8,0.4,215.8,19307.3
2019-11-08T22:00+01:00,908.4,364.7,19093.8,0.4,155,18711.4
2019-11-08T23:00+01:00,899.3,365.1,16615.6,0.4,260.8,18168
2019-11-09T00:00+01:00,880.8,359.1,17067.7,0.4,182.3,17663.6
2019-11-09T01:00+01:00,869.9,363.5,14907,0.4,166.4,17237.4
2019-11-09T02:00+01:00,865.9,356.7,13708.9,0.4,229.7,17070.6
2019-11-09T03:00+01:00,860.9,363.2,13047.8,0.4,273.6,17061.4
2019-11-09T04:00+01:00,860.9,360.5,13134.2,0.4,285.8,17083.7
2019-11-09T05:00+01:00,859.9,358.4,13456.2,0.4,319.6,17198.9
2019-11-09T06:00+01:00,859.8,358.6,14960.6,0.4,327.5,17576.8
2019-11-09T07:00+01:00,859.7,358.7,17097.1,0.4,367.9,18169.7
2019-11-09T08:00+01:00,867.7,359,18137.5,0.3,385.5,18646.4
2019-11-09T09:00+01:00,867.1,355,19842.8,0.3,442.7,19356.9
2019-11-09T10:00+01:00,865.8,359.3,20086,0.4,501.6,19729.9
2019-11-09T11:00+01:00,864,349.3,19367.3,0.3,499.4,19629.3
2019-11-09T12:00+01:00,863.9,353.1,19140.2,0.3,396.6,19288.2
2019-11-09T13:00+01:00,863.3,354.6,17700.8,0.3,519.1,19108
2019-11-09T14:00+01:00,864.2,351.9,17710.6,0.3,504,19161.5
2019-11-09T15:00+01:00,864.7,352,19189.4,0.3,543.7,19435.4
2019-11-09T16:00+01:00,863.7,353.1,20400.3,0.3,517.9,19746.8
2019-11-09T17:00+01:00,864.2,355.6,20971.8,0.3,485.9,20006.6
2019-11-09T18:00+01:00,863.7,352.4,20802.3,0.3,537.2,20024.3
2019-11-09T19:00+01:00,860,357.7,20307.5,0.3,498.3,19575.6
2019-11-09T20:00+01:00,859.9,365.4,18975.9,0.3,507.8,19116.7
2019-11-09T21:00+01:00,859.1,360.6,16547.4,0.3,436.1,18485.3
2019-11-09T22:00+01:00,859.2,365.8,14678.2,0.3,452.5,18064.2
2019-11-09T23:00+01:00,858,366,12889.6,0.3,449.7,17744.5
2019-11-10T00:00+01:00,846.5,340.6,12341.2,0.3,394.8,17281.8
2019-11-10T01:00+01:00,845.8,350.4,11728.1,0.3,358.2,16927.5
2019-11-10T02:00+01:00,846.9,355.4,11454.2,0.3,316.5,16758.6
2019-11-10T03:00+01:00,846.6,360.7,11371.9,0.3,318.2,16749
2019-11-10T04:00+01:00,846.4,357.5,11546.6,0.3,354.9,16900.9
2019-11-10T05:00+01:00,846.1,358.3,11701.6,0.3,349.6,17065.9
2019-11-10T06:00+01:00,846.9,358.2,11819.8,0.3,324.3,17321.6
2019-11-10T07:00+01:00,845.9,349.5,12709.5,0.3,354.3,17763.1
2019-11-10T08:00+01:00,847.8,357.5,13934,0.3,318.5,18123
2019-11-10T09:00+01:00,851.2,347.1,15006.1,0.3,315.1,18566
2019-11-10T10:00+01:00,851.8,349.3,16087.7,0.3,325.6,18985.1
2019-11-10T11:00+01:00,851.9,338.4,16511.1,0.3,392.2,19140.4
2019-11-10T12:00+01:00,850.4,346.1,16874.3,0.3,364,19050.9
2019-11-10T13:00+01:00,849.9,350.2,16650.6,0.3,348.4,18890.5
2019-11-10T14:00+01:00,849.9,350.7,16705.5,0.3,313.5,18844
2019-11-10T15:00+01:00,856.8,346.4,18389.3,0.3,399.1,19241.7
2019-11-10T16:00+01:00,857.8,354.3,20533.8,0.3,358.1,19525.8
2019-11-10T17:00+01:00,858.3,362,21300.9,0.3,303.7,19685.8
2019-11-10T18:00+01:00,858.6,363.4,21254.4,0.3,307.6,19511
2019-11-10T19:00+01:00,860.5,359.8,20902.6,0.3,280.8,19371.5
2019-11-10T20:00+01:00,863,362.8,20719.9,0.3,326.4,19360.4
2019-11-10T21:00+01:00,866.8,360.1,20196,0.3,333.8,19041.4
2019-11-10T22:00+01:00,870.8,357.9,19268,0.3,424.4,18618.5
2019-11-10T23:00+01:00,870.7,352.9,15961.2,0.3,535.4,17977.6
2019-11-11T00:00+01:00,871.6,351.7,13422.4,0.3,447.6,17430.1
2019-11-11T01:00+01:00,869.8,352.5,12660.1,0.4,497.8,17324.4
2019-11-11T02:00+01:00,870.9,354.8,12398.2,0.3,478.2,17199.1
2019-11-11T03:00+01:00,871.4,355.3,12549.1,0.3,574.5,17336.4
2019-11-11T04:00+01:00,872.4,355.7,13255,0.4,539.6,17492.3
2019-11-11T05:00+01:00,904.6,355.1,15300.8,0.3,568.5,18050
2019-11-11T06:00+01:00,924.1,353.7,19021.3,0.3,629.4,19707.8
2019-11-11T07:00+01:00,945.9,356.3,21140.5,0.3,629.2,21367.7
2019-11-11T08:00+01:00,965.9,354.5,21501.3,0.3,527.5,21490.8
2019-11-11T09:00+01:00,974.4,348.6,21589.1,0.3,682,21608.2
2019-11-11T10:00+01:00,976.1,346.1,21182.2,0.3,575.4,21325.9
2019-11-11T11:00+01:00,970.4,347.1,21274.8,0.3,610.6,21059.4
2019-11-11T12:00+01:00,977.9,348.4,20907.5,0.3,558.7,20855.5
2019-11-11T13:00+01:00,976.1,342.3,21329.9,0.3,687.8,20909.1
2019-11-11T14:00+01:00,973.9,344.6,20797,0.3,815.7,20946.9
2019-11-11T15:00+01:00,974.5,348.8,21340.8,0.3,948.6,21097.7
2019-11-11T16:00+01:00,974.3,336.4,21497.3,0.3,1120.9,21559.2
2019-11-11T17:00+01:00,981.8,347.5,22146.3,0.3,1089.3,21458.8
2019-11-11T18:00+01:00,983,346.2,20963.4,0.3,1046.5,21004.3
2019-11-11T19:00+01:00,982.6,339.9,19264.7,0.3,1150.4,20887.7
2019-11-11T20:00+01:00,983.1,337.9,17257.8,0.3,1102.7,20342.2
2019-11-11T21:00+01:00,976.7,337.6,15771.4,0.3,1073.7,19740
2019-11-11T22:00+01:00,973.5,340.9,14333.9,0.3,1049.1,19128.9
2019-11-11T23:00+01:00,970.5,339.5,12477.6,0.3,984.7,18293.4
2019-11-12T00:00+01:00,952.7,337.9,11359.7,0.3,1019.8,17608.7
2019-11-12T01:00+01:00,952.4,343.8,10862.4,0.3,908.6,17098
2019-11-12T02:00+01:00,953.6,343.5,10735.6,0.3,969,17079.4
2019-11-12T03:00+01:00,954.2,336.5,10749.5,0.3,1001.4,17104.8
2019-11-12T04:00+01:00,954.1,343.4,11389.8,0.3,971.9,17164.8
2019-11-12T05:00+01:00,954.5,340,13089.7,0.3,982.4,17608.8
2019-11-12T06:00+01:00,958.6,337.3,15968.8,0.3,912.7,18920
2019-11-12T07:00+01:00,964.2,341.6,19163.5,0.4,860.2,20399.8
2019-11-12T08:00+01:00,965.2,339.8,19667.5,0.4,881.6,20585.5
2019-11-12T09:00+01:00,962.6,338.4,19167.4,0.4,961.2,20341.8
2019-11-12T10:00+01:00,963.7,349.4,18926.1,0.4,974,20419.3
2019-11-12T11:00+01:00,952.7,350.2,18187.3,0.4,978.2,20064.1
2019-11-12T12:00+01:00,950.4,347,17649,0.5,1071.8,19938.7
2019-11-12T13:00+01:00,952.5,347.1,18530.9,0.5,1152.3,19929.6
2019-11-12T14:00+01:00,956.1,350.2,19376.6,0.5,997.5,20001.9
2019-11-12T15:00+01:00,959.8,344.7,20474.3,0.5,1003.2,20312.6
2019-11-12T16:00+01:00,960.5,348.2,21149.7,0.5,1029.6,20653.6
2019-11-12T17:00+01:00,969.6,345.8,21493.1,0.5,1073.7,20566.8
2019-11-12T18:00+01:00,971.1,349.2,20808.2,0.6,1047.5,20015.6
2019-11-12T19:00+01:00,970.5,345,18576.4,0.6,1003,19502.1
2019-11-12T20:00+01:00,970.9,349.4,16562.9,0.6,970.7,19145.9
2019-11-12T21:00+01:00,964.8,348.6,14950.6,0.6,1035.8,18675.8
2019-11-12T22:00+01:00,964.9,343.8,13099.1,0.6,940.2,17893.8
2019-11-12T23:00+01:00,965.7,346,11366.5,0.6,1048.7,17336.3
2019-11-13T00:00+01:00,956.9,327.2,9716.1,0.6,1078.5,16752.4
2019-11-13T01:00+01:00,949.8,325.2,9385.6,0.6,955.9,16384.9
2019-11-13T02:00+01:00,948.6,327.2,9337.2,0.6,817.2,15982.2
2019-11-13T03:00+01:00,945.9,325.7,9610.7,0.6,916.7,16069.4
2019-11-13T04:00+01:00,947.5,325.6,10752.6,0.6,881.1,16217.2
2019-11-13T05:00+01:00,947.9,324.5,13145.8,0.6,864.2,16759.4
2019-11-13T06:00+01:00,950.8,317.3,16280.1,0.6,964.5,18459.9
2019-11-13T07:00+01:00,952.4,322.8,20165.9,0.6,836.1,19874.1
2019-11-13T08:00+01:00,970.4,320.6,19961.3,0.6,816.3,19509.2
2019-11-13T09:00+01:00,968.9,325.3,19711.2,0.6,796.9,19450
2019-11-13T10:00+01:00,971.8,322.7,20002.2,0.6,761.5,19341.6
2019-11-13T11:00+01:00,971.2,327.3,19880.9,0.6,777,19151.7
2019-11-13T12:00+01:00,974.1,325.6,20324.5,0.6,739.4,19155.5
2019-11-13T13:00+01:00,968,325.6,20184,0.6,692.7,19023.8
2019-11-13T14:00+01:00,967.7,326.5,20511.1,0.6,677.2,19098.6
2019-11-13T15:00+01:00,969.6,326.3,20788.2,0.6,691.7,19276.2
2019-11-13T16:00+01:00,967.3,321.7,20956.5,0.6,698,19636.5
2019-11-13T17:00+01:00,967.8,323.9,20927.1,0.6,759.3,19702.2
2019-11-13T18:00+01:00,969.2,324,20944.5,0.6,716.5,19314.2
2019-11-13T19:00+01:00,967.7,325.3,20432.3,0.6,645.7,19005.8
2019-11-13T20:00+01:00,959.6,327.3,19574.2,0.6,606.4,18808.4
2019-11-13T21:00+01:00,958.5,327.8,18285.6,0.6,566.7,18386
2019-11-13T22:00+01:00,952.6,328.6,15974.3,0.6,582.5,17687.5
2019-11-13T23:00+01:00,950.9,328.4,13531.8,0.6,542,16846.3
2019-11-14T00:00+01:00,938.9,323.3,12254.3,0.6,581.8,16293.1
2019-11-14T01:00+01:00,924.9,324.7,11515.4,0.6,548.5,16024.6
2019-11-14T02:00+01:00,919.1,324.9,11122,0.6,513.2,15887.9
2019-11-14T03:00+01:00,912.9,322,11317.3,0.6,489.9,15840.6
2019-11-14T04:00+01:00,909.8,320.4,12055.9,0.6,459.4,15957.5
2019-11-14T05:00+01:00,900,324.6,14325.6,0.6,469.2,16523.8
2019-11-14T06:00+01:00,901.5,323,18238.8,0.6,465.9,18065.5
2019-11-14T07:00+01:00,912.8,326.6,20749.9,0.6,447.1,19596.4
2019-11-14T08:00+01:00,928.5,323.3,20976.2,0.6,376.2,19790.5
2019-11-14T09:00+01:00,934.8,317.1,20337.5,0.6,336,19714.8
2019-11-14T10:00+01:00,936.9,326.4,20024.2,0.6,325.4,19663.9
2019-11-14T11:00+01:00,936.4,326.4,20736.9,0.6,297,19600.8
2019-11-14T12:00+01:00,940.6,324.6,20431.1,0.6,233.2,19315.4
2019-11-14T13:00+01:00,939.1,326,20575.7,0.6,201.9,19294.2
2019-11-14T14:00+01:00,936.5,326.3,21090,0.6,191.2,19330.6
2019-11-14T15:00+01:00,936.3,322.4,21290.9,0.6,211.3,19589.2
2019-11-14T16:00+01:00,935.6,326.3,21525.5,0.6,209.7,19930.4
2019-11-14T17:00+01:00,936.6,318.2,21312.4,0.6,201.7,19950.7
2019-11-14T18:00+01:00,954.8,326.7,20043.8,0.6,188.3,19458.8
2019-11-14T19:00+01:00,954.1,327,19264.8,0.6,214.6,19186.2
2019-11-14T20:00+01:00,948,324.5,17985.8,0.6,272.1,18996.7
2019-11-14T21:00+01:00,946.9,327.1,16945.8,0.6,262.9,18557.8
2019-11-14T22:00+01:00,945,312.6,15004.5,0.6,345.9,17802.8
2019-11-14T23:00+01:00,940.7,311.8,13496.7,0.6,404.5,17074.8
2019-11-15T00:00+01:00,947.2,345.1,11767,0.6,479.4,16552.3
2019-11-15T01:00+01:00,945.7,354.7,10694.8,0.6,647.3,16211.4
2019-11-15T02:00+01:00,945.8,360,10189.7,0.6,703.4,16016.7
2019-11-15T03:00+01:00,945.4,359.9,9986.9,0.6,667.5,16038.8
2019-11-15T04:00+01:00,945.4,358.4,10354.8,0.6,721,16156.9
2019-11-15T05:00+01:00,945.9,351.4,12029.7,0.6,652,16538.4
2019-11-15T06:00+01:00,950.2,357.6,14768.4,0.6,720.2,17935.8
2019-11-15T07:00+01:00,969.3,354.9,16867.3,0.6,677.8,19403.8
2019-11-15T08:00+01:00,985,355.8,17670.6,0.6,585.4,19647.7
2019-11-15T09:00+01:00,987.2,358.3,17265.4,0.6,711.9,19615.5
2019-11-15T10:00+01:00,990.8,357.2,17409.9,0.6,699.5,19616.7
2019-11-15T11:00+01:00,988,352.5,17172.3,0.6,698.6,19219.5
2019-11-15T12:00+01:00,987.5,347.1,17308.4,0.6,809.9,19348.9
2019-11-15T13:00+01:00,976.7,346.8,17159.2,0.6,803.4,19184.5
2019-11-15T14:00+01:00,975.5,350,17429.3,0.6,690.5,19190.6
2019-11-15T15:00+01:00,975.1,345.3,18785,0.6,685.5,19234.6
2019-11-15T16:00+01:00,975.8,346,19472.7,0.6,593,19466
2019-11-15T17:00+01:00,980.4,351.5,20107.2,0.6,583.7,19423.2
2019-11-15T18:00+01:00,979.4,350.3,19699.8,0.6,564.6,19201
2019-11-15T19:00+01:00,977.7,354.7,18402.1,0.6,562.5,18860.1
2019-11-15T20:00+01:00,976.6,356.6,16565.9,0.5,534.9,18443.6
2019-11-15T21:00+01:00,976,355.6,15754.8,0.6,494.4,17960.2
2019-11-15T22:00+01:00,970.4,357.4,14258.7,0.6,507.5,17488.1
2019-11-15T23:00+01:00,967,357.7,12645.9,0.5,535.6,17069.1
2019-11-16T00:00+01:00,929.2,355.5,11796.4,0.5,559.1,16593.4
2019-11-16T01:00+01:00,909.7,352.6,11470.7,0.5,514.4,16091.8
2019-11-16T02:00+01:00,901.5,355.2,11013.4,0.5,550.6,16038.9
2019-11-16T03:00+01:00,893.4,355,11403.6,0.5,575.4,15959
2019-11-16T04:00+01:00,893.7,355.8,11372.3,0.6,579.8,15869.4
2019-11-16T05:00+01:00,895.3,354.8,11427.8,0.5,630.5,16052.4
2019-11-16T06:00+01:00,894.9,355.3,11499.7,0.6,649,16303.8
2019-11-16T07:00+01:00,898.4,356.7,13354,0.6,677.1,16766.5
2019-11-16T08:00+01:00,899.8,352.4,15666.6,0.6,727.9,17547.5
2019-11-16T09:00+01:00,889,345.2,17146.7,0.6,700.4,18098.9
2019-11-16T10:00+01:00,887.4,351,16499.9,0.6,663.6,18407.1
2019-11-16T11:00+01:00,893.8,350.3,15482.5,0.6,801,18572.4
2019-11-16T12:00+01:00,891.9,346.4,13800.3,0.6,772.6,18484.6
2019-11-16T13:00+01:00,890.2,328.6,13965.8,0.5,784,18559.1
2019-11-16T14:00+01:00,889.3,323.1,13922.1,0.6,767.9,18477.3
2019-11-16T15:00+01:00,888.5,320.8,14286.8,0.5,725.6,18545.7
2019-11-16T16:00+01:00,890.3,320.4,15393.9,0.5,722.6,18927.4
2019-11-16T17:00+01:00,889.1,319.1,16530.6,0.5,645.4,18861.5
2019-11-16T18:00+01:00,889.1,331.8,15564,0.5,672.4,18584.1
2019-11-16T19:00+01:00,887,336.1,13831.4,0.5,720.4,18373.5
2019-11-16T20:00+01:00,888.7,333.1,12560.9,0.5,672.4,17839.8
2019-11-16T21:00+01:00,885.3,332,12161.5,0.5,735.5,17499.7
2019-11-16T22:00+01:00,886,335.3,11550.2,0.5,730.6,17110.8
2019-11-16T23:00+01:00,885.5,345.3,10887.3,0.5,747.3,16664.5
2019-11-17T00:00+01:00,880.7,352.3,10775.5,0.5,751.2,16101.9
2019-11-17T01:00+01:00,880.7,350.5,10470.2,0.5,771.6,15773.1
2019-11-17T02:00+01:00,880.6,351.5,10228.6,0.5,797.1,15613.2
2019-11-17T03:00+01:00,880.4,352.5,10120.5,0.5,763,15438
2019-11-17T04:00+01:00,879.9,350.2,10265.9,0.5,710.7,15374.8
2019-11-17T05:00+01:00,881,353.4,10591.9,0.5,758.1,15591.5
2019-11-17T06:00+01:00,880.2,357.2,10696.1,0.5,740.5,15814.4
2019-11-17T07:00+01:00,884.6,356.1,11476.8,0.5,698.6,16098.2
2019-11-17T08:00+01:00,886.2,347,12396.4,0.5,605.2,16567.1
2019-11-17T09:00+01:00,886.2,347.7,12744.4,0.5,632.1,16994.9
2019-11-17T10:00+01:00,886,347.6,13457.7,0.5,654.4,17578
2019-11-17T11:00+01:00,886.5,350.7,14641.7,0.5,479.3,17621.7
2019-11-17T12:00+01:00,885.7,345.8,13514.3,0.5,352.9,17330
2019-11-17T13:00+01:00,885.7,347.7,13521.3,0.5,370.5,17390.5
2019-11-17T14:00+01:00,885.6,345.9,13630.4,0.5,321.5,17482.2
2019-11-17T15:00+01:00,887.3,347,15056.4,0.5,331.2,17714.6
2019-11-17T16:00+01:00,885,345.1,17154.7,0.5,472.6,18386.5
2019-11-17T17:00+01:00,884.9,343.1,19011.3,0.5,385.9,18445.5
2019-11-17T18:00+01:00,887.4,346,18588.5,0.5,288.3,18289.2
2019-11-17T19:00+01:00,887.3,348.8,16913.3,0.5,296.9,18125
2019-11-17T20:00+01:00,887.1,350.4,14872.3,0.5,378.5,18026.3
2019-11-17T21:00+01:00,886.6,343.4,13847.1,0.5,303.6,17706.2
2019-11-17T22:00+01:00,883.1,345.5,13084.4,0.5,285.6,17196.2
2019-11-17T23:00+01:00,884,349.8,12275.1,0.5,292.2,16647
2019-11-18T00:00+01:00,884.5,351.7,11310.3,0.5,258.6,16144.2
2019-11-18T01:00+01:00,884.3,351.5,10796.3,0.5,241,15894.7
2019-11-18T02:00+01:00,884.8,351.6,10762,0.5,264.4,15772
2019-11-18T03:00+01:00,884.7,353.1,10491.4,0.5,308,15676.4
2019-11-18T04:00+01:00,885.2,356.6,10964.5,0.5,341.8,15789.5
2019-11-18T05:00+01:00,885.5,355.4,12232.5,0.5,437.5,16479.7
2019-11-18T06:00+01:00,889.7,354.3,15864.6,0.5,629.2,18152.5
2019-11-18T07:00+01:00,895.5,354.7,19541.9,0.5,666.9,19516.5
2019-11-18T08:00+01:00,895.7,358.6,20892.2,0.5,732.8,20032.7
2019-11-18T09:00+01:00,899.5,355.6,21015.5,0.5,699.3,19928
2019-11-18T10:00+01:00,885.2,346.5,20988.9,0.5,693.3,19752.4
2019-11-18T11:00+01:00,880.7,347.5,20804.3,0.5,678.3,19523.9
2019-11-18T12:00+01:00,887.8,349.2,20454,0.6,698.2,19402.5
2019-11-18T13:00+01:00,892.5,346.6,20484.2,0.6,777,19541
2019-11-18T14:00+01:00,895.8,343.5,20440.9,0.6,836.5,19808.3
2019-11-18T15:00+01:00,895.4,343.9,20484.2,0.6,872.2,19787.2
2019-11-18T16:00+01:00,898.6,342.2,20490.6,0.6,893.9,19861.3
2019-11-18T17:00+01:00,898.5,342.1,20339.2,0.7,990.1,19737.6
2019-11-18T18:00+01:00,900.2,344.9,19307.1,0.7,974.9,19420.5
2019-11-18T19:00+01:00,898.8,343.9,17459.6,0.7,967.1,19092.8
2019-11-18T20:00+01:00,899.6,343.3,14795.5,0.7,868.6,18546.1
2019-11-18T21:00+01:00,898.5,340.3,13550.4,0.7,934.5,18165.4
2019-11-18T22:00+01:00,896.3,339.4,12383.2,0.7,956.5,17528.9
2019-11-18T23:00+01:00,894.1,334.6,11309,0.7,1007.1,16756.4
2019-11-19T00:00+01:00,910.4,336.7,10194.3,0.7,1041,16179.5
2019-11-19T01:00+01:00,915.7,336.7,9462.2,0.7,1020.6,15786.7
2019-11-19T02:00+01:00,918.2,322.2,8828.4,0.7,972.3,15468.3
2019-11-19T03:00+01:00,921.7,325.2,8522.4,0.7,1008,15535
2019-11-19T04:00+01:00,922.8,326.7,9451.8,0.7,854.9,15589.1
2019-11-19T05:00+01:00,924.3,330.8,11309.6,0.7,856,16045
2019-11-19T06:00+01:00,923.9,330.5,14389.6,0.7,737.2,17287
2019-11-19T07:00+01:00,936.9,333,17614.5,0.8,651.5,18612.7
2019-11-19T08:00+01:00,934.2,332.1,18997.2,0.7,626.4,18932.5
2019-11-19T09:00+01:00,924.4,328.8,18204.9,0.8,651.6,18739.9
2019-11-19T10:00+01:00,925.5,335.6,17775.6,0.8,622.4,18716.1
2019-11-19T11:00+01:00,928.8,332.8,17964.6,0.8,633.1,18592.5
2019-11-19T12:00+01:00,928.4,336,18169.5,0.8,622,18482.2
2019-11-19T13:00+01:00,929.7,332,19046.9,0.8,634,18590.7
2019-11-19T14:00+01:00,930.1,332.3,18936.3,0.8,641.1,18689
2019-11-19T15:00+01:00,924.8,332.7,18892.3,0.9,724.5,18801.8
2019-11-19T16:00+01:00,932.1,334,19151.1,0.9,741.2,18980.1
2019-11-19T17:00+01:00,933.5,334.3,19166.9,0.9,726.1,18770.3
2019-11-19T18:00+01:00,932.6,335,18970.1,0.9,757.4,18589.8
2019-11-19T19:00+01:00,936.5,333.1,18145.3,0.9,755.2,18479.6
2019-11-19T20:00+01:00,936.3,335.7,17368.8,0.9,697.2,18137.3
2019-11-19T21:00+01:00,938.1,334.2,16615,0.9,664.9,17680.2
2019-11-19T22:00+01:00,933.3,335.1,15220.2,0.9,720,17086
2019-11-19T23:00+01:00,931.8,332.9,12999,0.9,643.3,16318.5
2019-11-20T00:00+01:00,917.3,330.8,11573.5,1,773.9,15865.5
2019-11-20T01:00+01:00,919.1,333,11210.8,1,788,15612.9
2019-11-20T02:00+01:00,920.5,332.7,11127.8,1,699.8,15440.7
2019-11-20T03:00+01:00,920,334.7,11674.6,1,643.4,15481
2019-11-20T04:00+01:00,915.8,333.8,12846.6,1,671.9,15650.1
2019-11-20T05:00+01:00,915.5,334.9,15313.7,1,737.1,16240
2019-11-20T06:00+01:00,920.6,335.8,17949.2,1.1,698.5,17635.6
2019-11-20T07:00+01:00,942.3,333.8,19737.5,1,632.6,19134.8
2019-11-20T08:00+01:00,953.3,333.9,20036.9,1.1,634.7,19542.2
2019-11-20T09:00+01:00,967.4,331.9,19755.2,1,623.2,19557.9
2019-11-20T10:00+01:00,971.8,333.6,19694.1,1,580.7,19446.1
2019-11-20T11:00+01:00,971.8,334.8,19782.6,0.9,606.4,19373.7
2019-11-20T12:00+01:00,992,332.8,19735.1,1.2,458.3,19270.2
2019-11-20T13:00+01:00,1005.9,332.7,19883.6,1.1,464.4,19189.5
2019-11-20T14:00+01:00,1012.8,322.6,19935.6,1.1,460.6,19178.9
2019-11-20T15:00+01:00,1018.3,324.7,20200.2,0.9,521,19339.5
2019-11-20T16:00+01:00,1023.7,320.6,20256.1,1.2,631.2,19676.1
2019-11-20T17:00+01:00,1024.1,321.3,19759,1.1,714.8,19612.6
2019-11-20T18:00+01:00,1022,323,19294.4,1.1,735.8,19416.3
2019-11-20T19:00+01:00,1021.5,325.9,19072,1.1,688.5,19196.3
2019-11-20T20:00+01:00,1021.3,331.2,17855.3,1.1,749.3,18931
2019-11-20T21:00+01:00,1022.1,331.9,16871.5,1.1,756.1,18574.2
2019-11-20T22:00+01:00,1018.7,334.2,14714.8,1.1,752.9,17972
2019-11-20T23:00+01:00,1015.9,335.8,12390.3,1.2,748.2,16952.2
2019-11-21T00:00+01:00,1059.4,341.9,11828,1.2,684.6,16298
2019-11-21T01:00+01:00,1067,345.2,10965.6,1.2,772.4,16043.8
2019-11-21T02:00+01:00,1072,346.5,10174.3,1.2,739.4,15520
2019-11-21T03:00+01:00,1076.4,347.1,10234.7,1.1,786.7,15530.5
2019-11-21T04:00+01:00,1075.7,343,11554.6,1.1,858.6,15863.8
2019-11-21T05:00+01:00,1076,346.1,13855.7,1.2,883.8,16333.2
2019-11-21T06:00+01:00,1077.1,346.1,16931.4,1.2,917.4,17685
2019-11-21T07:00+01:00,1099.4,346.7,18523.9,1.2,932.8,18985.3
2019-11-21T08:00+01:00,1115.5,336.1,19328.5,1.3,968.3,19254.7
2019-11-21T09:00+01:00,1098.8,340.8,19633.7,1.3,996,19321.2
2019-11-21T10:00+01:00,1102.5,345,19411.4,1.3,987.1,19159.3
2019-11-21T11:00+01:00,1115.5,336.8,19055.8,1.3,1078.7,18703.4
2019-11-21T12:00+01:00,1101.1,336.2,19026.1,1.4,1111.1,18613.3
2019-11-21T13:00+01:00,1107.2,341.5,19247.5,1.4,1105,18671.8
2019-11-21T14:00+01:00,1109.7,338.7,19495.6,1.5,1159,18728.2
2019-11-21T15:00+01:00,1111,339.4,19609.9,1.5,1178.8,18863
2019-11-21T16:00+01:00,1113.7,330.8,19564.2,1.6,1201.6,18982.9
2019-11-21T17:00+01:00,1112.4,334.8,19385.5,1.6,1228.6,18900
2019-11-21T18:00+01:00,1116.2,337.7,19418.1,1.7,1263.3,18670.8
2019-11-21T19:00+01:00,1113.7,338.1,18684.3,1.7,1241,18418.6
2019-11-21T20:00+01:00,1114.8,342.7,17732.5,1.8,1187.5,17965
2019-11-21T21:00+01:00,1106.8,342.1,15673.1,1.9,1173.2,17489.6
2019-11-21T22:00+01:00,1104.1,344.1,13382.1,1.9,1153.8,16875.4
2019-11-21T23:00+01:00,1102,344.1,11112.6,2,1183.3,16140.9
2019-11-22T00:00+01:00,1095.5,342,9665.7,2.1,1285.3,15609.2
2019-11-22T01:00+01:00,1088.6,347.1,9121.7,2.1,1251,15302.4
2019-11-22T02:00+01:00,1087.1,344.1,9112.8,2.3,1236.5,15140.4
2019-11-22T03:00+01:00,1083.7,346.4,9145,2.4,1190.5,15080.3
2019-11-22T04:00+01:00,1087.3,346.1,9503.7,2.5,1226.5,15206.1
2019-11-22T05:00+01:00,1089.1,343.7,11290.1,2.6,1222.8,15639.9
2019-11-22T06:00+01:00,1092.5,339.1,14795.5,2.7,1162.1,16837.5
2019-11-22T07:00+01:00,1099.6,340.6,18005.5,2.9,1126.2,18141.9
2019-11-22T08:00+01:00,1102.1,345.3,18846.9,3,1164.9,18526.8
2019-11-22T09:00+01:00,1110.5,349.2,18544.5,3,1155.4,18467.7
2019-11-22T10:00+01:00,1111.9,354.9,18377.1,3,1136,18385.7
2019-11-22T11:00+01:00,1113.9,354.1,18347.2,3,1158.7,18348.7
2019-11-22T12:00+01:00,1113.2,348.8,18256,3,1116.7,18142
2019-11-22T13:00+01:00,1106.1,351.3,18413.8,3,1070.7,18012.6
2019-11-22T14:00+01:00,1107,349.9,18545.5,3,1143.4,18166.1
2019-11-22T15:00+01:00,1108.1,351.6,18982,3,1157,18320.3
2019-11-22T16:00+01:00,1102.9,351.6,19219,3,1250.2,18546.3
2019-11-22T17:00+01:00,1103.5,351.3,18931.4,3,1287.6,18466.2
2019-11-22T18:00+01:00,1106.5,354.6,17795,3,1218.1,18140.8
2019-11-22T19:00+01:00,1107.1,364.7,15938.9,3,1217.5,17857.4
2019-11-22T20:00+01:00,1107.6,363.8,14423.4,3,1168.5,17378.1
2019-11-22T21:00+01:00,1100.6,364.4,12904.8,3,1167,16875.9
2019-11-22T22:00+01:00,1090,361.2,11416,3,1171.4,16427.2
2019-11-22T23:00+01:00,1087,346,9895.2,3,1198.1,16022.6
2019-11-23T00:00+01:00,1079.5,352.8,8816.1,3,1226.7,15592.3
2019-11-23T01:00+01:00,1079.6,350.8,8624.1,3,1213.8,15222.9
2019-11-23T02:00+01:00,1080,350.1,8121.2,3,1146,14910.7
2019-11-23T03:00+01:00,1080.2,346.4,7804.5,3,1099.1,14767.7
2019-11-23T04:00+01:00,1080.7,348.6,7904.7,3,1056.8,14698
2019-11-23T05:00+01:00,1080.7,345.9,8261.9,3,1041.9,14747.9
2019-11-23T06:00+01:00,1081.4,349.4,8481.2,3,1032.8,14949
2019-11-23T07:00+01:00,1082.3,347.5,9941.3,3,1094,15667.7
2019-11-23T08:00+01:00,1082.4,349.2,10969.9,3,1063.8,16278.1
2019-11-23T09:00+01:00,1086.7,347.9,11995.7,3,1014.8,16972.5
2019-11-23T10:00+01:00,1086.3,351.6,12563.5,3,978.1,17512.5
2019-11-23T11:00+01:00,1086.9,351.6,12538.5,3,898.7,17526.6
2019-11-23T12:00+01:00,1128.9,353,12663.1,3,822.5,17475.3
2019-11-23T13:00+01:00,1134.2,354.3,12526.6,3,759,17325.9
2019-11-23T14:00+01:00,1143.4,353.5,12570.4,3,744,17340.3
2019-11-23T15:00+01:00,1145.1,353.3,13210.3,3,731.4,17551.4
2019-11-23T16:00+01:00,1144.9,351.5,13694.8,3,711.9,17811.3
2019-11-23T17:00+01:00,1134.5,351.6,14250.1,3,684.3,17758.1
2019-11-23T18:00+01:00,1134.8,354.5,13466,3,696.5,17588.9
2019-11-23T19:00+01:00,1136.9,353.9,12454.9,3,715.2,17359.1
2019-11-23T20:00+01:00,1137.2,352.7,12016.5,3,745.5,17115.4
2019-11-23T21:00+01:00,1133.2,351.7,11442.8,3,769,16808.7
2019-11-23T22:00+01:00,1140.4,354.2,10790.6,3,771.1,16239.5
2019-11-23T23:00+01:00,1139.2,352.1,9853.8,3,742.6,15834
2019-11-24T00:00+01:00,1131.4,352.4,9046.1,3,754.2,15431.5
2019-11-24T01:00+01:00,1129.7,354,8710.5,3,741.9,15146.7
2019-11-24T02:00+01:00,1131.2,356.5,8398.2,3,743.5,14971.2
2019-11-24T03:00+01:00,1128.8,355.7,8125.1,3,745,14840.1
2019-11-24T04:00+01:00,1128.8,354.4,8400.1,2.9,757.2,14796.6
2019-11-24T05:00+01:00,1128.3,357.1,8711.1,3,780.5,14831.8
2019-11-24T06:00+01:00,1129.8,354.2,9021.3,2.9,808.8,15142.4
2019-11-24T07:00+01:00,1130.2,355.3,9855.8,2.9,829.2,15528.6
2019-11-24T08:00+01:00,1127.5,353.2,10453.5,3,839.2,15965.9
2019-11-24T09:00+01:00,1128.8,352.9,11386,3,833.8,16482.8
2019-11-24T10:00+01:00,1128,355.8,12064.2,3,854.2,16999.2
2019-11-24T11:00+01:00,1136.8,356.1,13505.6,3,835.4,17174.6
2019-11-24T12:00+01:00,1128,358.1,13812.9,2.9,837.2,17180.7
2019-11-24T13:00+01:00,1137.1,355.1,13704,2.9,980,17479.5
2019-11-24T14:00+01:00,1128.2,355.8,13712.5,2.9,961.1,17553.3
2019-11-24T15:00+01:00,1134.1,354.2,14762.2,2.9,958,17852.3
2019-11-24T16:00+01:00,1142.9,352.6,16835.5,3,892,18236.9
2019-11-24T17:00+01:00,1146.3,352.5,17016.5,3,864.3,18181.3
2019-11-24T18:00+01:00,1145.1,355.4,16435,3,888.1,17993.5
2019-11-24T19:00+01:00,1143.6,356.9,16627.8,2.9,808.9,17802.6
2019-11-24T20:00+01:00,1136,367.4,16167,2.9,808.3,17610.4
2019-11-24T21:00+01:00,1136.2,365,15410,3,823.7,17374.8
2019-11-24T22:00+01:00,1135.8,363.5,14351.7,3,782.1,16709.8
2019-11-24T23:00+01:00,1134.4,352.6,12990.4,3,801.3,16112.8
2019-11-25T00:00+01:00,1121,353.6,11228.7,3,739.6,15536.3
2019-11-25T01:00+01:00,1110.6,354.2,9862.6,3,704.9,15343.8
2019-11-25T02:00+01:00,1108,353.1,9559.7,3,667,15165
2019-11-25T03:00+01:00,1102.8,351.2,9535.9,2.9,695.8,15143.1
2019-11-25T04:00+01:00,1103.8,355.2,11095.8,2.9,708,15463.5
2019-11-25T05:00+01:00,1102.8,355.7,13673.3,2.9,725.4,15995.5
2019-11-25T06:00+01:00,1112.7,353.1,17970,3,681.4,17351.3
2019-11-25T07:00+01:00,1112,353.4,20257.7,2.9,652.3,18864.5
2019-11-25T08:00+01:00,1127.5,350.4,20797.6,2.9,648.8,19310.1
2019-11-25T09:00+01:00,1139,352.4,20698.4,2.9,643,19300.8
2019-11-25T10:00+01:00,1134.6,354.5,20807.1,3,634,19073.5
2019-11-25T11:00+01:00,1134.3,352.4,20947.5,3,595.6,18792.7
2019-11-25T12:00+01:00,1130.9,355.5,20859.7,3,540.6,18782.4
2019-11-25T13:00+01:00,1131.3,351.9,20878.2,3,509.6,18984.4
2019-11-25T14:00+01:00,1130.8,356.4,21124.8,3,513.4,19143.3
2019-11-25T15:00+01:00,1130.2,358.4,21691.7,3,469.4,19309.2
2019-11-25T16:00+01:00,1127,350.8,21947.4,3,458.5,19690.1
2019-11-25T17:00+01:00,1123,348,21979.7,3,430.8,19388.7
2019-11-25T18:00+01:00,1128.5,352.7,21116.8,3,426.8,18938.1
2019-11-25T19:00+01:00,1132.7,352.1,20340.9,3,423.6,18707.8
2019-11-25T20:00+01:00,1128.8,346.3,19596.7,3,434.6,18462.7
2019-11-25T21:00+01:00,1130.8,344.5,18805.9,3,479.8,18007.1
2019-11-25T22:00+01:00,1127,348.5,17400.4,3,466.1,17503.2
2019-11-25T23:00+01:00,1119.4,348.6,14688.6,3,431,16369.2
2019-11-26T00:00+01:00,1104.3,346.6,13233.7,3,462.9,15940.9
2019-11-26T01:00+01:00,1099.5,345.3,12237.6,3,457,15652
2019-11-26T02:00+01:00,1100.1,350,11634.3,3,528.8,15560.2
2019-11-26T03:00+01:00,1098.3,349.6,11282.7,3,455.2,15409.4
2019-11-26T04:00+01:00,1099.2,347,12391.1,3,465.9,15574.4
2019-11-26T05:00+01:00,1097.9,346.7,14443,3,463,16075.2
2019-11-26T06:00+01:00,1106.8,348.9,18021.2,3,482.9,17570
2019-11-26T07:00+01:00,1108.4,349.7,20964.4,3,490.6,18963.3
2019-11-26T08:00+01:00,1112.5,346.8,21550.1,3,461.3,19356.9
2019-11-26T09:00+01:00,1107,343.6,21311.4,3,463,19232.9
2019-11-26T10:00+01:00,1107.2,348.8,21254.2,3,500.9,19139.8
2019-11-26T11:00+01:00,1105.7,347.2,21149.4,3,467.7,18926.5
2019-11-26T12:00+01:00,1106.8,345.7,21386.5,3,462.1,19037.7
2019-11-26T13:00+01:00,1105.5,348.8,20963.7,3,512.4,19050.8
2019-11-26T14:00+01:00,1107.7,347,21098.8,3,546.6,19147.8
2019-11-26T15:00+01:00,1106.3,343.1,21432.1,3,575,19353.9
2019-11-26T16:00+01:00,1106.3,333.9,21611.7,3,606,19604.2
2019-11-26T17:00+01:00,1109.3,334.4,21668.5,3,635.4,19522.6
2019-11-26T18:00+01:00,1107.4,340.4,21087.3,3,625.8,19235.8
2019-11-26T19:00+01:00,1109.7,340.6,20320.3,3,701.2,18964.8
2019-11-26T20:00+01:00,1107.3,347.1,19234.5,3,694,18511.4
2019-11-26T21:00+01:00,1106.8,344.3,17981.1,3,846.4,18235.2
2019-11-26T22:00+01:00,1095.2,350.8,15552.3,3,837.9,17606.8
2019-11-26T23:00+01:00,1095.3,349.7,12433.5,3,943,16963.8
2019-11-27T00:00+01:00,1079.9,347.5,11421.4,3,998.2,16387.7
2019-11-27T01:00+01:00,1073.7,350.1,10709.4,3,1004.9,16051.8
2019-11-27T02:00+01:00,1067.9,347.3,10301.3,3,1032.5,15788.5
2019-11-27T03:00+01:00,1064.6,342.9,10166.9,3,1158.7,15724.3
2019-11-27T04:00+01:00,1064,351.7,10800.6,3,1127,15837.1
2019-11-27T05:00+01:00,1063.6,350.4,12859.6,3,1266.5,16532.6
2019-11-27T06:00+01:00,1064.7,354.5,16125.1,3,1194,17666.3
2019-11-27T07:00+01:00,1070.9,342.9,19675.7,3,1158.3,19167.3
2019-11-27T08:00+01:00,1074.9,341.3,20924.9,3,1145.4,19670.7
2019-11-27T09:00+01:00,1074.3,341.6,20248.8,3,975.9,19418.8
2019-11-27T10:00+01:00,1081.3,338,19551.9,3,976.9,19320.7
2019-11-27T11:00+01:00,1079.1,333.9,19542.7,3,920.2,19092.6
2019-11-27T12:00+01:00,1080.8,336,19697.8,3,910.5,19090.2
2019-11-27T13:00+01:00,1079.9,336.8,19741.6,3,919.1,19100.6
2019-11-27T14:00+01:00,1080.1,346,19156.9,3,984.8,19248.5
2019-11-27T15:00+01:00,1081.7,340.1,20119.1,3,1144.3,19599.9
2019-11-27T16:00+01:00,1081,343.4,20180.5,3,1100.1,19749.2
2019-11-27T17:00+01:00,1082.4,344.3,20021.8,3,975.8,19185.3
2019-11-27T18:00+01:00,1087,344.4,19660.1,3,1028.6,19399.3
2019-11-27T19:00+01:00,1077,344.4,17783.7,3,849.8,18992.9
2019-11-27T20:00+01:00,1077.7,344.5,16014.8,3,925.1,18849.8
2019-11-27T21:00+01:00,1076.2,344.6,14809.9,3,921.2,18575.2
2019-11-27T22:00+01:00,1073.1,341.2,13572.5,3,860.8,18018.4
2019-11-27T23:00+01:00,1069.7,333.6,12494.3,3,707.4,17211
2019-11-28T00:00+01:00,1057,342.9,11806.6,3,599.8,16574
2019-11-28T01:00+01:00,1055.3,346.9,10650.1,3,625,16171.3
2019-11-28T02:00+01:00,1056.4,348,10223.9,3,585.5,16111
2019-11-28T03:00+01:00,1055,344.8,10404.9,3,528.2,16063.5
2019-11-28T04:00+01:00,1063.5,336.3,11301.7,3,485,16265.3
2019-11-28T05:00+01:00,1064.9,337.8,13911.1,3,448.1,16811.8
2019-11-28T06:00+01:00,1064.3,336.4,16751.5,3,435.4,18218.1
2019-11-28T07:00+01:00,1064.2,345.8,19316.8,3,454,19691.4
2019-11-28T08:00+01:00,1071.3,343.6,19821.2,3,444.4,20123.9
2019-11-28T09:00+01:00,1071.5,343.3,19095.7,3,357.6,19788
2019-11-28T10:00+01:00,1070.9,340.3,18925.3,0,394,19633
2019-11-28T11:00+01:00,1066.9,341.6,18444.3,0,318.8,19551.5
2019-11-28T12:00+01:00,1073.3,350.7,19273.8,0,397.1,19547.2
2019-11-28T13:00+01:00,1075.8,356,19657.6,0,424.2,19728
2019-11-28T14:00+01:00,1073.2,341.2,19297.3,0,446.9,19754.5
2019-11-28T15:00+01:00,1075.7,342.6,18884.5,0,507,20001
2019-11-28T16:00+01:00,1075.1,343.5,19036,0,601.4,20356.1
2019-11-28T17:00+01:00,1078.9,346.3,19057,0,637.1,20227.6
2019-11-28T18:00+01:00,1074.4,342.2,18425.8,0,795.7,19953.4
2019-11-28T19:00+01:00,1075.4,342.8,16689.5,0,845,19605.2
2019-11-28T20:00+01:00,1073.2,337.9,15794.9,0,964,19551
2019-11-28T21:00+01:00,1075.7,324.2,14739,0,974.9,19131.5
2019-11-28T22:00+01:00,1063.2,324.6,13293.2,0,1020.6,18506.1
2019-11-28T23:00+01:00,1064.5,325,11590.5,0,952.7,17634.8
2019-11-29T00:00+01:00,1066,322.6,10792,0,1049.4,17074.3
2019-11-29T01:00+01:00,1057.5,328.9,9503,0,952.8,16505.3
2019-11-29T02:00+01:00,1056.1,326.6,8585.5,0,1103.1,16528.6
2019-11-29T03:00+01:00,1052.2,332.2,8686.8,0,1094.5,16578.8
2019-11-29T04:00+01:00,1050.4,335.1,9248.6,0,1257.6,16962.6
2019-11-29T05:00+01:00,1054.3,340.6,11422.7,0,1202.3,17412.3
2019-11-29T06:00+01:00,1056.3,343.9,14262.5,0,1290.1,18894.8
2019-11-29T07:00+01:00,1062.7,343.2,17530.1,0,1243.1,20524.9
2019-11-29T08:00+01:00,1059.5,343.2,18556.6,0,1124.8,20846.9
2019-11-29T09:00+01:00,1068.5,342.9,18849.6,0,1058.2,20747.5
2019-11-29T10:00+01:00,1065,340.8,18792.6,0,1034.1,20663.6
2019-11-29T11:00+01:00,1067.8,339.4,17743.7,0,1014.5,20136.1
2019-11-29T12:00+01:00,1067.2,342.2,17081.5,0,1044.2,19826.1
2019-11-29T13:00+01:00,1060.2,341.8,17482.4,0,1171.6,19880
2019-11-29T14:00+01:00,1059.4,342.8,18045.8,0,1108.6,19874.5
2019-11-29T15:00+01:00,1059.5,362.1,18784.2,0,1252.2,20249
2019-11-29T16:00+01:00,1054,353.2,19758.6,0,1299.3,20633.8
2019-11-29T17:00+01:00,1052.9,356.9,19590.5,0,1259.9,20406.1
2019-11-29T18:00+01:00,1053.4,357.3,18743.2,0,1135.5,20085.8
2019-11-29T19:00+01:00,1051.8,352.6,18064.8,0,1093.5,19870
2019-11-29T20:00+01:00,1047.2,352.6,17412.2,0,954.3,19590.5
2019-11-29T21:00+01:00,1044.3,353.2,16381.2,0,862.2,19163.1
2019-11-29T22:00+01:00,1043.2,355.2,14929,0,943.5,18699.8
2019-11-29T23:00+01:00,1041.7,356.3,12593.8,0,966.6,18230.6
2019-11-30T00:00+01:00,1002.7,355.4,12002.1,0,1262.5,17981.4
2019-11-30T01:00+01:00,983.4,356.2,11457.1,0,1235.2,17269.3
2019-11-30T02:00+01:00,975.8,356,10840,0,1252.7,17028.5
2019-11-30T03:00+01:00,967.4,356,10689.9,0,1429.6,17007.9
2019-11-30T04:00+01:00,967.1,355.4,10677.8,0,1417.1,17023.3
2019-11-30T05:00+01:00,967.9,352.9,11003.7,0,1398.4,17187.8
2019-11-30T06:00+01:00,966.6,356,11360.5,0,1321.6,17615
2019-11-30T07:00+01:00,970.2,356.8,13779.9,0,1251.2,18303.1
2019-11-30T08:00+01:00,972.8,355,16389.5,0,1189.8,19009.4
2019-11-30T09:00+01:00,980.4,353.4,18058.1,0,1090.4,19594.6
2019-11-30T10:00+01:00,984.6,348.5,18460.2,0,1009.6,19826.1
2019-11-30T11:00+01:00,995.5,349.1,17691.1,0,1056.1,19649.8
2019-11-30T12:00+01:00,994.3,350.2,16564.1,0,1078,19360.1
2019-11-30T13:00+01:00,995.2,351.8,15633.7,0,1114.9,19375.1
2019-11-30T14:00+01:00,994.7,355,16246.3,0,1150.6,19178.6
2019-11-30T15:00+01:00,995,352.9,18177.1,2.6,1107.5,19389.6
2019-11-30T16:00+01:00,997.7,349.4,20975.6,2.6,1123.5,20073.2
2019-11-30T17:00+01:00,997.7,348.6,21446.4,2.6,1059.8,20228.1
2019-11-30T18:00+01:00,998.2,349.9,20973.2,2.6,1147,20155.2
2019-11-30T19:00+01:00,994.9,344.8,20155.4,2.6,1144,19820.8
2019-11-30T20:00+01:00,993.5,348.3,19078.8,2.6,1180.9,19519.3
2019-11-30T21:00+01:00,992.8,347.4,18069.5,0.9,1238.8,19183.8
2019-11-30T22:00+01:00,994.3,351.4,16704.5,0,1238.5,18759.7
2019-11-30T23:00+01:00,990.5,347.9,15209.3,0,1245.3,18331.6
2019-12-01T00:00+01:00,973.3,349,12924.5,0,1246.6,17954.7
2019-12-01T01:00+01:00,965,350.2,11427.3,0,1266.8,17674.1
2019-12-01T02:00+01:00,960.7,351.4,11011,0,1344.4,17608
2019-12-01T03:00+01:00,957.3,350.3,10840.2,0,1367.4,17590
2019-12-01T04:00+01:00,956.1,348.3,10833.8,0,1349,17580.8
2019-12-01T05:00+01:00,955.8,352.2,10889.9,0,1336.1,17606.2
2019-12-01T06:00+01:00,956.9,354.3,10917.4,0,1297.8,17752.1
2019-12-01T07:00+01:00,957.9,355,11788.7,0,1234.8,18215.5
2019-12-01T08:00+01:00,957.4,348.2,13925.1,0,1230.9,18853.5
2019-12-01T09:00+01:00,953.1,353.8,16579,0,1072.4,19173.9
2019-12-01T10:00+01:00,955,355.8,18164.2,0,981.3,19383
2019-12-01T11:00+01:00,955.4,355.6,18436.6,0,975.6,19435.4
2019-12-01T12:00+01:00,954.7,353.3,17887.2,0,940.3,19320
2019-12-01T13:00+01:00,955.1,353.7,17343.4,0,970.4,19434
2019-12-01T14:00+01:00,953.6,353.4,18064.5,0,984.7,19594
2019-12-01T15:00+01:00,950.4,352.9,18841.4,0,1009,19771.6
2019-12-01T16:00+01:00,950.3,352.7,19534.7,0,1067,20140.4
2019-12-01T17:00+01:00,949.9,356.1,19282,0,1158.8,20006.7
2019-12-01T18:00+01:00,950.5,356,18901.6,0,1035.5,19818.6
2019-12-01T19:00+01:00,949.6,354.3,18199.4,2.3,1029.8,19765.7
2019-12-01T20:00+01:00,948.7,356.2,17456.6,2.2,888.2,19525.3
2019-12-01T21:00+01:00,947,351,16234.3,2.2,907,19341.2
2019-12-01T22:00+01:00,948.2,352.9,14826.8,2.1,1086.4,19231.9
2019-12-01T23:00+01:00,943.4,352.3,12827.1,2.1,1046.6,18410.2
2019-12-02T00:00+01:00,937.8,357.1,11251.2,29.6,993.1,17649.2
2019-12-02T01:00+01:00,938.6,350.6,10925,28.3,1159.4,17478.8
2019-12-02T02:00+01:00,937.6,357.2,10643.9,28.4,1216.8,17408.9
2019-12-02T03:00+01:00,936.7,357.4,10101.8,28.1,1265.6,17481.5
2019-12-02T04:00+01:00,951.2,357.6,10948.4,28.8,1143.8,17533.4
2019-12-02T05:00+01:00,960.4,352.3,13401.8,28.5,1120.7,18206.9
2019-12-02T06:00+01:00,982.5,358.1,18188.5,26.8,1074,19698.4
2019-12-02T07:00+01:00,1006.7,351.7,22243.1,21.3,978.4,21442.7
2019-12-02T08:00+01:00,1019.3,378.2,22571.5,18.4,1003.7,21724.3
2019-12-02T09:00+01:00,1016.9,358.6,22576.7,17,971.2,21674.7
2019-12-02T10:00+01:00,1017.8,360.9,21880.9,15.7,952.2,21599.7
2019-12-02T11:00+01:00,1019.4,362.5,20866.4,8.1,903,21422.1
2019-12-02T12:00+01:00,1015,363.5,19733.5,6.3,867.7,21187.7
2019-12-02T13:00+01:00,1016.5,353.8,20557.9,5.9,758.8,20936.5
2019-12-02T14:00+01:00,1015.8,356.8,21378.4,6.3,795.4,21078.9
2019-12-02T15:00+01:00,1016.8,333.1,22041.3,7.7,778.5,21324.9
2019-12-02T16:00+01:00,1016.4,338.8,22588.2,10.3,777.3,21680.8
2019-12-02T17:00+01:00,1016.9,332.3,22623.3,13.3,816.1,21703.9
2019-12-02T18:00+01:00,1017.9,337.3,22280.9,20.4,761.6,21229.6
2019-12-02T19:00+01:00,1017.7,335.5,21198.5,27,742.3,20861.4
2019-12-02T20:00+01:00,1018.9,332.6,20534.7,32.8,794.3,20603.5
2019-12-02T21:00+01:00,1017.9,335.8,19967.5,35.1,818.6,20203.8
2019-12-02T22:00+01:00,1016.9,334.6,18434.8,35.8,828.6,19554.2
2019-12-02T23:00+01:00,1016.5,334.3,15593.2,39.7,890.5,18712.9
2019-12-03T00:00+01:00,1016.4,337.2,14773.9,42.6,792.1,18107.7
2019-12-03T01:00+01:00,1017.4,342.4,13520.8,44.4,792.1,17647.4
2019-12-03T02:00+01:00,1018,326.6,13060.4,44.9,868.2,17378.8
2019-12-03T03:00+01:00,1018.1,324.2,12714.4,45.5,832.9,17130.5
2019-12-03T04:00+01:00,1019.3,334.9,13694.2,46,926.9,17141.2
2019-12-03T05:00+01:00,1022.3,342,17301.4,46.4,1145.7,17995.9
2019-12-03T06:00+01:00,1025.7,339.6,19974.1,46.4,1186.2,19236.9
2019-12-03T07:00+01:00,1033.3,338.3,21090.3,44.7,1294.3,20687.6
2019-12-03T08:00+01:00,1036.5,342.4,21261.5,43.9,1435.7,20992.2
2019-12-03T09:00+01:00,1040.7,331,20660.9,39.2,1464.5,20850.9
2019-12-03T10:00+01:00,1049.8,341.6,21011.5,38.9,1477.4,20736.2
2019-12-03T11:00+01:00,1054.3,336.8,20996.8,37.4,1569.8,20527.6
2019-12-03T12:00+01:00,1062.8,341.1,20580.7,34.7,1577.9,20334.2
2019-12-03T13:00+01:00,1069.7,340.5,20476.9,32.6,1566.2,20152.7
2019-12-03T14:00+01:00,1080.8,341.6,20546.3,31.6,1511.4,20144.8
2019-12-03T15:00+01:00,1090.4,344.4,21017.4,1.7,1488.3,20279.3
2019-12-03T16:00+01:00,1095.9,340.6,21066.3,1.7,1453.1,20483.2
2019-12-03T17:00+01:00,1104.1,341.9,20777.4,1.7,1442.3,20234.6
2019-12-03T18:00+01:00,1113.9,342.2,20054.6,1.7,1446.4,19809.2
2019-12-03T19:00+01:00,1123.5,341.2,18379.7,1.8,1422.9,19359.9
2019-12-03T20:00+01:00,1133.3,344.5,16619,1.7,1467,19105.1
2019-12-03T21:00+01:00,1135,344.4,14548.6,1.8,1490.1,18685.4
2019-12-03T22:00+01:00,1132.8,341.4,12299.8,1.8,1460.9,17804.1
2019-12-03T23:00+01:00,1123.7,338.6,10444.4,1.8,1481.1,17187.8
2019-12-04T00:00+01:00,1137.3,340,9372.5,1.8,1426.2,16642.5
2019-12-04T01:00+01:00,1130.7,333.5,9618.8,1.8,1395,16229.3
2019-12-04T02:00+01:00,1115.4,332.5,9374.9,1.8,1323.7,15965.4
2019-12-04T03:00+01:00,1102.7,346.8,9395.6,1.9,1334.1,15946.6
2019-12-04T04:00+01:00,1090.9,346.7,10351.8,1.9,1330,16110.6
2019-12-04T05:00+01:00,1085.5,348.1,12171.3,1.9,1407.2,16567.3
2019-12-04T06:00+01:00,1086.1,348.9,16497.9,1.9,1387.8,18090.3
2019-12-04T07:00+01:00,1093.1,348.1,19739.3,1.9,1311.5,19521.5
2019-12-04T08:00+01:00,1097.9,345.3,20397.7,2,1214.5,19701.5
2019-12-04T09:00+01:00,1104.8,343.8,20098.3,2,1215.3,19493.8
2019-12-04T10:00+01:00,1094.1,347.6,19782.4,2,1231.7,19494.8
2019-12-04T11:00+01:00,1097.3,346.4,19270.6,2,1233,19307.6
2019-12-04T12:00+01:00,1090.2,345.2,19289.1,2,1230.6,19118.3
2019-12-04T13:00+01:00,1084.4,346.8,18655.5,2,1258.8,18802.1
2019-12-04T14:00+01:00,1103.7,348.6,18805.9,2,1254.5,18925.2
2019-12-04T15:00+01:00,1103.6,349.2,19577.5,2,1209,19318.4
2019-12-04T16:00+01:00,1105.7,346.9,19785.7,2,1380.1,19664.6
2019-12-04T17:00+01:00,1119,340.8,19298.1,2.1,1412.7,19566.8
2019-12-04T18:00+01:00,1128.2,346.3,18886.2,2.1,1484.5,19451
2019-12-04T19:00+01:00,1133.1,348.4,17451.1,2,1622.6,19068.2
2019-12-04T20:00+01:00,1137.3,347.1,15569.4,2.1,1740.2,18465.6
2019-12-04T21:00+01:00,1144,344.5,14346.9,2.1,1907.3,18100.9
2019-12-04T22:00+01:00,1150.3,348.8,12418,2.1,1909.7,17487.4
2019-12-04T23:00+01:00,1161.3,344.1,10722.5,2,1923.5,16779.8
2019-12-05T00:00+01:00,1198.3,350.5,9566.3,2.1,1936.4,16291.9
2019-12-05T01:00+01:00,1206.3,348.9,8293.5,2.1,1787,15682.2
2019-12-05T02:00+01:00,1212.2,347.3,8145.8,2.1,1822,15581.1
2019-12-05T03:00+01:00,1210.7,349.4,8606,2.1,1817.3,15654.8
2019-12-05T04:00+01:00,1215.6,350,9452,2.1,1810.3,15699.4
2019-12-05T05:00+01:00,1214.8,348.9,11073.4,2.1,1786.4,16196.8
2019-12-05T06:00+01:00,1216,347.7,14160,2.1,1798.7,17498
2019-12-05T07:00+01:00,1206.6,349.4,17597.1,2.1,1787.4,18897.5
2019-12-05T08:00+01:00,1191.2,349.4,18394,2.1,1838.4,19390.4
2019-12-05T09:00+01:00,1192.7,345.5,17764.8,2.1,1805.7,18983.6
2019-12-05T10:00+01:00,1189.9,348.7,16904.7,2.2,1813,18984.1
2019-12-05T11:00+01:00,1200.1,348.6,16434.3,2.2,1810.4,18958.8
2019-12-05T12:00+01:00,1198.5,345.5,16145.2,2.3,1732.9,18808.3
2019-12-05T13:00+01:00,1194.1,350.4,15707.9,2.3,1765.5,18698.7
2019-12-05T14:00+01:00,1194.3,347.1,15787,2.4,1715.3,18859.6
2019-12-05T15:00+01:00,1185.5,349.7,16779.3,3.6,1774.1,19176
2019-12-05T16:00+01:00,1195.8,350.3,17764.4,3.5,1725.8,19347.8
2019-12-05T17:00+01:00,1196.1,330.8,17842.2,3.5,1690.8,19214.7
2019-12-05T18:00+01:00,1203.7,328.9,15689.5,2.5,1700.4,18885.4
2019-12-05T19:00+01:00,1208.1,332.6,12886.2,2.5,1691.7,18517.4
2019-12-05T20:00+01:00,1210.5,328.2,11868.6,2.5,1618.5,18359.4
2019-12-05T21:00+01:00,1200.6,329.4,11093.4,2.6,1624.2,17909.7
2019-12-05T22:00+01:00,1199.9,329.6,9820.6,2.7,1547.7,17338.4
2019-12-05T23:00+01:00,1198.3,331,8376.4,3.5,1385.1,16528.6
2019-12-06T00:00+01:00,1219.2,348.3,7701.6,3.7,1317.1,16112.5
2019-12-06T01:00+01:00,1199.7,347.7,7311.4,3.8,1203.6,15625.3
2019-12-06T02:00+01:00,1195.3,350.6,7385.4,3.7,1090.7,15399.6
2019-12-06T03:00+01:00,1190.2,348.6,7834.4,2.9,1099,15400.3
2019-12-06T04:00+01:00,1188.7,348.7,7858.3,2.9,1252,15456.3
2019-12-06T05:00+01:00,1187.6,348.7,9290.8,2.9,1322.4,16001.5
2019-12-06T06:00+01:00,1180.4,348.3,11886.8,2.9,1313.6,17242.4
2019-12-06T07:00+01:00,1181.5,344.4,14375.8,2.9,1208.3,18642.2
2019-12-06T08:00+01:00,1177.4,344.7,16305.9,2.9,1293.3,19420.6
2019-12-06T09:00+01:00,1185.5,347.3,15547,2.9,1253.1,19324.3
2019-12-06T10:00+01:00,1204.2,347.2,15589,3,1235,19276.3
2019-12-06T11:00+01:00,1236.2,345.7,15681,2.9,1210.8,19064.3
2019-12-06T12:00+01:00,1231.2,347.9,14960.3,3.6,1151.9,18868.2
2019-12-06T13:00+01:00,1231,347.4,14952.4,3.6,1244.6,18889.7
2019-12-06T14:00+01:00,1225.9,347.6,14984.9,3.5,1210.6,18951
2019-12-06T15:00+01:00,1224.8,349.9,14989.2,3.5,1241.5,19202.4
2019-12-06T16:00+01:00,1221.2,367,15442.1,3.5,1159.1,19249.5
2019-12-06T17:00+01:00,1220,368.4,15777.5,3.5,1127.4,19143.2
2019-12-06T18:00+01:00,1242.6,342.8,14066.8,3.5,1148.7,18811.9
2019-12-06T19:00+01:00,1235.5,345.2,12618,3.5,987,18515.3
2019-12-06T20:00+01:00,1232.7,342.9,11168.7,3.5,1023.1,18262.9
2019-12-06T21:00+01:00,1228.2,348.3,10592.3,3.5,960.2,17847.2
2019-12-06T22:00+01:00,1225.1,347.8,9692.5,3.5,999.9,17136.8
2019-12-06T23:00+01:00,1222.1,348.6,8673,3.5,885,16424.5
2019-12-07T00:00+01:00,1196,342.8,7998.5,3.5,1036.8,16098.9
2019-12-07T01:00+01:00,1204.6,343.8,8023,3.4,1049.3,15837.7
2019-12-07T02:00+01:00,1208.8,343.6,8085.9,3.4,1056,15624.8
2019-12-07T03:00+01:00,1210.6,347.3,8186.5,3.4,1035.5,15604.6
2019-12-07T04:00+01:00,1207.6,346.5,7844.5,2.9,1005.6,15600.2
2019-12-07T05:00+01:00,1205.8,347.8,7930.3,2.9,1029.2,15738.3
2019-12-07T06:00+01:00,1198.7,335.2,8590.4,2.9,1033.2,16030.3
2019-12-07T07:00+01:00,1197.8,340.1,9780.5,2.9,1108.3,16672.8
2019-12-07T08:00+01:00,1197.2,349.6,11016,2.9,1099.7,17486.7
2019-12-07T09:00+01:00,1192.8,343.7,12106.4,2.9,1096.6,18274.8
2019-12-07T10:00+01:00,1187.9,351.8,12772.5,2.9,997.6,18443.2
2019-12-07T11:00+01:00,1180.9,354.2,12595.5,2.9,1017.7,18633.5
2019-12-07T12:00+01:00,1180.5,350.7,12433.3,2.9,1003.6,18422.8
2019-12-07T13:00+01:00,1176.5,352.6,12161.4,2.9,965.1,18305.8
2019-12-07T14:00+01:00,1170.7,353.4,12449.1,2.9,974.7,18245.2
2019-12-07T15:00+01:00,1178.8,343.8,13583,2.9,901.7,18514.2
2019-12-07T16:00+01:00,1179,353.5,14559.5,2.9,880.5,18855.2
2019-12-07T17:00+01:00,1178.2,353.5,15803.7,2.9,893.9,19020.6
2019-12-07T18:00+01:00,1166.9,355.7,16105.7,2.9,803.2,18793.2
2019-12-07T19:00+01:00,1162.3,353.8,14365.6,2.9,758,18573.6
2019-12-07T20:00+01:00,1158,351,12108.2,2.9,779.7,18124.5
2019-12-07T21:00+01:00,1153,346.9,11122.6,2.9,753.5,17715.7
2019-12-07T22:00+01:00,1139,344.2,10471.7,2.9,902.9,17356.9
2019-12-07T23:00+01:00,1137.6,345.6,8933.6,2.9,1014.8,16866.2
2019-12-08T00:00+01:00,1151.9,341.3,8137.7,2.9,1180.2,16566
2019-12-08T01:00+01:00,1148.8,344.8,8008.4,2.9,1201.6,16320.5
2019-12-08T02:00+01:00,1148.5,351.3,7915.4,2.9,1111.3,16279.1
2019-12-08T03:00+01:00,1150.6,348.7,8711.8,2.9,968.7,16551.2
2019-12-08T04:00+01:00,1145.5,348.4,8841.4,2.9,867.9,16399.6
2019-12-08T05:00+01:00,1143.7,350.4,9081,2.9,817.1,16432.8
2019-12-08T06:00+01:00,1149.7,349.2,9438.3,2.9,843.2,16643.6
2019-12-08T07:00+01:00,1156,351.6,9948.9,2.9,972,16902.1
2019-12-08T08:00+01:00,1164.3,352.4,10549.3,2.9,1160,17254
2019-12-08T09:00+01:00,1178.8,353.8,11260.9,2.9,1347.6,17932.7
2019-12-08T10:00+01:00,1175.5,352.8,11721.9,2.9,1522.8,18366.3
2019-12-08T11:00+01:00,1186.9,351.6,11546.3,2.9,1535.3,18298.6
2019-12-08T12:00+01:00,1194.5,355.5,11483.1,2.9,1645,18709.7
2019-12-08T13:00+01:00,1195.3,350.3,11340,2.9,1649.2,18591
2019-12-08T14:00+01:00,1199.2,350.3,11572.9,2.9,1607,18618.9
2019-12-08T15:00+01:00,1200.6,354.3,12142.8,2.9,1517.3,18916
2019-12-08T16:00+01:00,1204.1,356.3,12756.2,2.9,1332.2,18819.8
2019-12-08T17:00+01:00,1204.4,349.6,13114.3,2.9,1328.3,18838.3
2019-12-08T18:00+01:00,1205.5,355.6,12875.2,2.9,1193,18734.8
2019-12-08T19:00+01:00,1208.6,357.8,12364.8,2.9,1077.6,18517.4
2019-12-08T20:00+01:00,1207.2,353.3,11431.8,2.9,986.9,18175.5
2019-12-08T21:00+01:00,1207.3,352.9,10510.4,2.9,976.2,17951.9
2019-12-08T22:00+01:00,1203.9,353.2,9973.4,2.9,1022.2,17527.1
2019-12-08T23:00+01:00,1204.9,346.4,9353.9,2.9,928,16928.1
2019-12-09T00:00+01:00,1151.1,333.6,9676.2,2.9,938.4,16443.7
2019-12-09T01:00+01:00,1148.6,342.5,9558.2,2.9,854.5,15878.1
2019-12-09T02:00+01:00,1147.9,342.4,9239.1,2.9,800.5,15771.9
2019-12-09T03:00+01:00,1145.8,343.5,9086,2.9,776,15776.7
2019-12-09T04:00+01:00,1147.2,344.2,9443.2,2.9,752.6,15995.4
2019-12-09T05:00+01:00,1146.4,345.1,10070.4,2.9,828.9,16385
2019-12-09T06:00+01:00,1151.7,343.4,11227.7,2.9,904,17782.4
2019-12-09T07:00+01:00,1184.7,344,14038.9,2.9,936.7,19413.6
2019-12-09T08:00+01:00,1223.4,339.2,16873.6,2.9,857.8,20077.2
2019-12-09T09:00+01:00,1237.3,347.4,16617.9,2.9,991.2,19991.8
2019-12-09T10:00+01:00,1246.2,344.1,16599.4,2.9,876.1,19733.3
2019-12-09T11:00+01:00,1269.1,341.9,16583.5,3,874.8,19613.3
2019-12-09T12:00+01:00,1264.4,345.1,16843.2,3,1040.2,19698.5
2019-12-09T13:00+01:00,1272.2,339.7,16650.6,3,1080.4,19467.2
2019-12-09T14:00+01:00,1268.3,336,16970.5,3,1151.8,19871.9
2019-12-09T15:00+01:00,1262.7,334.9,16791.7,3,1302.8,20211
2019-12-09T16:00+01:00,1258.3,330.7,17638.6,3,1355.8,20550.8
2019-12-09T17:00+01:00,1251.8,330.4,17960.7,3,1341.9,20429.5
2019-12-09T18:00+01:00,1252.1,330.3,16325.4,3,1313.2,20071.3
2019-12-09T19:00+01:00,1252.8,336.5,14637.4,3,1304.2,19994.8
2019-12-09T20:00+01:00,1249.5,336.8,13306.4,3,1286.7,19849
2019-12-09T21:00+01:00,1245.8,334.2,12251.3,3,1284.6,19750
2019-12-09T22:00+01:00,1240.6,335.6,12014.9,3,1155.7,19211.4
2019-12-09T23:00+01:00,1239,334.7,10756.6,3,1040,18313.6
2019-12-10T00:00+01:00,1253.3,333.4,10500.1,3,981.6,18031.4
2019-12-10T01:00+01:00,1244.5,333.1,10645.7,3,852.7,17716.3
2019-12-10T02:00+01:00,1243.6,335.4,10602.4,3,607.6,17392.2
2019-12-10T03:00+01:00,1240.2,331.1,10823.4,3,535.6,17551.4
2019-12-10T04:00+01:00,1239,330.4,11954.7,3,433.1,17709.9
2019-12-10T05:00+01:00,1234.9,326.1,14350.9,3,389.4,18268.1
2019-12-10T06:00+01:00,1230.1,328.4,19116.3,3,385.6,19782.7
2019-12-10T07:00+01:00,1248.2,337.4,22769.4,3,432.1,21501.4
2019-12-10T08:00+01:00,1250,352.8,22959,3,507.4,21716
2019-12-10T09:00+01:00,1246.7,341.9,22822.6,3,635.9,21603.7
2019-12-10T10:00+01:00,1243,342.2,22313.7,3,789.2,21483.4
2019-12-10T11:00+01:00,1244.9,344.5,21612.4,3,909.7,21094.1
2019-12-10T12:00+01:00,1242.2,341.5,22001.1,3.2,1224,21179.5
2019-12-10T13:00+01:00,1237.8,341,21491.4,3.2,1352.6,21092.7
2019-12-10T14:00+01:00,1234.7,342.5,21400.8,3.1,1574.5,21291.8
2019-12-10T15:00+01:00,1233.1,340.8,21723.5,3.1,1627.9,21655.9
2019-12-10T16:00+01:00,1232.9,332.3,21267.2,3.1,1623.8,21449.4
2019-12-10T17:00+01:00,1236.9,345.4,19957.8,3.1,1770.6,21251.9
2019-12-10T18:00+01:00,1239.5,348.4,17861.6,3.1,1847.5,20864.8
2019-12-10T19:00+01:00,1242.5,348.5,15444,3.1,1784.4,20492.7
2019-12-10T20:00+01:00,1245.1,346.8,12964.8,3.1,1715.4,19919
2019-12-10T21:00+01:00,1252.3,344.8,11889.1,3,1684.6,19515.6
2019-12-10T22:00+01:00,1255.8,346.9,10903.3,3.1,1672.5,18715.3
2019-12-10T23:00+01:00,1260.5,347.7,9668.9,3.1,1696.4,17763.7
2019-12-11T00:00+01:00,1251.7,349,8517.5,3.1,1714.2,16966.4
2019-12-11T01:00+01:00,1261,350.6,8293.4,3.1,1635.3,16598.7
2019-12-11T02:00+01:00,1269.2,350.3,8118.5,3.1,1597.4,16340.5
2019-12-11T03:00+01:00,1273.4,350.7,8280.4,3.1,1496.3,16089.3
2019-12-11T04:00+01:00,1278.6,348.2,8551.2,3.1,1617.8,16032.2
2019-12-11T05:00+01:00,1279.7,349.2,9836.9,3.1,1694.2,16946.4
2019-12-11T06:00+01:00,1280.9,352.3,11473.7,3.1,1714.2,17923.6
2019-12-11T07:00+01:00,1273.9,352.2,14847.8,3.1,1422.5,19175.8
2019-12-11T08:00+01:00,1264.6,351.1,16621.1,3.1,1477,19405
2019-12-11T09:00+01:00,1261.8,352.7,17237.9,3.1,1389.7,19056.5
2019-12-11T10:00+01:00,1267.4,355.2,17617.4,3,1412.7,19255.6
2019-12-11T11:00+01:00,1279.6,354.2,17762.5,3,1428.1,19160.4
2019-12-11T12:00+01:00,1283.8,353.1,18464.7,3,1387.7,19014.7
2019-12-11T13:00+01:00,1287.8,351.4,18088,3,1375.4,18946.7
2019-12-11T14:00+01:00,1285.6,350.9,18236.7,3,1401.7,19075.5
2019-12-11T15:00+01:00,1288.7,346.6,18807.5,3,1442.9,19493
2019-12-11T16:00+01:00,1284.9,351.5,19374.9,3,1475.2,19655.8
2019-12-11T17:00+01:00,1282.5,349.2,19442,3,1555.2,19585.3
2019-12-11T18:00+01:00,1279.2,351.4,19049,3,1667.7,19335.7
2019-12-11T19:00+01:00,1273.9,346.8,17922.2,3,1718.5,19007.9
2019-12-11T20:00+01:00,1270,348.7,16601.7,3,1786.9,18710.2
2019-12-11T21:00+01:00,1272.1,349.6,15649.1,3,1795.7,18328
2019-12-11T22:00+01:00,1272.5,347.5,14062.7,3,1841.3,17511.5
2019-12-11T23:00+01:00,1268.7,348.3,12466,3,1819.2,16542.2
2019-12-12T00:00+01:00,1300.4,349.8,11555.3,3,1727.3,15832.4
2019-12-12T01:00+01:00,1307.2,350.4,10941.9,3,1751.8,15487.7
2019-12-12T02:00+01:00,1292.6,350.4,10257,3,1705.2,15216.4
2019-12-12T03:00+01:00,1290.5,344.8,9951.9,3,1607.1,15111.4
2019-12-12T04:00+01:00,1291,347.2,10747.8,3,1621.7,15445.2
2019-12-12T05:00+01:00,1287,350.9,13069.4,3,1503.3,16134.3
2019-12-12T06:00+01:00,1289.5,352.1,16900.8,3,1477.5,17847
2019-12-12T07:00+01:00,1288.9,349.8,19096.6,3,1389.4,19269.1
2019-12-12T08:00+01:00,1292.4,349.4,19781.9,3,1336.5,19662.2
2019-12-12T09:00+01:00,1285.3,343.6,20040.5,3,1285.3,19687.9
2019-12-12T10:00+01:00,1296.7,350.7,20021.7,3,1266.7,19555.6
2019-12-12T11:00+01:00,1301.9,349.6,19551.7,3,1210.9,19207.5
2019-12-12T12:00+01:00,1310.2,352.9,19389.6,3,1239.2,19183.4
2019-12-12T13:00+01:00,1313,352.8,19684.3,3,1246.1,19186.4
2019-12-12T14:00+01:00,1311,351.4,20135.6,3,1238.5,19398.7
2019-12-12T15:00+01:00,1302.9,350.7,20540,3,1234,19686.2
2019-12-12T16:00+01:00,1303.4,352.9,20573.8,3,1280.8,19656.7
2019-12-12T17:00+01:00,1301.8,350.3,20307.1,3,1307.9,19653.3
2019-12-12T18:00+01:00,1299.2,351.8,19865.3,3,1283.9,19360.1
2019-12-12T19:00+01:00,1298.3,354.9,17436.3,3,1275,18961.9
2019-12-12T20:00+01:00,1295.9,350.2,15407.4,3,1269.7,18790.7
2019-12-12T21:00+01:00,1291.6,351,13741.8,3,1259.8,18581.2
2019-12-12T22:00+01:00,1288,353.3,12265,3,1263.5,18033.3
2019-12-12T23:00+01:00,1285.9,350.4,10938.3,3,1245,17263.3
2019-12-13T00:00+01:00,1261,351.8,10516,3,1284.9,16706.2
2019-12-13T01:00+01:00,1261,352.1,10003.6,3,1283.5,16406
2019-12-13T02:00+01:00,1254,351.4,9444.1,3,1284.5,16167
2019-12-13T03:00+01:00,1251.8,352.2,9721.5,3,1249.1,16177.2
2019-12-13T04:00+01:00,1247.9,353.7,10104.4,3,1224.9,16314
2019-12-13T05:00+01:00,1244.3,346.7,11510.6,3,1211.4,16819.3
2019-12-13T06:00+01:00,1246.2,349.6,13608.3,3,1182.6,17861
2019-12-13T07:00+01:00,1243.2,350.9,17829.5,3,1184.1,19558.3
2019-12-13T08:00+01:00,1247.2,351.9,19276.6,3,1202.1,19765.3
2019-12-13T09:00+01:00,1248.2,350.8,19593.5,3,1234.9,19739.4
2019-12-13T10:00+01:00,1244.5,348.3,19474.7,3,1251.5,19617.3
2019-12-13T11:00+01:00,1253.7,350.9,19083.9,3,1268.7,19503.4
2019-12-13T12:00+01:00,1258.5,349.7,19442.6,3,1244.2,19347.7
2019-12-13T13:00+01:00,1252.9,349.4,19222.3,3,1224,19177.5
2019-12-13T14:00+01:00,1251.8,342.2,19025.6,3,1249.5,19374.4
2019-12-13T15:00+01:00,1251.2,350.7,19283.9,3,1262.4,19570.5
2019-12-13T16:00+01:00,1253.8,352.6,19639.5,3,1317.9,19643.4
2019-12-13T17:00+01:00,1245.7,348.6,19862.2,3,1384.7,19579.9
2019-12-13T18:00+01:00,1238.7,352.1,19346,3,1415.3,19336.6
2019-12-13T19:00+01:00,1226.2,351.4,18238.1,3,1434.6,19004.8
2019-12-13T20:00+01:00,1223.7,352.9,16295.6,3,1441.5,18570.3
2019-12-13T21:00+01:00,1222.3,356.2,14403.4,3,1446.8,18142.7
2019-12-13T22:00+01:00,1214.1,351,13014.5,2.9,1451.5,17679.7
2019-12-13T23:00+01:00,1208,352.2,11901.2,3,1467.3,17198.6
2019-12-14T00:00+01:00,1162.3,353.8,10080.6,3,1530.8,16753.2
2019-12-14T01:00+01:00,1153,357.1,9031.3,3,1528.9,16394
2019-12-14T02:00+01:00,1148.8,359.8,8285.7,3,1538.1,15971.2
2019-12-14T03:00+01:00,1146.5,358.3,8257.4,3,1536.3,15990.3
2019-12-14T04:00+01:00,1145.6,354.9,8217.8,2.9,1537.7,16050.4
2019-12-14T05:00+01:00,1142.7,354.5,8630.5,3,1558.7,16243
2019-12-14T06:00+01:00,1141.2,357.3,9412.2,3,1562.8,16556.2
2019-12-14T07:00+01:00,1141.5,348.1,10113.8,3,1543.3,16933.6
2019-12-14T08:00+01:00,1141.7,354.5,11309.5,3,1532.6,17527.6
2019-12-14T09:00+01:00,1145.3,355.2,12212.9,2.9,1492,18286.9
2019-12-14T10:00+01:00,1144.4,355.7,12549.8,3,1472.8,18699.2
2019-12-14T11:00+01:00,1142.6,353,12448.8,3,1465.2,18766.8
2019-12-14T12:00+01:00,1142.8,350.9,12601.8,3,1469.1,18699.3
2019-12-14T13:00+01:00,1141.4,354.8,12902.5,8,1462,18697.7
2019-12-14T14:00+01:00,1141.3,352.8,12570.2,3,1432.6,18611.4
2019-12-14T15:00+01:00,1141.8,354,13054,3,1410.1,18637.5
2019-12-14T16:00+01:00,1142.5,348.1,13823.3,3,1395.2,18931.9
2019-12-14T17:00+01:00,1143.4,357.4,14033.1,3,1454.8,18844.7
2019-12-14T18:00+01:00,1137.7,356.9,13589.1,2.9,1416.7,18572.6
2019-12-14T19:00+01:00,1141.6,354.9,13286.6,3,1391.3,18264.6
2019-12-14T20:00+01:00,1140.5,359.7,12624,3,1334.5,17771.2
2019-12-14T21:00+01:00,1138.2,356.4,11410.5,3,1294.2,17331.1
2019-12-14T22:00+01:00,1138.3,358.6,10582.5,3,1259.7,16956.5
2019-12-14T23:00+01:00,1135.3,357.6,9514.4,2.9,1262.9,16749.8
2019-12-15T00:00+01:00,1113.5,358.7,9344.6,3,1125.4,16266.1
2019-12-15T01:00+01:00,1094,358.9,9031.7,3,1057.2,15950.8
2019-12-15T02:00+01:00,1099,360.4,8941.3,3,1026,15802.1
2019-12-15T03:00+01:00,1093.4,360.1,9016.7,2.9,1021,15711.3
2019-12-15T04:00+01:00,1094.9,361.5,9185.6,3,1016.8,15745.9
2019-12-15T05:00+01:00,1094.5,361.4,9067,2.9,982.8,15554.1
2019-12-15T06:00+01:00,1094.3,361.2,9297.3,2.9,949.3,15975.2
2019-12-15T07:00+01:00,1093.5,360.3,9708.2,2.9,917.8,16335.8
2019-12-15T08:00+01:00,1097.3,362.5,10729.5,2.9,907.9,16957.5
2019-12-15T09:00+01:00,1102,350.2,11572.1,2.9,895,17553.4
2019-12-15T10:00+01:00,1100.5,357,12123.5,2.9,882,17983.9
2019-12-15T11:00+01:00,1099.5,360,12248.6,3,870.6,18190.2
2019-12-15T12:00+01:00,1093.8,360.4,12266.8,2.9,843.2,18234
2019-12-15T13:00+01:00,1098.1,357.6,12545.7,2.9,837.6,18390
2019-12-15T14:00+01:00,1098.2,357.9,13120,2.9,801.6,18446.4
2019-12-15T15:00+01:00,1098.3,359.4,13404,2.9,753.6,18364.8
2019-12-15T16:00+01:00,1098.4,358.6,13474.4,2.9,768.3,18722.9
2019-12-15T17:00+01:00,1100,355.8,13795.3,3,790.1,18655.3
2019-12-15T18:00+01:00,1098.1,357.7,13750.7,2.8,780.5,18487.5
2019-12-15T19:00+01:00,1099.5,358,13372.1,2.8,742.3,18235.5
2019-12-15T20:00+01:00,1098.2,358.9,13086.3,2.8,727.4,18190.4
2019-12-15T21:00+01:00,1096.5,358.3,12432.6,2.8,799.2,17922
2019-12-15T22:00+01:00,1093.8,357.9,11572.5,2.8,762.5,17408.6
2019-12-15T23:00+01:00,1094.3,358.2,10927.2,2.8,720.9,16706.2
2019-12-16T00:00+01:00,1108,359.3,10466.7,2.8,691.1,16216.2
2019-12-16T01:00+01:00,1105,358.9,10085.8,2.8,657.7,15996
2019-12-16T02:00+01:00,1107.3,361.7,10227.4,2.7,616.1,15995.5
2019-12-16T03:00+01:00,1109.4,360,10649.2,2.7,591.7,16159.4
2019-12-16T04:00+01:00,1119,359,10840.8,2.7,534,16417.5
2019-12-16T05:00+01:00,1120.3,359.3,12179.4,2.7,469.8,16905.4
2019-12-16T06:00+01:00,1115.7,358.8,15593.8,2.7,413.9,18453.3
2019-12-16T07:00+01:00,1124.3,357.6,19610.5,2.7,385,20173.3
2019-12-16T08:00+01:00,1140.5,358.3,20801.6,2.8,360.1,20481.4
2019-12-16T09:00+01:00,1142.3,357.7,20400.9,2.8,371.1,20268.2
2019-12-16T10:00+01:00,1148.5,354.5,20466.8,2.9,381.9,20203.5
2019-12-16T11:00+01:00,1155,356.3,20814,2.9,372.3,20114.8
2019-12-16T12:00+01:00,1156.6,358.8,21516.8,2.9,367.2,20129.5
2019-12-16T13:00+01:00,1157.6,355.2,21733.1,2.9,360.3,20051.8
2019-12-16T14:00+01:00,1155.9,347.3,21761.3,2.9,347.3,20151.6
2019-12-16T15:00+01:00,1154.1,313.9,21913.6,2.9,382.1,20323.8
2019-12-16T16:00+01:00,1155,309.2,22210.9,18.8,409.3,20465.6
2019-12-16T17:00+01:00,1154.1,316.1,22108.9,19.1,442.1,20284.1
2019-12-16T18:00+01:00,1153.4,317.6,21505.7,19.8,464.3,19957.5
2019-12-16T19:00+01:00,1152.8,314.4,20782.2,20.2,485.9,19698.8
2019-12-16T20:00+01:00,1152,312.6,19838.3,19.1,515.9,19408.7
2019-12-16T21:00+01:00,1150.7,305.7,18257.8,17,525.9,19024.3
2019-12-16T22:00+01:00,1145.4,307.8,15962.7,16.2,577.3,18403.8
2019-12-16T23:00+01:00,1143.6,308.6,13769.3,15.5,617.6,17818.5
2019-12-17T00:00+01:00,1118.5,326.6,12618.4,14.7,634.2,17150.2
2019-12-17T01:00+01:00,1116,330.7,12043.1,13.7,653.4,16738
2019-12-17T02:00+01:00,1117,332.6,11644.5,13.8,685.7,16567.7
2019-12-17T03:00+01:00,1116.1,352,11620.2,13.4,705.3,16364.5
2019-12-17T04:00+01:00,1116.1,326.4,11711.5,12.8,720.8,16484.2
2019-12-17T05:00+01:00,1139.3,321.9,13578.1,12.2,709,17041.3
2019-12-17T06:00+01:00,1150.9,324.5,16307.6,12.2,687.2,18458.4
2019-12-17T07:00+01:00,1165.6,336.1,20124.4,11.7,667.7,20050.2
2019-12-17T08:00+01:00,1169.2,324.3,21710.4,11.9,630.2,20646.9
2019-12-17T09:00+01:00,1172.8,318.8,21065.8,12.7,564.1,20445.2
2019-12-17T10:00+01:00,1157.5,318.5,20262.9,12.5,510.1,20322
2019-12-17T11:00+01:00,1154.9,326.8,19691.6,12.7,449.2,20210.8
2019-12-17T12:00+01:00,1158.1,329.1,19197,14.7,390.5,20261.1
2019-12-17T13:00+01:00,1159.2,329.8,19315,14.2,341.6,20256.9
2019-12-17T14:00+01:00,1173.8,346.5,20188.5,15.7,317.8,20325.6
2019-12-17T15:00+01:00,1171.8,339.6,21487,16.1,241.5,20679.4
2019-12-17T16:00+01:00,1175.5,332.3,21768.3,15.8,295,20863.7
2019-12-17T17:00+01:00,1177.5,334.4,21426,16.3,247.5,20682.8
2019-12-17T18:00+01:00,1175.3,337,19396.1,15.9,297.7,20382
2019-12-17T19:00+01:00,1173.4,333.4,17738.7,15.3,305.1,20189.7
2019-12-17T20:00+01:00,1168.9,331.6,15743.4,14.4,231.9,19861.1
2019-12-17T21:00+01:00,1164.6,331.7,15000.9,12.7,254.2,19578.9
2019-12-17T22:00+01:00,1164.3,340.2,13855.7,13.4,231.5,18953.5
2019-12-17T23:00+01:00,1159.7,341.3,12531.8,12.8,223.8,18172.9
2019-12-18T00:00+01:00,1164.9,346.7,11883,12,150.9,17506.5
2019-12-18T01:00+01:00,1163.5,346.7,11314.9,10.8,162.2,17091.7
2019-12-18T02:00+01:00,1163.5,344.7,10917,9.9,145.4,16927.3
2019-12-18T03:00+01:00,1166.6,344.7,11107,9.4,153.6,16918.1
2019-12-18T04:00+01:00,1167.4,345.9,11832.9,8.7,165.7,17063.4
2019-12-18T05:00+01:00,1169.9,348.4,12921.6,8.1,168.4,17620.8
2019-12-18T06:00+01:00,1168.1,345.5,15483.4,8,162.1,19005
2019-12-18T07:00+01:00,1169.9,346.7,20172.2,7.5,146.2,20638.6
2019-12-18T08:00+01:00,1175.7,346.9,21598,7.6,145,21128
2019-12-18T09:00+01:00,1178.9,350,21411.5,5.5,171.8,20975
2019-12-18T10:00+01:00,1177.4,353.3,21137.5,5.6,219.1,20722.6
2019-12-18T11:00+01:00,1174.1,354.1,20680.9,5.8,246.4,20748.6
2019-12-18T12:00+01:00,1172.8,353,20075.4,6.3,293.7,20594.1
2019-12-18T13:00+01:00,1173.7,354.8,19525.9,7.5,300.3,20278.4
2019-12-18T14:00+01:00,1176.8,354.4,19625.3,8.1,291.7,20474
2019-12-18T15:00+01:00,1176.7,351.4,20371.6,9,294,20800.5
2019-12-18T16:00+01:00,1175.6,341.5,20812.8,9,300.4,21141.8
2019-12-18T17:00+01:00,1174.8,348.7,20920.8,8.9,265,20851.7
2019-12-18T18:00+01:00,1174.3,354.8,20549,12.4,256.8,20519.7
2019-12-18T19:00+01:00,1175.2,353.6,19975.2,13.2,348.9,20475.5
2019-12-18T20:00+01:00,1174,354.8,18680.8,13.8,433.2,20278.1
2019-12-18T21:00+01:00,1171.8,350.7,16048.7,13.4,427.4,19721.5
2019-12-18T22:00+01:00,1172.3,351.7,13712.6,13.7,563.1,19308
2019-12-18T23:00+01:00,1163.2,350.9,12006.7,14.3,626.3,18546.7
2019-12-19T00:00+01:00,1166,353.8,11316.4,17,628.2,17836.9
2019-12-19T01:00+01:00,1166.2,354.1,10810.6,13.7,629.6,17228.3
2019-12-19T02:00+01:00,1165.8,352.1,10796.1,13.6,704.2,17156.4
2019-12-19T03:00+01:00,1164.9,347,10810.2,13.7,670.5,17208.3
2019-12-19T04:00+01:00,1164.3,351.1,11262.3,12.5,752,17531
2019-12-19T05:00+01:00,1164.5,343.6,12247,12.2,809.7,18055.8
2019-12-19T06:00+01:00,1163.5,350.8,14070.2,11.9,793.9,19472.2
2019-12-19T07:00+01:00,1164.6,349.8,17969.5,12.3,837.5,20902.1
2019-12-19T08:00+01:00,1163.8,354.7,19772.1,12.8,826.8,21485.6
2019-12-19T09:00+01:00,1164.5,348.6,19158.5,14,897,21508.3
2019-12-19T10:00+01:00,1164.2,355.5,17699.5,15.3,878.7,21229.2
2019-12-19T11:00+01:00,1162.1,352.7,16691.8,14.4,909.3,21021.7
2019-12-19T12:00+01:00,1163.6,352.2,16284.7,15.2,918.7,20881.2
2019-12-19T13:00+01:00,1163.5,357.9,16400.3,15.6,1055,20966.8
2019-12-19T14:00+01:00,1167.3,360.3,17495.5,15.9,1058.9,20879
2019-12-19T15:00+01:00,1167,361.4,18839.8,16.1,1036,21015.2
2019-12-19T16:00+01:00,1171.2,367.8,19574.9,16.4,1088.5,21075.5
2019-12-19T17:00+01:00,1184,367.5,19370.2,16.8,1122.5,20850.2
2019-12-19T18:00+01:00,1187.8,369.5,18182.3,17.5,1080.7,20245
2019-12-19T19:00+01:00,1191,365.7,16692.3,17.2,1082.8,19959.9
2019-12-19T20:00+01:00,1195,367.8,13813.9,32,1103.1,19766.2
2019-12-19T21:00+01:00,1200.1,367.2,12353.5,29.6,967.1,19447.5
2019-12-19T22:00+01:00,1203,369.3,11937.9,29.4,965.9,18958.1
2019-12-19T23:00+01:00,1207,366.5,10967.6,27,848.1,18067.2
2019-12-20T00:00+01:00,1177.5,363.6,10414.3,24.9,801.9,17459
2019-12-20T01:00+01:00,1168.9,366.4,10119.6,30.5,818.2,17078
2019-12-20T02:00+01:00,1164.7,364.9,9833.4,30.9,827.3,16681
2019-12-20T03:00+01:00,1161.6,371.6,9530.1,34.1,921.1,16666.1
2019-12-20T04:00+01:00,1165.4,367.5,10338.4,33.4,921.2,16753.3
2019-12-20T05:00+01:00,1170.9,371.6,11135.8,33.9,967.8,16878.9
2019-12-20T06:00+01:00,1173.5,368.7,12520.4,36,1059.9,17971.2
2019-12-20T07:00+01:00,1182,372,15089.9,36.1,1200,19482.9
2019-12-20T08:00+01:00,1185,371.4,16339.7,35.4,1282.5,19975.5
2019-12-20T09:00+01:00,1187.3,369.5,16232.2,33.6,1309.7,19948
2019-12-20T10:00+01:00,1192.9,368.8,15808.5,35.8,1252.4,19803.2
2019-12-20T11:00+01:00,1197.2,370.7,15632.5,36.2,1260.6,19631.4
2019-12-20T12:00+01:00,1200.7,369.8,15386.7,35.3,1335.6,19570.5
2019-12-20T13:00+01:00,1195.1,367.3,14761.1,41.9,1283.2,19336.2
2019-12-20T14:00+01:00,1190.9,369.7,14619.8,42.5,1246,19374
2019-12-20T15:00+01:00,1188.3,368.6,14825.6,47.9,1282.3,19492.8
2019-12-20T16:00+01:00,1187,372.2,14919,48.7,1296.4,19442.7
2019-12-20T17:00+01:00,1186.2,373.2,14916.9,50.8,1293.7,19130.8
2019-12-20T18:00+01:00,1185.6,369.9,14692.4,51.7,1330.2,18824
2019-12-20T19:00+01:00,1189.2,377.6,13534.1,52.6,1327.4,18558.5
2019-12-20T20:00+01:00,1191.2,370.9,11847.1,54.2,1479.9,18261
2019-12-20T21:00+01:00,1193.6,370.4,11100.7,49.2,1378.8,17717.8
2019-12-20T22:00+01:00,1198.4,370.4,10415.9,50.9,1422.3,17198.4
2019-12-20T23:00+01:00,1203.2,368.6,9419.6,51.8,1385.1,16618.4
2019-12-21T00:00+01:00,1216.9,373.7,8576.6,49.7,1408,16161.1
2019-12-21T01:00+01:00,1204,367.5,8060.9,44.6,1397.6,15614.4
2019-12-21T02:00+01:00,1198.8,374.7,7763.6,44.9,1468.7,15510.6
2019-12-21T03:00+01:00,1193.4,345,7803.3,44.2,1464.2,15341.2
2019-12-21T04:00+01:00,1194.9,154.3,7750.9,44.5,1443.2,15073.5
2019-12-21T05:00+01:00,1196.6,344.8,7579.7,44.8,1402.1,15277.1
2019-12-21T06:00+01:00,1197.2,361.4,8164.2,46.7,1311.5,15666.1
2019-12-21T07:00+01:00,1197,363,9695.7,47,1249.9,16220.9
2019-12-21T08:00+01:00,1198.6,367.4,10494.9,48.9,1266.7,16860.6
2019-12-21T09:00+01:00,1195.9,363.6,11813.1,47.7,1230.4,17628.9
2019-12-21T10:00+01:00,1193.6,361.3,12652.9,44.4,1172.3,18126.7
2019-12-21T11:00+01:00,1209.2,360.9,12756.4,44.8,1170.3,18307.6
2019-12-21T12:00+01:00,1207,360.2,12407.3,44.4,1053.2,18055.8
2019-12-21T13:00+01:00,1206.1,362,12140.2,41.4,1071.4,17953.7
2019-12-21T14:00+01:00,1204.2,360.2,13421.9,40.4,1015.2,17894.1
2019-12-21T15:00+01:00,1203.5,359.1,14446.3,37.4,940.8,17968.8
2019-12-21T16:00+01:00,1201.4,360.4,16223.3,32.7,895.6,18078.7
2019-12-21T17:00+01:00,1199.1,358.1,16570.5,32.4,913.5,18202.3
2019-12-21T18:00+01:00,1195.3,358.7,15406.3,31.6,895.1,18002.2
2019-12-21T19:00+01:00,1193.1,363.6,13814.9,27.9,830.7,17647.4
2019-12-21T20:00+01:00,1189.6,365,11913.3,22.6,968.2,17540.8
2019-12-21T21:00+01:00,1184.3,362.7,11629.6,19.1,878.8,17256.3
2019-12-21T22:00+01:00,1180.5,360.9,11028,18,814.1,16794.2
2019-12-21T23:00+01:00,1177.2,358.6,10289.2,15.8,708.5,16289.5
2019-12-22T00:00+01:00,1190.5,367.1,9620.7,13.5,731.9,15879.5
2019-12-22T01:00+01:00,1186.6,372.5,9195.5,12.1,724.9,15586.6
2019-12-22T02:00+01:00,1183.2,369.9,8876.1,12.2,739.4,15493
2019-12-22T03:00+01:00,1179,372.3,8747.3,14.5,702.3,15357.4
2019-12-22T04:00+01:00,1174.8,370.1,8762.6,14.4,605.8,15268.1
2019-12-22T05:00+01:00,1170.6,374.4,8722.6,14.4,607.3,15349
2019-12-22T06:00+01:00,1165.6,376.3,9065.5,17.8,646,15697.7
2019-12-22T07:00+01:00,1161.6,373,9788.7,17.4,626.2,16035.9
2019-12-22T08:00+01:00,1155.8,374.9,10847.1,16.9,606,16549
2019-12-22T09:00+01:00,1151.3,370.6,12106.7,17.2,589.2,17092.8
2019-12-22T10:00+01:00,1146.8,376.6,13423.8,16.7,571.1,17588.2
2019-12-22T11:00+01:00,1145.4,372.9,14517.6,18.6,621.9,17959.8
2019-12-22T12:00+01:00,1143.2,375.1,14131.8,19.4,557.7,17989.4
2019-12-22T13:00+01:00,1139.4,374.1,13176.8,19.2,567.4,17979.5
2019-12-22T14:00+01:00,1137,372,13430,19.6,546.7,18002.7
2019-12-22T15:00+01:00,1135.8,372,14262.7,18.1,553.3,18194.3
2019-12-22T16:00+01:00,1132.2,367.4,15773.7,17.3,586.7,18328.3
2019-12-22T17:00+01:00,1132.1,372.9,16586.3,16.7,544.1,18289.4
2019-12-22T18:00+01:00,1129.5,373.5,15639.1,16.7,562.6,18068.7
2019-12-22T19:00+01:00,1127.1,370.4,13609.6,15.9,537.4,17833.1
2019-12-22T20:00+01:00,1123.7,368.4,12093.8,15.7,541.7,17654.4
2019-12-22T21:00+01:00,1122.3,370.3,11446.6,14.9,535.7,17318
2019-12-22T22:00+01:00,1120.1,373.1,10846.9,14.4,519.1,17012.1
2019-12-22T23:00+01:00,1118.9,373.1,10029.5,13.3,520.1,16497.4
2019-12-23T00:00+01:00,1104.6,370.6,9342.6,13.2,649.3,16257.1
2019-12-23T01:00+01:00,1102.4,372.1,9155.6,12.3,642.6,15856.4
2019-12-23T02:00+01:00,1101.1,376.5,8962.3,11.9,598.9,15569.5
2019-12-23T03:00+01:00,1099.1,364.4,8895.7,12.3,578.2,15501.9
2019-12-23T04:00+01:00,1100,366.4,9517.7,11.2,581.5,15585.6
2019-12-23T05:00+01:00,1099.2,371.6,10369.4,10.7,562.6,15948.7
2019-12-23T06:00+01:00,1094,371.8,11516.5,10.5,614.5,16840.4
2019-12-23T07:00+01:00,1110,375.9,13158.5,10.3,588.8,17785.4
2019-12-23T08:00+01:00,1122.6,374,15024.9,10.7,549.1,18614
2019-12-23T09:00+01:00,1129.7,368.8,15629.4,10.5,521.4,18993.7
2019-12-23T10:00+01:00,1133.6,371.4,15407.8,10.3,485.2,19123.5
2019-12-23T11:00+01:00,1127.1,371.4,15204.9,4,460.9,19242.2
2019-12-23T12:00+01:00,1125.8,368.9,15055.4,4.2,467.9,19227.2
2019-12-23T13:00+01:00,1125.2,368.9,14860.6,5.1,475,19266.1
2019-12-23T14:00+01:00,1125.4,369.3,14763.8,5,429.6,19181.9
2019-12-23T15:00+01:00,1124.2,366.7,15629,5,350.1,19333.7
2019-12-23T16:00+01:00,1123,364.6,17082.9,4.9,382.4,19426
2019-12-23T17:00+01:00,1122.2,370.1,18601.4,5,319.6,19167.5
2019-12-23T18:00+01:00,1119.4,367.3,18539.7,5.5,295,18865.6
2019-12-23T19:00+01:00,1116.3,368.2,16211.8,5.4,264.2,18490.9
2019-12-23T20:00+01:00,1114,359.7,14135.6,5.4,275.1,18283.4
2019-12-23T21:00+01:00,1111.5,367.7,12499.9,5.3,249.5,17944.5
2019-12-23T22:00+01:00,1108.3,367.8,11459.7,5.7,227.6,17516.5
2019-12-23T23:00+01:00,1106.5,369.4,10838.9,5.5,272.5,17020.8
2019-12-24T00:00+01:00,1088.6,367.7,11028.3,5.1,222.2,16588.2
2019-12-24T01:00+01:00,1088.7,372.4,10277.7,5,215.9,16127.6
2019-12-24T02:00+01:00,1087.9,374.1,9224.7,5,250.8,15834.8
2019-12-24T03:00+01:00,1087.1,365.6,9226.5,4.6,276.4,15798
2019-12-24T04:00+01:00,1085.7,365.4,9718.6,4.6,309.2,15802.8
2019-12-24T05:00+01:00,1086.2,369.3,10646,4.4,273.4,16009.5
2019-12-24T06:00+01:00,1085.2,366.1,11207,4.2,279.2,16479.9
2019-12-24T07:00+01:00,1085.2,364.2,11789.9,4,303,17024.6
2019-12-24T08:00+01:00,1085.7,363.2,12505.7,3.9,350.3,17754.7
2019-12-24T09:00+01:00,1085.8,364.8,13761.5,3.9,350.8,18570.5
2019-12-24T10:00+01:00,1089.8,364.8,13194.9,4,340.3,19058.1
2019-12-24T11:00+01:00,1087.8,365.6,13456.1,3.9,320.7,19099.2
2019-12-24T12:00+01:00,1089.4,366.4,13965.5,3.9,349.1,19043.3
2019-12-24T13:00+01:00,1088.5,367.2,14132.2,4.1,339.1,19196
2019-12-24T14:00+01:00,1088.1,357.4,14398.4,3.9,340.8,19264
2019-12-24T15:00+01:00,1085.4,371.4,15389.1,3.6,305.9,19494.1
2019-12-24T16:00+01:00,1084,369.2,16114.4,3.5,233.1,19464.2
2019-12-24T17:00+01:00,1081.6,368.3,16349.5,3.6,300,18519
2019-12-24T18:00+01:00,1083.3,367.7,13913.2,4.1,203.1,17597.3
2019-12-24T19:00+01:00,1081.8,366.2,11639.6,4,163.8,17193.6
2019-12-24T20:00+01:00,1080.2,364.4,11198.9,3.8,125.4,16867
2019-12-24T21:00+01:00,1079.6,361.1,11075.7,3.8,116,16626
2019-12-24T22:00+01:00,1078.9,366.9,11348.2,3.7,92.3,16488.8
2019-12-24T23:00+01:00,1074.8,363.5,10973.9,3.8,93.3,16317.4
2019-12-25T00:00+01:00,1060.4,366.3,10846.1,3.6,73.2,16031.4
2019-12-25T01:00+01:00,1061.4,366,10557.3,3.7,100.5,15787.5
2019-12-25T02:00+01:00,1059.3,366.6,10044,3.9,137.6,15537.7
2019-12-25T03:00+01:00,1059.4,367.1,9957.4,4,143.2,15484.5
2019-12-25T04:00+01:00,1057.4,367,10510,4,148.5,15562.8
2019-12-25T05:00+01:00,1057.3,370.9,11295.5,4,168.4,15883.7
2019-12-25T06:00+01:00,1055.4,365.7,11431.1,4.1,178.8,16327.5
2019-12-25T07:00+01:00,1055.7,368.5,11837.1,4.1,196.8,16709.3
2019-12-25T08:00+01:00,1056.5,370.2,12311.7,4,220.1,17172.3
2019-12-25T09:00+01:00,1055.5,367.7,13084.4,4,235.8,17622.9
2019-12-25T10:00+01:00,1051.2,371,12770.3,3.8,241.3,18013.8
2019-12-25T11:00+01:00,1053.5,371.9,13274.1,3.8,260.9,18259.7
2019-12-25T12:00+01:00,1049.5,368.7,13762.5,3.9,279.2,18285.1
2019-12-25T13:00+01:00,1052.5,366.3,13432.8,4.4,318.6,18249.8
2019-12-25T14:00+01:00,1053.2,366.6,13445.1,4.1,327.8,18297.8
2019-12-25T15:00+01:00,1054.3,366.4,14377.9,4,340,18649.1
2019-12-25T16:00+01:00,1053.2,368.6,15693.1,4,345.5,18693.9
2019-12-25T17:00+01:00,1053.3,365.4,16152.3,4.2,360.5,18534.7
2019-12-25T18:00+01:00,1053.4,366.4,15941.9,4.5,370.7,18351.9
2019-12-25T19:00+01:00,1053.2,365.9,14229.9,4.6,367.9,18110.5
2019-12-25T20:00+01:00,1051,363.2,13495.7,4.8,416.5,17972.2
2019-12-25T21:00+01:00,1050.8,362.1,12945,4.9,415.8,17728
2019-12-25T22:00+01:00,1046.9,368.3,12630.4,5.2,381.2,17297.7
2019-12-25T23:00+01:00,1046.8,367.7,11654,5.3,401.7,16959.6
2019-12-26T00:00+01:00,1036,368.3,10937.3,5.4,368.3,16623.5
2019-12-26T01:00+01:00,1034.7,367.6,10447.1,5.6,399.4,16443
2019-12-26T02:00+01:00,1034.9,366.7,10083.6,5.6,383.9,16280.5
2019-12-26T03:00+01:00,1034,364.4,10264.7,5.4,425.2,16219.8
2019-12-26T04:00+01:00,1034.1,362.9,10368.7,3.2,394.7,16307
2019-12-26T05:00+01:00,1032.4,365.3,11395.1,2.5,336.1,16601.1
2019-12-26T06:00+01:00,1031.5,361.3,11930,2.5,337.9,17135.5
2019-12-26T07:00+01:00,1031.7,367.1,12416,2.4,228.6,17502.5
2019-12-26T08:00+01:00,1032,369.9,13350.7,2.6,192.8,17984.6
2019-12-26T09:00+01:00,1029.9,359.6,14581.3,3.2,209,18396.1
2019-12-26T10:00+01:00,1032.5,360.1,14688.4,2.6,203.5,18979.1
2019-12-26T11:00+01:00,1031.9,361.2,15646.3,2.3,188.1,19170
2019-12-26T12:00+01:00,1031.3,356.9,15744.6,2.4,216.7,19150.7
2019-12-26T13:00+01:00,1030.2,358.8,15650.7,2.9,152.5,19061.4
2019-12-26T14:00+01:00,1026,360.6,16700.5,2.4,178.1,19257.2
2019-12-26T15:00+01:00,1032.8,356.2,18545.7,2.2,171,19593.9
2019-12-26T16:00+01:00,1033.2,371.8,19283.7,1.7,164.2,19625.1
2019-12-26T17:00+01:00,1032.9,370.5,19961.4,0.3,188.7,19470.9
2019-12-26T18:00+01:00,1032.7,372.1,19674.5,0.4,192.8,19156.5
2019-12-26T19:00+01:00,1032.8,372.7,18183.4,0.5,162.2,18839.6
2019-12-26T20:00+01:00,1032,367.6,15886.7,0.5,182.8,18712.4
2019-12-26T21:00+01:00,1027.5,369.1,14431.7,0.6,239.8,18412.4
2019-12-26T22:00+01:00,1027.7,367.1,13761.6,0.7,254.4,18081.5
2019-12-26T23:00+01:00,1026.5,360.7,12074.3,0.7,264.8,17650.1
2019-12-27T00:00+01:00,1014.3,365.4,11788.8,0.8,216.9,17300.1
2019-12-27T01:00+01:00,1014.3,365.3,11368.5,0.8,242.1,17071.9
2019-12-27T02:00+01:00,1014.7,364.8,10927.9,0.9,238.2,16886.8
2019-12-27T03:00+01:00,1013.9,366.4,10961,1.1,249.5,16803.2
2019-12-27T04:00+01:00,1014.7,363.1,11699.4,1.2,279.6,17026
2019-12-27T05:00+01:00,1017.7,365.8,12554.6,1.4,396,17545.2
2019-12-27T06:00+01:00,1017.9,368.1,13784.8,1.6,392,18365.1
2019-12-27T07:00+01:00,1022.1,367,16977.5,1.6,373.2,19072
2019-12-27T08:00+01:00,1019.8,366.8,18681.7,17.9,428.8,19769
2019-12-27T09:00+01:00,1031.1,358.6,19613,21.6,519.8,20202.6
2019-12-27T10:00+01:00,1030.4,363.9,19915.8,25.9,624.6,20436.9
2019-12-27T11:00+01:00,1026.3,358.9,20547.2,29.9,745.5,20323.3
2019-12-27T12:00+01:00,1028.4,364.5,20718.5,36.7,812.9,20279.8
2019-12-27T13:00+01:00,1028.3,357.6,20877,40.2,925.9,20374.8
2019-12-27T14:00+01:00,1027.1,360.3,21584.6,43.5,905.9,20474.4
2019-12-27T15:00+01:00,1025.7,359.4,22010.6,46.7,871.9,20695
2019-12-27T16:00+01:00,1026.5,356.9,21978.9,48.7,1058.7,20903.3
2019-12-27T17:00+01:00,1027.7,358.6,21839.7,50.5,1015,20628.6
2019-12-27T18:00+01:00,1028,357.4,21612.5,51.9,1071.9,20575.7
2019-12-27T19:00+01:00,1028.4,366.8,20927.5,52.4,1132.6,20185.3
2019-12-27T20:00+01:00,1027.2,367.7,19223.3,52.6,1074,19546.7
2019-12-27T21:00+01:00,1025.3,370.7,16675.1,51.6,1157.5,18953.5
2019-12-27T22:00+01:00,1022.5,368.4,14765.1,49.9,1256.3,18606.1
2019-12-27T23:00+01:00,1016.8,368.4,12435.5,49.2,1313.5,18141.1
2019-12-28T00:00+01:00,991.8,365.1,12195.2,41.6,1302.8,17848.9
2019-12-28T01:00+01:00,978.8,367.1,11724.4,41.1,1263,17575.5
2019-12-28T02:00+01:00,973,366.7,10893.9,39.8,1279.3,17408.5
2019-12-28T03:00+01:00,968.3,366.1,10489.2,40,1399.5,17082.7
2019-12-28T04:00+01:00,966.9,356.5,10174.7,41.5,1474.2,17019.2
2019-12-28T05:00+01:00,968.9,364.4,10099.3,42.3,1650.7,17215.1
2019-12-28T06:00+01:00,970.8,360.5,10679.7,43.1,1450.3,17400.7
2019-12-28T07:00+01:00,971.5,364.5,11912.7,43.3,1410.1,17960.5
2019-12-28T08:00+01:00,975.5,365.1,13953.3,43.3,1421.3,18516.6
2019-12-28T09:00+01:00,978.4,364.9,16608.7,43.1,1329.2,19349.2
2019-12-28T10:00+01:00,983.1,370.4,17338.7,43.6,1364.2,19788.3
2019-12-28T11:00+01:00,986.1,372.4,15852,43.1,1329.9,19739
2019-12-28T12:00+01:00,987.6,367.3,14676.3,44.4,1270.6,19716.6
2019-12-28T13:00+01:00,988.3,372.5,14593.6,44.8,1191.4,19661.3
2019-12-28T14:00+01:00,990.5,374.1,15476.3,45.1,1342.4,19675.6
2019-12-28T15:00+01:00,993.9,374.8,17523.5,44.2,1394.7,19623.8
2019-12-28T16:00+01:00,996.6,372.4,18597.2,42.5,1380.3,19542.7
2019-12-28T17:00+01:00,1002.4,370.3,18548.3,41.7,1592.4,19568.9
2019-12-28T18:00+01:00,1004.9,366.6,17615.2,41.6,1660.4,19149.1
2019-12-28T19:00+01:00,1008.4,370.3,16443.5,40.2,1593.7,18601.4
2019-12-28T20:00+01:00,1010.9,371,14924,40.7,1710.1,18217.7
2019-12-28T21:00+01:00,1010.1,372.7,13522.7,40.6,1661.6,17779.5
2019-12-28T22:00+01:00,1014.2,373.2,12424.7,39.6,1674,17238.9
2019-12-28T23:00+01:00,1016.4,375.4,10545.5,39.6,1706.2,16705.2
2019-12-29T00:00+01:00,1017.1,372.1,10258.1,39.2,1579.2,16358.8
2019-12-29T01:00+01:00,1011.6,374.9,9898.2,41.1,1495.8,15946.8
2019-12-29T02:00+01:00,1011.3,375.8,9620.6,41.1,1537.2,15710.6
2019-12-29T03:00+01:00,1011.2,377.9,8811.7,41.5,1591.4,15561.1
2019-12-29T04:00+01:00,1018.2,372.3,8546.5,41.6,1604.4,15506.9
2019-12-29T05:00+01:00,1029.7,376.4,8400,41.3,1627.2,15509
2019-12-29T06:00+01:00,1043.8,377.2,8421,41,1597.1,15622.2
2019-12-29T07:00+01:00,1055.5,373.2,8108.1,41.3,1541.4,15795.7
2019-12-29T08:00+01:00,1066.6,372.4,8131.9,41.4,1506.8,16029.5
2019-12-29T09:00+01:00,1080.4,372.8,9566.4,41.1,1553.3,16495.6
2019-12-29T10:00+01:00,1105.9,373.2,10174.8,41.3,1439.9,16737.7
2019-12-29T11:00+01:00,1126.1,373.7,10285.8,41.1,1455.8,16731.3
2019-12-29T12:00+01:00,1145.3,372.9,10571.4,42.8,1575.1,16795.5
2019-12-29T13:00+01:00,1158.7,376.6,9862.5,43.1,1587,17068
2019-12-29T14:00+01:00,1172.2,370.7,10524.2,44.1,1660.2,17222.1
2019-12-29T15:00+01:00,1175.3,374.9,11534.1,45.8,1641.7,17509.9
2019-12-29T16:00+01:00,1192.9,376.6,11613.4,46.4,1625.8,17534.9
2019-12-29T17:00+01:00,1200.9,374.5,11706.6,47.9,1639,17486
2019-12-29T18:00+01:00,1203,375.8,11085.8,48,1609.9,17092.4
2019-12-29T19:00+01:00,1205.4,377.5,10644,48.1,1625.5,16835.8
2019-12-29T20:00+01:00,1213.5,372.3,10146.5,48.1,1648.6,16701.5
2019-12-29T21:00+01:00,1217,376.9,9456.2,47.7,1646.7,16233.7
2019-12-29T22:00+01:00,1223.8,361.9,8849,47.7,1689.5,15963.6
2019-12-29T23:00+01:00,1220.8,359.2,8365.2,48.4,1661.7,15593.6
2019-12-30T00:00+01:00,1257.7,358.6,7957.5,49,1608.5,15318.2
2019-12-30T01:00+01:00,1262.9,360.7,7828.7,48.6,1617.1,14824.5
2019-12-30T02:00+01:00,1262.9,365.8,7691.1,48.7,1616.7,14707.8
2019-12-30T03:00+01:00,1262.2,370.7,7614.2,48.7,1632.4,14651.4
2019-12-30T04:00+01:00,1263.7,370.8,7507,48.6,1665.3,14724.8
2019-12-30T05:00+01:00,1265.9,372,7844.3,48.5,1654.8,15004.9
2019-12-30T06:00+01:00,1258.2,372.9,8414.4,48.7,1715.8,15550.9
2019-12-30T07:00+01:00,1270.4,376.3,9813.6,49.2,1691.1,16364.9
2019-12-30T08:00+01:00,1283.4,374.8,11446.4,49.2,1571,17063
2019-12-30T09:00+01:00,1293.2,374.7,11517.6,48.8,1550.2,17314.5
2019-12-30T10:00+01:00,1303.7,370.7,10680.5,48.8,1538.4,17578
2019-12-30T11:00+01:00,1306.8,372,10821,48.5,1522,17622.6
2019-12-30T12:00+01:00,1318.4,373.1,10970.1,47.8,1499,17390.4
2019-12-30T13:00+01:00,1314.3,375.3,10709.2,47.1,1568.1,17355.1
2019-12-30T14:00+01:00,1308.8,375.3,11402.4,42.5,1639.8,17393.4
2019-12-30T15:00+01:00,1307.7,369.4,12506,42.2,1668.2,17676
2019-12-30T16:00+01:00,1308.3,357.4,12740.6,41.2,1647.8,17746.6
2019-12-30T17:00+01:00,1311.1,371.2,12899,40.4,1643.4,17660.6
2019-12-30T18:00+01:00,1310.2,366.4,12880.8,38.3,1583.5,17246.1
2019-12-30T19:00+01:00,1307.8,367.1,10878.1,37.7,1581.1,17112.4
2019-12-30T20:00+01:00,1296.6,367,9837,37.6,1588.1,16658
2019-12-30T21:00+01:00,1292.9,372.4,9176.3,39.8,1546.1,16350.7
2019-12-30T22:00+01:00,1293.5,371.5,8826.5,41.9,1567,15968.3
2019-12-30T23:00+01:00,1293.2,372.6,8187.3,43.3,1589.6,15637.9
2019-12-31T00:00+01:00,1372.1,370.5,8054.2,44.6,1604.3,15347.4
2019-12-31T01:00+01:00,1379.6,371.7,7902.1,44.2,1642.1,15085.4
2019-12-31T02:00+01:00,1385.5,373.2,7707.1,42.4,1684,14894.5
2019-12-31T03:00+01:00,1389.1,369.5,7682.1,39.7,1636.2,14739.2
2019-12-31T04:00+01:00,1384.9,367.1,7974.1,36.1,1661.3,14929.1
2019-12-31T05:00+01:00,1387.4,373.7,8514.6,31.2,1638.1,15135
2019-12-31T06:00+01:00,1387.4,371.9,9104,26.5,1610,15683.7
2019-12-31T07:00+01:00,1386.5,373.1,10124.4,23.9,1770.9,16562.7
2019-12-31T08:00+01:00,1379.5,374.9,11524.6,23.2,1684.6,17257.2
2019-12-31T09:00+01:00,1375.2,375.3,12518.9,24.2,1629.9,17873.8
2019-12-31T10:00+01:00,1382.1,378.2,12263.7,28.5,1594,18117.8
2019-12-31T11:00+01:00,1379.5,375.2,12319.7,32.7,1563.3,18260.1
2019-12-31T12:00+01:00,1381,375,13119.3,37.7,1573.7,18467.9
2019-12-31T13:00+01:00,1371.6,378.2,13438.6,41.1,1501.2,18408.9
2019-12-31T14:00+01:00,1369,376.4,14414.3,41.9,1432.3,18714.4
2019-12-31T15:00+01:00,1365.4,377.4,15645.5,42.3,1420,19134
2019-12-31T16:00+01:00,1359.2,375.9,16607,42.8,1356.8,19400
2019-12-31T17:00+01:00,1360,376.6,17227.4,43.8,1389.4,19373.1
2019-12-31T18:00+01:00,1354.8,376.1,16349.7,44.9,1345,18609.5
2019-12-31T19:00+01:00,1351.2,375.8,14752.9,45.2,1386.2,17868.5
2019-12-31T20:00+01:00,1349.4,372.6,13683,45.7,1446.3,17343.4
2019-12-31T21:00+01:00,1346.6,371.5,13371.2,45.8,1516,17013.4
2019-12-31T22:00+01:00,1345.1,372.5,13479.8,45,1507.6,16530.5
2019-12-31T23:00+01:00,1341.2,372,12842.1,47.2,1465.5,16179.9
