Date (GMT+1),Nuclear,Hydro water reservoir,Others,Wind onshore,Load
,Power (MW),Power (MW),Power (MW),Power (MW),Power (MW)
2019-01-01T00:00+01:00,8211,2295,1591,5355,14597
2019-01-01T01:00+01:00,8210,2076,1565,5234,14375
2019-01-01T02:00+01:00,8207,2039,1568,5011,14153
2019-01-01T03:00+01:00,8207,2086,1558,4934,13896
2019-01-01T04:00+01:00,8208,2349,1558,4895,13955
2019-01-01T05:00+01:00,8206,2382,1581,4894,14166
2019-01-01T06:00+01:00,8206,2726,1618,4836,14352
2019-01-01T07:00+01:00,8207,2972,1633,4900,14807
2019-01-01T08:00+01:00,8205,2885,1662,5030,15064
2019-01-01T09:00+01:00,8204,2878,1708,5074,15492
2019-01-01T10:00+01:00,8205,3014,1691,5232,15810
2019-01-01T11:00+01:00,8206,3115,1699,5459,16045
2019-01-01T12:00+01:00,8206,3172,1719,5631,16254
2019-01-01T13:00+01:00,8207,3007,1665,5747,16321
2019-01-01T14:00+01:00,8207,3391,1669,5949,16874
2019-01-01T15:00+01:00,8207,3652,1666,6055,17436
2019-01-01T16:00+01:00,8208,3915,1686,6108,18173
2019-01-01T17:00+01:00,8209,4035,1687,6168,18388
2019-01-01T18:00+01:00,8203,3940,1657,6196,18200
2019-01-01T19:00+01:00,8209,3813,1653,6232,17725
2019-01-01T20:00+01:00,8210,3050,1661,6250,17424
2019-01-01T21:00+01:00,8205,2660,1656,6243,17030
2019-01-01T22:00+01:00,8203,2373,1649,6227,16745
2019-01-01T23:00+01:00,8202,2057,1630,6199,16335
2019-01-02T00:00+01:00,8201,1921,1646,6197,16008
2019-01-02T01:00+01:00,8201,1834,1636,6135,15938
2019-01-02T02:00+01:00,8201,1791,1625,6054,15771
2019-01-02T03:00+01:00,8198,1899,1641,5971,15893
2019-01-02T04:00+01:00,8197,2385,1677,5912,16263
2019-01-02T05:00+01:00,8196,3203,1700,5854,16919
2019-01-02T06:00+01:00,8192,4645,1757,5740,18200
2019-01-02T07:00+01:00,8192,6384,1759,5619,19757
2019-01-02T08:00+01:00,8190,7468,1784,5560,20484
2019-01-02T09:00+01:00,8196,8057,1802,5358,20593
2019-01-02T10:00+01:00,8193,7952,1836,5268,20891
2019-01-02T11:00+01:00,8194,8184,1860,5072,20613
2019-01-02T12:00+01:00,8192,8787,1885,4935,20743
2019-01-02T13:00+01:00,8190,8742,1897,4815,20743
2019-01-02T14:00+01:00,8188,9055,1911,4702,21231
2019-01-02T15:00+01:00,8186,9351,1893,4585,21664
2019-01-02T16:00+01:00,8182,9750,1889,4414,21997
2019-01-02T17:00+01:00,8183,10105,1887,4172,22082
2019-01-02T18:00+01:00,8184,9996,1888,3908,21681
2019-01-02T19:00+01:00,8182,9717,1866,3577,21036
2019-01-02T20:00+01:00,8188,9478,1885,3347,20637
2019-01-02T21:00+01:00,8188,8869,1871,3078,19882
2019-01-02T22:00+01:00,8190,7907,1842,2867,18954
2019-01-02T23:00+01:00,8190,6199,1843,2575,18177
2019-01-03T00:00+01:00,8191,5027,1812,2253,17488
2019-01-03T01:00+01:00,8187,4823,1859,2047,17093
2019-01-03T02:00+01:00,8188,4706,1874,1889,16823
2019-01-03T03:00+01:00,8192,4704,1878,1765,16870
2019-01-03T04:00+01:00,8192,5155,1828,1640,16991
2019-01-03T05:00+01:00,8190,6609,1826,1598,17636
2019-01-03T06:00+01:00,8191,8712,1926,1631,19058
2019-01-03T07:00+01:00,8186,10621,1953,1716,20612
2019-01-03T08:00+01:00,8185,11324,1988,1765,21410
2019-01-03T09:00+01:00,8185,11372,2030,1913,21439
2019-01-03T10:00+01:00,8185,11280,2051,2082,21382
2019-01-03T11:00+01:00,8185,11013,2037,2262,21190
2019-01-03T12:00+01:00,8188,10775,2028,2443,21162
2019-01-03T13:00+01:00,8188,10691,2079,2559,21021
2019-01-03T14:00+01:00,8187,10610,2063,2712,20980
2019-01-03T15:00+01:00,8047,10518,2042,2879,21153
2019-01-03T16:00+01:00,7757,10550,2059,3031,22013
2019-01-03T17:00+01:00,7736,10373,2033,3117,21969
2019-01-03T18:00+01:00,7763,10361,2005,3212,21545
2019-01-03T19:00+01:00,7765,10338,1982,3256,20712
2019-01-03T20:00+01:00,7773,9706,1976,3259,20238
2019-01-03T21:00+01:00,8036,9347,1979,3340,19248
2019-01-03T22:00+01:00,8139,8533,1941,3386,18377
2019-01-03T23:00+01:00,8171,7172,1898,3345,17267
2019-01-04T00:00+01:00,8138,5453,1824,3515,16533
2019-01-04T01:00+01:00,7947,4825,1822,3532,16361
2019-01-04T02:00+01:00,7933,4780,1832,3570,16183
2019-01-04T03:00+01:00,7924,4684,1835,3488,16060
2019-01-04T04:00+01:00,7913,5016,1833,3462,15960
2019-01-04T05:00+01:00,7912,5745,1825,3283,16345
2019-01-04T06:00+01:00,7913,8483,1914,3225,18227
2019-01-04T07:00+01:00,7835,9966,1927,3073,19538
2019-01-04T08:00+01:00,7719,10400,1890,2933,20360
2019-01-04T09:00+01:00,7722,10555,1930,2833,20333
2019-01-04T10:00+01:00,7724,10613,1933,2727,20430
2019-01-04T11:00+01:00,7736,10604,1876,2717,20074
2019-01-04T12:00+01:00,7757,10303,1851,2669,19738
2019-01-04T13:00+01:00,7863,10195,1829,2701,19525
2019-01-04T14:00+01:00,7951,10095,1768,2705,19143
2019-01-04T15:00+01:00,7961,10046,1773,2697,19273
2019-01-04T16:00+01:00,7983,10168,1802,2678,19705
2019-01-04T17:00+01:00,7985,10075,1845,2662,19795
2019-01-04T18:00+01:00,7988,9938,1822,2566,19377
2019-01-04T19:00+01:00,7989,9488,1825,2461,18699
2019-01-04T20:00+01:00,7996,8910,1839,2403,18142
2019-01-04T21:00+01:00,8006,8119,1750,2217,17425
2019-01-04T22:00+01:00,8013,6796,1711,2160,16534
2019-01-04T23:00+01:00,8019,5823,1745,2077,15976
2019-01-05T00:00+01:00,8026,4420,1772,1974,15592
2019-01-05T01:00+01:00,8034,4274,1714,1916,15149
2019-01-05T02:00+01:00,8042,4272,1707,1826,14895
2019-01-05T03:00+01:00,8052,4243,1713,1798,14951
2019-01-05T04:00+01:00,8059,4295,1734,1727,15101
2019-01-05T05:00+01:00,8065,4375,1745,1621,15296
2019-01-05T06:00+01:00,8073,5251,1755,1501,15751
2019-01-05T07:00+01:00,8081,6846,1764,1371,16506
2019-01-05T08:00+01:00,8093,7709,1771,1258,17141
2019-01-05T09:00+01:00,8101,8248,1777,1154,17685
2019-01-05T10:00+01:00,8107,8905,1850,1092,18266
2019-01-05T11:00+01:00,8116,9290,1883,917,18543
2019-01-05T12:00+01:00,8122,9484,1879,815,18334
2019-01-05T13:00+01:00,8130,9712,1872,833,18165
2019-01-05T14:00+01:00,8139,9799,1874,924,18322
2019-01-05T15:00+01:00,8137,10379,1876,924,18769
2019-01-05T16:00+01:00,8133,10599,1935,959,19318
2019-01-05T17:00+01:00,8119,10770,1930,940,19627
2019-01-05T18:00+01:00,8155,10867,1980,926,19471
2019-01-05T19:00+01:00,8176,10432,1991,897,18875
2019-01-05T20:00+01:00,8191,10028,1978,883,18267
2019-01-05T21:00+01:00,8199,9076,1984,857,17609
2019-01-05T22:00+01:00,8201,8328,1971,851,17068
2019-01-05T23:00+01:00,8201,7124,1972,881,16448
2019-01-06T00:00+01:00,8204,5157,1927,1032,16066
2019-01-06T01:00+01:00,8204,4834,1888,1065,15739
2019-01-06T02:00+01:00,8206,4810,1860,1091,15504
2019-01-06T03:00+01:00,8205,4749,1831,1126,15351
2019-01-06T04:00+01:00,8206,4776,1821,1152,15272
2019-01-06T05:00+01:00,8204,4922,1821,1216,15236
2019-01-06T06:00+01:00,8203,5606,1824,1283,15606
2019-01-06T07:00+01:00,8203,7330,1834,1401,16240
2019-01-06T08:00+01:00,8204,8144,1840,1527,16857
2019-01-06T09:00+01:00,8203,8808,1833,1677,17652
2019-01-06T10:00+01:00,8203,9547,1809,1826,18162
2019-01-06T11:00+01:00,8202,9785,1773,1981,18464
2019-01-06T12:00+01:00,8203,9742,1767,2037,18402
2019-01-06T13:00+01:00,8203,9704,1775,2144,18420
2019-01-06T14:00+01:00,8205,9387,1774,2170,18193
2019-01-06T15:00+01:00,8198,9398,1763,2237,18516
2019-01-06T16:00+01:00,8195,9996,1774,2334,19340
2019-01-06T17:00+01:00,8198,10184,1782,2453,19608
2019-01-06T18:00+01:00,8199,10140,1787,2543,19290
2019-01-06T19:00+01:00,8202,9966,1797,2668,18713
2019-01-06T20:00+01:00,8198,9464,1793,2775,18376
2019-01-06T21:00+01:00,8204,8897,1778,2941,17651
2019-01-06T22:00+01:00,8209,8060,1770,2988,16947
2019-01-06T23:00+01:00,8211,6757,1766,2974,16050
2019-01-07T00:00+01:00,8213,4810,1769,2938,15568
2019-01-07T01:00+01:00,8215,4617,1765,2855,15517
2019-01-07T02:00+01:00,8215,4533,1772,2684,15471
2019-01-07T03:00+01:00,8215,4580,1773,2533,15455
2019-01-07T04:00+01:00,8215,5185,1760,2346,15670
2019-01-07T05:00+01:00,8212,6421,1772,2265,16729
2019-01-07T06:00+01:00,8208,8955,1804,2091,18864
2019-01-07T07:00+01:00,8207,10440,1844,1958,20080
2019-01-07T08:00+01:00,8206,10710,1834,1986,20772
2019-01-07T09:00+01:00,8207,10697,1856,1998,20975
2019-01-07T10:00+01:00,8209,10739,1849,1893,21148
2019-01-07T11:00+01:00,8210,10778,1823,1839,21053
2019-01-07T12:00+01:00,8207,10858,1864,1815,21141
2019-01-07T13:00+01:00,8207,10992,1844,1864,20897
2019-01-07T14:00+01:00,8206,11009,1803,1976,20971
2019-01-07T15:00+01:00,8207,11116,1812,2064,21349
2019-01-07T16:00+01:00,8204,11027,1824,2281,21648
2019-01-07T17:00+01:00,8202,10826,1841,2370,21597
2019-01-07T18:00+01:00,8203,9946,1813,2512,21002
2019-01-07T19:00+01:00,8207,9354,1844,2664,20367
2019-01-07T20:00+01:00,8206,8762,1867,2825,19652
2019-01-07T21:00+01:00,8164,7969,1839,2900,18856
2019-01-07T22:00+01:00,8152,6746,1834,2874,17875
2019-01-07T23:00+01:00,8153,5610,1806,2719,16920
2019-01-08T00:00+01:00,8157,4782,1761,2481,16321
2019-01-08T01:00+01:00,8166,4632,1755,2207,15794
2019-01-08T02:00+01:00,8172,4636,1760,2063,15547
2019-01-08T03:00+01:00,8183,4725,1765,2024,15511
2019-01-08T04:00+01:00,8195,5171,1764,2033,15897
2019-01-08T05:00+01:00,8198,5657,1757,2073,16605
2019-01-08T06:00+01:00,8207,7704,1775,2220,18588
2019-01-08T07:00+01:00,8203,9995,1788,2396,20343
2019-01-08T08:00+01:00,8195,10283,1798,2546,20601
2019-01-08T09:00+01:00,8193,10242,1770,2777,20558
2019-01-08T10:00+01:00,8196,10221,1771,2957,20724
2019-01-08T11:00+01:00,8195,10105,1793,3214,20643
2019-01-08T12:00+01:00,8194,9854,1839,3559,20389
2019-01-08T13:00+01:00,8197,9627,1844,3802,20585
2019-01-08T14:00+01:00,8209,9621,1876,4124,20962
2019-01-08T15:00+01:00,8209,9559,1863,4377,21286
2019-01-08T16:00+01:00,8210,9865,1834,4621,21717
2019-01-08T17:00+01:00,8209,9790,1836,4774,21762
2019-01-08T18:00+01:00,8208,9304,1862,4966,21224
2019-01-08T19:00+01:00,8207,8788,1884,5124,20749
2019-01-08T20:00+01:00,8207,8240,1890,5295,20245
2019-01-08T21:00+01:00,8205,7332,1885,5382,19409
2019-01-08T22:00+01:00,8205,6353,1893,5441,18626
2019-01-08T23:00+01:00,8206,5315,1885,5485,17439
2019-01-09T00:00+01:00,8206,4393,1906,5446,16797
2019-01-09T01:00+01:00,8208,4176,1922,5494,16592
2019-01-09T02:00+01:00,8208,4143,1946,5498,16503
2019-01-09T03:00+01:00,8207,4168,1937,5465,16428
2019-01-09T04:00+01:00,8207,4807,1909,5436,16827
2019-01-09T05:00+01:00,8204,5573,1922,5383,17648
2019-01-09T06:00+01:00,8202,7435,1926,5288,19564
2019-01-09T07:00+01:00,8201,9186,1932,5171,21295
2019-01-09T08:00+01:00,8198,9973,1986,5034,21846
2019-01-09T09:00+01:00,8198,10023,1986,4870,21630
2019-01-09T10:00+01:00,8199,10193,1948,4612,21735
2019-01-09T11:00+01:00,8193,10094,1967,4421,21746
2019-01-09T12:00+01:00,8194,9743,1976,4177,21525
2019-01-09T13:00+01:00,8193,9784,1959,3922,21371
2019-01-09T14:00+01:00,8190,10131,1947,3763,21706
2019-01-09T15:00+01:00,8190,10540,1944,3648,22198
2019-01-09T16:00+01:00,8189,11081,2008,3476,22742
2019-01-09T17:00+01:00,8189,11173,2037,3307,22911
2019-01-09T18:00+01:00,8191,11117,2041,3103,22488
2019-01-09T19:00+01:00,8190,11077,2027,2866,22064
2019-01-09T20:00+01:00,8191,10680,2025,2584,21460
2019-01-09T21:00+01:00,8193,9964,2025,2312,20721
2019-01-09T22:00+01:00,8192,8888,2015,2079,19755
2019-01-09T23:00+01:00,8192,7606,2008,1856,18759
2019-01-10T00:00+01:00,8193,5759,2011,1449,17996
2019-01-10T01:00+01:00,8193,5557,2012,1365,17736
2019-01-10T02:00+01:00,8192,5458,2012,1376,17728
2019-01-10T03:00+01:00,8192,5600,2012,1498,17757
2019-01-10T04:00+01:00,8191,6275,2030,1693,18147
2019-01-10T05:00+01:00,8187,7887,2034,1904,18878
2019-01-10T06:00+01:00,8185,9635,2067,2116,20895
2019-01-10T07:00+01:00,8187,10665,2079,2364,22403
2019-01-10T08:00+01:00,8190,10893,2060,2600,22623
2019-01-10T09:00+01:00,8190,10809,2120,2803,22464
2019-01-10T10:00+01:00,8189,10612,2127,2899,22294
2019-01-10T11:00+01:00,8185,10625,2119,3004,22269
2019-01-10T12:00+01:00,8187,10474,2090,3099,22027
2019-01-10T13:00+01:00,8191,10320,2078,3213,21774
2019-01-10T14:00+01:00,8190,10227,2098,3342,21852
2019-01-10T15:00+01:00,8192,10099,2097,3564,22311
2019-01-10T16:00+01:00,8191,10091,2092,3763,22483
2019-01-10T17:00+01:00,8193,9661,2083,3939,22291
2019-01-10T18:00+01:00,8195,9500,2030,4157,21890
2019-01-10T19:00+01:00,8199,9301,2022,4306,21543
2019-01-10T20:00+01:00,8200,9089,1990,4451,20724
2019-01-10T21:00+01:00,8202,8516,1961,4549,19930
2019-01-10T22:00+01:00,8201,7754,1938,4663,18612
2019-01-10T23:00+01:00,8203,6365,1926,4761,17638
2019-01-11T00:00+01:00,8205,4819,1875,4773,16792
2019-01-11T01:00+01:00,8204,4682,1841,4832,16490
2019-01-11T02:00+01:00,8202,4629,1831,4904,16466
2019-01-11T03:00+01:00,8205,4559,1727,4913,16565
2019-01-11T04:00+01:00,8206,5232,1679,4865,16729
2019-01-11T05:00+01:00,8204,6113,1686,4727,17491
2019-01-11T06:00+01:00,8201,8318,1719,4635,19262
2019-01-11T07:00+01:00,8199,9185,1723,4546,20906
2019-01-11T08:00+01:00,8197,9591,1744,4432,21379
2019-01-11T09:00+01:00,8202,9666,1792,4348,21336
2019-01-11T10:00+01:00,8205,9635,1797,4299,21354
2019-01-11T11:00+01:00,8207,9538,1786,4336,21147
2019-01-11T12:00+01:00,8207,9516,1771,4297,20743
2019-01-11T13:00+01:00,8209,9492,1756,4386,20471
2019-01-11T14:00+01:00,8210,9086,1756,4502,20376
2019-01-11T15:00+01:00,8210,9018,1765,4631,20672
2019-01-11T16:00+01:00,8208,9326,1787,4649,21113
2019-01-11T17:00+01:00,8207,9326,1835,4717,21355
2019-01-11T18:00+01:00,8209,9126,1843,4711,20898
2019-01-11T19:00+01:00,8210,9014,1850,4724,20356
2019-01-11T20:00+01:00,8211,8208,1841,4683,19547
2019-01-11T21:00+01:00,8212,7378,1845,4603,18903
2019-01-11T22:00+01:00,8214,6447,1850,4521,18104
2019-01-11T23:00+01:00,8214,5305,1843,4401,17324
2019-01-12T00:00+01:00,8214,4304,1835,4182,16786
2019-01-12T01:00+01:00,8215,4106,1783,3959,16573
2019-01-12T02:00+01:00,8214,4006,1762,3712,16376
2019-01-12T03:00+01:00,8213,3843,1755,3513,16171
2019-01-12T04:00+01:00,8214,3843,1757,3333,16172
2019-01-12T05:00+01:00,8212,4400,1773,3189,16575
2019-01-12T06:00+01:00,8210,5367,1794,3046,17050
2019-01-12T07:00+01:00,8207,6798,1803,2921,17923
2019-01-12T08:00+01:00,7857,7942,1814,2813,18872
2019-01-12T09:00+01:00,7451,8807,1823,2690,19487
2019-01-12T10:00+01:00,7407,9370,1828,2543,19668
2019-01-12T11:00+01:00,7418,9490,1847,2356,19682
2019-01-12T12:00+01:00,7545,9564,1847,2233,19404
2019-01-12T13:00+01:00,7576,9598,1849,2051,19481
2019-01-12T14:00+01:00,7591,9535,1868,1972,19524
2019-01-12T15:00+01:00,7602,9670,1893,1794,19852
2019-01-12T16:00+01:00,7593,10148,1865,1722,20668
2019-01-12T17:00+01:00,7612,10575,1864,1611,20856
2019-01-12T18:00+01:00,7805,10401,1859,1525,20341
2019-01-12T19:00+01:00,7843,10021,1840,1472,19646
2019-01-12T20:00+01:00,7907,9358,1813,1375,18993
2019-01-12T21:00+01:00,7928,8827,1787,1284,18501
2019-01-12T22:00+01:00,7955,8170,1788,1154,17946
2019-01-12T23:00+01:00,8069,7599,1800,1050,17299
2019-01-13T00:00+01:00,8106,5809,1809,929,16525
2019-01-13T01:00+01:00,8106,5506,1807,955,16464
2019-01-13T02:00+01:00,8108,5297,1751,987,16241
2019-01-13T03:00+01:00,8119,5280,1779,1029,16280
2019-01-13T04:00+01:00,8166,5715,1792,1140,16188
2019-01-13T05:00+01:00,8167,6418,1797,1233,16278
2019-01-13T06:00+01:00,8167,6768,1816,1478,16748
2019-01-13T07:00+01:00,8182,7298,1828,1717,17123
2019-01-13T08:00+01:00,8195,7750,1799,1885,17539
2019-01-13T09:00+01:00,8210,8277,1852,1978,18100
2019-01-13T10:00+01:00,8213,8580,1832,2005,18655
2019-01-13T11:00+01:00,8214,8616,1837,1979,18821
2019-01-13T12:00+01:00,8213,8605,1839,2013,18712
2019-01-13T13:00+01:00,8212,8537,1845,2077,18602
2019-01-13T14:00+01:00,8213,8479,1862,2187,18628
2019-01-13T15:00+01:00,8214,8526,1847,2372,19055
2019-01-13T16:00+01:00,8212,8879,1801,2679,19613
2019-01-13T17:00+01:00,8213,8930,1806,3156,19757
2019-01-13T18:00+01:00,8213,8424,1825,3534,19680
2019-01-13T19:00+01:00,8215,7994,1826,3842,19521
2019-01-13T20:00+01:00,8216,7573,1866,4117,18886
2019-01-13T21:00+01:00,8217,6476,1776,4387,18324
2019-01-13T22:00+01:00,8215,5150,1814,4596,17611
2019-01-13T23:00+01:00,8214,4170,1849,4747,16985
2019-01-14T00:00+01:00,8214,3156,1883,5032,17078
2019-01-14T01:00+01:00,8214,2934,1883,5100,17164
2019-01-14T02:00+01:00,8213,2827,1882,5125,17279
2019-01-14T03:00+01:00,8212,3008,1815,5132,17356
2019-01-14T04:00+01:00,8212,3907,1808,5113,17602
2019-01-14T05:00+01:00,8212,5167,1823,5083,18779
2019-01-14T06:00+01:00,8212,8080,1824,5132,20921
2019-01-14T07:00+01:00,8211,10054,1860,5040,22498
2019-01-14T08:00+01:00,8209,10502,1907,5020,22933
2019-01-14T09:00+01:00,8210,10904,1961,5167,22910
2019-01-14T10:00+01:00,8212,10719,1983,5252,22963
2019-01-14T11:00+01:00,8213,10604,2016,5376,22713
2019-01-14T12:00+01:00,8212,9999,1936,5411,22275
2019-01-14T13:00+01:00,8213,9605,1964,5528,21954
2019-01-14T14:00+01:00,8213,9603,1976,5649,21723
2019-01-14T15:00+01:00,8213,9785,1943,5739,22263
2019-01-14T16:00+01:00,8211,10125,1954,5806,22811
2019-01-14T17:00+01:00,8210,10302,1952,5792,23105
2019-01-14T18:00+01:00,8213,9651,1977,5766,22562
2019-01-14T19:00+01:00,8213,9436,2005,5707,22061
2019-01-14T20:00+01:00,8214,8789,2019,5636,21382
2019-01-14T21:00+01:00,8215,7078,1958,5507,20303
2019-01-14T22:00+01:00,8216,5701,1980,5378,19244
2019-01-14T23:00+01:00,8216,4217,1982,5263,18460
2019-01-15T00:00+01:00,8217,3666,1921,5150,17853
2019-01-15T01:00+01:00,8215,3382,1910,5016,17667
2019-01-15T02:00+01:00,8217,3400,1900,4876,17731
2019-01-15T03:00+01:00,8214,3808,1828,4638,17717
2019-01-15T04:00+01:00,8212,4894,1823,4445,17979
2019-01-15T05:00+01:00,8210,6840,1923,4225,18764
2019-01-15T06:00+01:00,8207,9322,1994,3920,21209
2019-01-15T07:00+01:00,8205,10729,2032,3596,23204
2019-01-15T08:00+01:00,8198,11207,2013,3188,23667
2019-01-15T09:00+01:00,8197,11256,2009,2772,23500
2019-01-15T10:00+01:00,8196,11291,2018,2267,23551
2019-01-15T11:00+01:00,8198,11328,2023,1887,23403
2019-01-15T12:00+01:00,8198,11005,2060,1556,22929
2019-01-15T13:00+01:00,8201,10933,2055,1436,22696
2019-01-15T14:00+01:00,8204,10777,2070,1414,22399
2019-01-15T15:00+01:00,8207,10866,2073,1597,22584
2019-01-15T16:00+01:00,8207,11042,2078,1656,22885
2019-01-15T17:00+01:00,8203,11118,2057,1685,23031
2019-01-15T18:00+01:00,8202,10876,2038,1731,23422
2019-01-15T19:00+01:00,8203,10486,2000,1804,23330
2019-01-15T20:00+01:00,8203,10391,1917,1812,22845
2019-01-15T21:00+01:00,8205,9757,1894,1816,22126
2019-01-15T22:00+01:00,8205,8454,1898,1774,20953
2019-01-15T23:00+01:00,8208,7789,1883,1675,20049
2019-01-16T00:00+01:00,8209,5982,1834,1557,17949
2019-01-16T01:00+01:00,8209,5710,1839,1409,17929
2019-01-16T02:00+01:00,8209,5686,1839,1213,17784
2019-01-16T03:00+01:00,8210,5667,1846,989,17918
2019-01-16T04:00+01:00,8208,6747,1897,796,18485
2019-01-16T05:00+01:00,8207,7558,1907,685,19548
2019-01-16T06:00+01:00,8205,9512,1971,631,21440
2019-01-16T07:00+01:00,8203,11039,1996,683,23318
2019-01-16T08:00+01:00,8203,11742,2026,867,23496
2019-01-16T09:00+01:00,8205,11709,2022,1128,23159
2019-01-16T10:00+01:00,8208,11507,1972,1414,22850
2019-01-16T11:00+01:00,8208,11139,1972,1739,22545
2019-01-16T12:00+01:00,8204,10584,1971,2001,22294
2019-01-16T13:00+01:00,8200,10258,1975,2301,22082
2019-01-16T14:00+01:00,8202,9984,1983,2549,21915
2019-01-16T15:00+01:00,8201,10148,1982,2748,22001
2019-01-16T16:00+01:00,8200,10602,1979,3032,22318
2019-01-16T17:00+01:00,8199,10680,1985,3170,22317
2019-01-16T18:00+01:00,8201,10425,1971,3293,22016
2019-01-16T19:00+01:00,8199,10097,1969,3281,21423
2019-01-16T20:00+01:00,8203,9607,1964,3193,20753
2019-01-16T21:00+01:00,8205,8702,1986,3100,19907
2019-01-16T22:00+01:00,8205,7341,1982,3029,18863
2019-01-16T23:00+01:00,8206,5701,1952,3021,17933
2019-01-17T00:00+01:00,8207,4556,1903,2978,17261
2019-01-17T01:00+01:00,8207,4314,1917,2961,17019
2019-01-17T02:00+01:00,8209,4272,1921,2967,17256
2019-01-17T03:00+01:00,8211,4304,1934,2958,17679
2019-01-17T04:00+01:00,8210,4794,1937,2948,18060
2019-01-17T05:00+01:00,8210,6118,1866,2905,18791
2019-01-17T06:00+01:00,8206,8224,1875,2848,21038
2019-01-17T07:00+01:00,8200,10434,1862,2818,23030
2019-01-17T08:00+01:00,8197,11064,1943,2708,23534
2019-01-17T09:00+01:00,8197,11262,1830,2622,23417
2019-01-17T10:00+01:00,8192,11249,1802,2454,23518
2019-01-17T11:00+01:00,8195,11279,1798,2428,23288
2019-01-17T12:00+01:00,8193,11150,1790,2380,23125
2019-01-17T13:00+01:00,8199,11147,1777,2340,22893
2019-01-17T14:00+01:00,8201,11265,1794,2342,22935
2019-01-17T15:00+01:00,8200,11283,1816,2394,23508
2019-01-17T16:00+01:00,8202,11361,1888,2410,24277
2019-01-17T17:00+01:00,8200,11285,1860,2509,24133
2019-01-17T18:00+01:00,8200,11184,1863,2611,23821
2019-01-17T19:00+01:00,8203,10852,1864,2684,23430
2019-01-17T20:00+01:00,8204,9628,1822,2792,22529
2019-01-17T21:00+01:00,8207,8291,1805,2970,21533
2019-01-17T22:00+01:00,8207,7477,1797,3104,20616
2019-01-17T23:00+01:00,8208,6742,1794,3200,19864
2019-01-18T00:00+01:00,8207,5860,1826,3253,19429
2019-01-18T01:00+01:00,8208,5687,1816,3247,18925
2019-01-18T02:00+01:00,8210,5617,1818,3235,18761
2019-01-18T03:00+01:00,8209,5676,1826,3269,18947
2019-01-18T04:00+01:00,8207,5888,1841,3254,19217
2019-01-18T05:00+01:00,8205,7061,1873,3259,20087
2019-01-18T06:00+01:00,8202,9933,1894,3193,22408
2019-01-18T07:00+01:00,8203,11695,1911,3128,24385
2019-01-18T08:00+01:00,8203,11750,1923,3027,24517
2019-01-18T09:00+01:00,8203,11925,1954,2852,24123
2019-01-18T10:00+01:00,8204,11923,1974,2776,23908
2019-01-18T11:00+01:00,8201,11893,1974,2723,23531
2019-01-18T12:00+01:00,8197,11795,1975,2693,23139
2019-01-18T13:00+01:00,8194,11790,1955,2676,22644
2019-01-18T14:00+01:00,8200,11602,1947,2814,22353
2019-01-18T15:00+01:00,8203,11549,1939,3003,22520
2019-01-18T16:00+01:00,8203,11644,1960,3186,23314
2019-01-18T17:00+01:00,8203,11622,1946,3208,23571
2019-01-18T18:00+01:00,8204,11701,1899,3203,23325
2019-01-18T19:00+01:00,8206,11487,1895,3285,22881
2019-01-18T20:00+01:00,8207,10972,1880,3239,21938
2019-01-18T21:00+01:00,8208,10192,1872,3173,21019
2019-01-18T22:00+01:00,8208,8809,1896,3095,20392
2019-01-18T23:00+01:00,8209,7744,1884,2951,19776
2019-01-19T00:00+01:00,8208,6047,1841,2720,19108
2019-01-19T01:00+01:00,8205,5860,1839,2591,18789
2019-01-19T02:00+01:00,8205,5867,1848,2500,18620
2019-01-19T03:00+01:00,8210,5778,1843,2434,18438
2019-01-19T04:00+01:00,8212,5775,1840,2502,18393
2019-01-19T05:00+01:00,8212,6197,1835,2565,18538
2019-01-19T06:00+01:00,8214,7414,1835,2614,19073
2019-01-19T07:00+01:00,8214,9176,1842,2687,20007
2019-01-19T08:00+01:00,8214,9777,1855,2803,20796
2019-01-19T09:00+01:00,8211,10565,1889,2912,21281
2019-01-19T10:00+01:00,8212,10978,1910,3008,21465
2019-01-19T11:00+01:00,8213,10811,1906,3132,21041
2019-01-19T12:00+01:00,8213,10357,1895,3267,20662
2019-01-19T13:00+01:00,8214,10196,1895,3384,20431
2019-01-19T14:00+01:00,8215,10095,1897,3534,19988
2019-01-19T15:00+01:00,8213,10346,1892,3691,20380
2019-01-19T16:00+01:00,8211,11093,1916,3729,21315
2019-01-19T17:00+01:00,8212,11264,1918,3656,21639
2019-01-19T18:00+01:00,8213,11239,1917,3538,21140
2019-01-19T19:00+01:00,8213,10557,1895,3408,20538
2019-01-19T20:00+01:00,8214,9667,1885,3256,19807
2019-01-19T21:00+01:00,8217,8595,1872,3130,19147
2019-01-19T22:00+01:00,8217,7286,1859,3010,18310
2019-01-19T23:00+01:00,8218,6422,1849,2891,17807
2019-01-20T00:00+01:00,8218,5560,1531,2200,17751
2019-01-20T01:00+01:00,8218,5202,1530,2146,17539
2019-01-20T02:00+01:00,8219,5173,1521,2048,17467
2019-01-20T03:00+01:00,8219,5175,1514,1961,17473
2019-01-20T04:00+01:00,8219,5225,1509,1966,17640
2019-01-20T05:00+01:00,8218,5322,1499,1908,17788
2019-01-20T06:00+01:00,8217,6123,1502,1843,18451
2019-01-20T07:00+01:00,8216,6878,1496,1783,19195
2019-01-20T08:00+01:00,8216,8141,1491,1699,19765
2019-01-20T09:00+01:00,8215,8973,1503,1672,20552
2019-01-20T10:00+01:00,8214,9264,1517,1551,21050
2019-01-20T11:00+01:00,8214,9366,1540,1409,21122
2019-01-20T12:00+01:00,8216,9470,1539,1360,21093
2019-01-20T13:00+01:00,8217,9552,1542,1246,20847
2019-01-20T14:00+01:00,8217,9450,1527,1162,20765
2019-01-20T15:00+01:00,8216,9761,1532,1146,20980
2019-01-20T16:00+01:00,8211,10445,1545,1176,22102
2019-01-20T17:00+01:00,8209,10859,1547,1135,22933
2019-01-20T18:00+01:00,8210,10860,1550,1091,22765
2019-01-20T19:00+01:00,8210,10753,1534,1015,22555
2019-01-20T20:00+01:00,8211,10065,1529,880,21950
2019-01-20T21:00+01:00,8212,9053,1459,797,20972
2019-01-20T22:00+01:00,8213,8291,1410,715,20053
2019-01-20T23:00+01:00,8214,6624,1411,651,19368
2019-01-21T00:00+01:00,8214,5917,1221,686,18946
2019-01-21T01:00+01:00,8215,5682,1218,657,18738
2019-01-21T02:00+01:00,8216,5584,1221,631,18716
2019-01-21T03:00+01:00,8212,5636,1223,650,18836
2019-01-21T04:00+01:00,8208,5984,1231,683,19377
2019-01-21T05:00+01:00,8209,7076,1232,721,20104
2019-01-21T06:00+01:00,8207,10567,1305,753,22384
2019-01-21T07:00+01:00,8207,11840,1374,784,24366
2019-01-21T08:00+01:00,8208,12098,1375,820,24646
2019-01-21T09:00+01:00,8210,12099,1376,844,24430
2019-01-21T10:00+01:00,8211,12000,1390,859,24494
2019-01-21T11:00+01:00,8208,11911,1428,846,24414
2019-01-21T12:00+01:00,8209,11896,1440,828,24285
2019-01-21T13:00+01:00,8208,11846,1440,782,23752
2019-01-21T14:00+01:00,8206,11844,1445,788,23735
2019-01-21T15:00+01:00,8206,12043,1435,788,23992
2019-01-21T16:00+01:00,8207,12045,1429,801,24269
2019-01-21T17:00+01:00,8208,12024,1451,722,24562
2019-01-21T18:00+01:00,8210,11978,1457,672,24138
2019-01-21T19:00+01:00,8210,11880,1489,625,23510
2019-01-21T20:00+01:00,8211,11717,1479,580,22668
2019-01-21T21:00+01:00,8213,11058,1451,589,21532
2019-01-21T22:00+01:00,8213,9713,1429,568,20570
2019-01-21T23:00+01:00,8214,8001,1409,512,19344
2019-01-22T00:00+01:00,8215,6237,1748,626,18554
2019-01-22T01:00+01:00,8215,6010,1746,589,18247
2019-01-22T02:00+01:00,8216,5927,1755,552,18035
2019-01-22T03:00+01:00,8214,5797,1756,579,18039
2019-01-22T04:00+01:00,8209,5989,1760,596,18255
2019-01-22T05:00+01:00,8200,7104,1781,632,19327
2019-01-22T06:00+01:00,8197,10357,1848,700,21480
2019-01-22T07:00+01:00,8200,12204,1876,750,23105
2019-01-22T08:00+01:00,8203,12341,1951,795,23163
2019-01-22T09:00+01:00,8206,12335,1980,823,22951
2019-01-22T10:00+01:00,8210,12293,1973,751,22841
2019-01-22T11:00+01:00,8207,12204,1995,678,22675
2019-01-22T12:00+01:00,8208,11992,2009,655,22598
2019-01-22T13:00+01:00,8208,11839,1994,636,22550
2019-01-22T14:00+01:00,8209,11900,2006,602,22616
2019-01-22T15:00+01:00,8209,12090,2012,597,22716
2019-01-22T16:00+01:00,8210,12322,2014,644,23146
2019-01-22T17:00+01:00,8210,12367,2031,695,23473
2019-01-22T18:00+01:00,8212,12318,2043,742,23187
2019-01-22T19:00+01:00,8209,11710,2002,761,22587
2019-01-22T20:00+01:00,8211,10217,1999,808,22025
2019-01-22T21:00+01:00,8213,9269,1933,851,21013
2019-01-22T22:00+01:00,8213,7667,1874,880,19919
2019-01-22T23:00+01:00,8215,6651,1871,910,18823
2019-01-23T00:00+01:00,8216,5946,1892,883,18236
2019-01-23T01:00+01:00,8215,5711,1894,882,17916
2019-01-23T02:00+01:00,8216,5657,1898,918,17804
2019-01-23T03:00+01:00,8217,5628,1897,965,17801
2019-01-23T04:00+01:00,8214,5862,1905,1026,18070
2019-01-23T05:00+01:00,8209,7249,1908,1092,18944
2019-01-23T06:00+01:00,8206,9979,1987,1112,21061
2019-01-23T07:00+01:00,8205,12206,2071,1144,22831
2019-01-23T08:00+01:00,8205,12513,2085,1198,22890
2019-01-23T09:00+01:00,8207,12484,2115,1186,22914
2019-01-23T10:00+01:00,8208,12508,2169,1142,22956
2019-01-23T11:00+01:00,8209,12419,2121,1058,22856
2019-01-23T12:00+01:00,8210,12293,2119,943,22587
2019-01-23T13:00+01:00,8209,12234,2110,872,22382
2019-01-23T14:00+01:00,8211,12204,2109,882,22326
2019-01-23T15:00+01:00,8197,12219,2117,932,22664
2019-01-23T16:00+01:00,7375,12407,2117,973,24496
2019-01-23T17:00+01:00,7235,12522,2131,1033,25083
2019-01-23T18:00+01:00,7221,12542,2124,1078,23855
2019-01-23T19:00+01:00,7207,12205,2130,1052,23200
2019-01-23T20:00+01:00,7205,11456,2099,1145,22690
2019-01-23T21:00+01:00,7190,10775,2067,1139,22126
2019-01-23T22:00+01:00,7041,9037,2053,1103,20922
2019-01-23T23:00+01:00,7140,7810,2054,1068,19946
2019-01-24T00:00+01:00,7278,7238,1965,1061,19260
2019-01-24T01:00+01:00,7337,7013,1926,1027,18846
2019-01-24T02:00+01:00,7443,6880,1900,987,18717
2019-01-24T03:00+01:00,7519,6828,1895,983,18835
2019-01-24T04:00+01:00,7603,7073,1905,981,19297
2019-01-24T05:00+01:00,7796,8086,1941,1019,19966
2019-01-24T06:00+01:00,7804,10713,2009,1036,22268
2019-01-24T07:00+01:00,7804,12835,2107,1083,24289
2019-01-24T08:00+01:00,7803,12981,2120,1120,24233
2019-01-24T09:00+01:00,7807,13017,2231,1178,24074
2019-01-24T10:00+01:00,7808,13051,2233,1226,24045
2019-01-24T11:00+01:00,7880,13057,2227,1178,23787
2019-01-24T12:00+01:00,7921,12794,2229,1140,23319
2019-01-24T13:00+01:00,7922,12554,2227,1087,23067
2019-01-24T14:00+01:00,7978,12593,2233,1088,22972
2019-01-24T15:00+01:00,7982,12543,2219,1114,23121
2019-01-24T16:00+01:00,7981,12843,2238,1217,23727
2019-01-24T17:00+01:00,7982,12895,2251,1256,24171
2019-01-24T18:00+01:00,8036,12784,2163,1301,23648
2019-01-24T19:00+01:00,8041,12347,2154,1281,23136
2019-01-24T20:00+01:00,8042,11602,2126,1285,22311
2019-01-24T21:00+01:00,8042,11082,2111,1321,21406
2019-01-24T22:00+01:00,8094,9679,2062,1260,20163
2019-01-24T23:00+01:00,8102,8351,2041,1204,19411
2019-01-25T00:00+01:00,8102,7075,2011,1261,18972
2019-01-25T01:00+01:00,8103,6814,1996,1195,18617
2019-01-25T02:00+01:00,8155,6531,1971,1138,18404
2019-01-25T03:00+01:00,8162,6362,1977,1098,18364
2019-01-25T04:00+01:00,8160,6697,1990,1041,18720
2019-01-25T05:00+01:00,8157,7937,2017,976,19559
2019-01-25T06:00+01:00,8158,10939,2101,912,21693
2019-01-25T07:00+01:00,8158,12506,2128,872,23017
2019-01-25T08:00+01:00,8157,12685,2121,825,23469
2019-01-25T09:00+01:00,8157,12597,2131,797,23420
2019-01-25T10:00+01:00,8159,12571,2118,728,23465
2019-01-25T11:00+01:00,8162,12588,2109,646,23413
2019-01-25T12:00+01:00,8163,12403,2075,584,23202
2019-01-25T13:00+01:00,8165,12180,2071,516,22743
2019-01-25T14:00+01:00,8167,12067,2079,529,22682
2019-01-25T15:00+01:00,8166,12126,2073,591,22696
2019-01-25T16:00+01:00,8166,12211,2084,607,23300
2019-01-25T17:00+01:00,8164,12262,2136,627,23647
2019-01-25T18:00+01:00,8164,12057,2124,649,23182
2019-01-25T19:00+01:00,8163,11596,2119,670,22512
2019-01-25T20:00+01:00,8165,10768,2110,672,21626
2019-01-25T21:00+01:00,8168,9677,2091,676,20787
2019-01-25T22:00+01:00,8168,8602,2008,688,20108
2019-01-25T23:00+01:00,8167,7202,1977,725,19078
2019-01-26T00:00+01:00,8168,5708,1886,695,18358
2019-01-26T01:00+01:00,8169,5506,1855,717,18056
2019-01-26T02:00+01:00,8169,5422,1846,762,17761
2019-01-26T03:00+01:00,8171,5364,1920,811,17844
2019-01-26T04:00+01:00,8170,5451,1914,823,18040
2019-01-26T05:00+01:00,8170,5643,1906,823,18329
2019-01-26T06:00+01:00,8172,6600,1941,857,18776
2019-01-26T07:00+01:00,8170,7867,1951,881,19645
2019-01-26T08:00+01:00,8166,8903,1968,896,20246
2019-01-26T09:00+01:00,8163,9926,1958,901,21214
2019-01-26T10:00+01:00,8202,10392,1969,861,21698
2019-01-26T11:00+01:00,8205,10675,1974,807,21728
2019-01-26T12:00+01:00,8206,10467,1964,772,21674
2019-01-26T13:00+01:00,8208,10142,1950,787,21430
2019-01-26T14:00+01:00,8207,10028,1947,805,21148
2019-01-26T15:00+01:00,8208,9942,1942,877,21302
2019-01-26T16:00+01:00,8207,10115,1944,962,22079
2019-01-26T17:00+01:00,8203,10426,1935,1039,22533
2019-01-26T18:00+01:00,8204,10413,1953,1150,22181
2019-01-26T19:00+01:00,8207,10087,1932,1223,21544
2019-01-26T20:00+01:00,8208,9379,1978,1278,20946
2019-01-26T21:00+01:00,8209,8691,1974,1343,20137
2019-01-26T22:00+01:00,8209,7657,1946,1430,19557
2019-01-26T23:00+01:00,8210,6651,1922,1503,18818
2019-01-27T00:00+01:00,8211,5754,1761,1768,18624
2019-01-27T01:00+01:00,8212,5433,1758,1866,18415
2019-01-27T02:00+01:00,8213,5394,1747,2004,18341
2019-01-27T03:00+01:00,8214,5371,1738,2183,18288
2019-01-27T04:00+01:00,8214,5381,1726,2356,18400
2019-01-27T05:00+01:00,8213,5576,1764,2451,18621
2019-01-27T06:00+01:00,8212,5920,1775,2527,19174
2019-01-27T07:00+01:00,8209,6892,1800,2617,19823
2019-01-27T08:00+01:00,8202,7649,1815,2677,20268
2019-01-27T09:00+01:00,8201,8145,1822,2756,21012
2019-01-27T10:00+01:00,8203,8666,1834,2762,21499
2019-01-27T11:00+01:00,8203,8777,1838,2758,21572
2019-01-27T12:00+01:00,8207,9041,1826,2774,21581
2019-01-27T13:00+01:00,8209,8949,1824,2794,21407
2019-01-27T14:00+01:00,8209,9006,1822,2838,21343
2019-01-27T15:00+01:00,8209,9181,1810,2875,21530
2019-01-27T16:00+01:00,8210,9377,1811,2901,22283
2019-01-27T17:00+01:00,8208,9402,1808,2895,22542
2019-01-27T18:00+01:00,8207,9416,1797,2930,22500
2019-01-27T19:00+01:00,8209,9409,1777,2938,22061
2019-01-27T20:00+01:00,8211,9154,1775,2916,21261
2019-01-27T21:00+01:00,8211,8580,1780,2934,20611
2019-01-27T22:00+01:00,8212,7871,1788,2961,19892
2019-01-27T23:00+01:00,8214,6858,1819,2896,18845
2019-01-28T00:00+01:00,8216,6164,1904,2842,18452
2019-01-28T01:00+01:00,8216,6106,1894,2780,18267
2019-01-28T02:00+01:00,8216,6071,1886,2649,18196
2019-01-28T03:00+01:00,8218,6067,1894,2616,18289
2019-01-28T04:00+01:00,8217,6357,1893,2554,18666
2019-01-28T05:00+01:00,8215,7094,1888,2429,19596
2019-01-28T06:00+01:00,8214,9445,1924,2349,21384
2019-01-28T07:00+01:00,8210,11828,1932,2233,23360
2019-01-28T08:00+01:00,8207,12119,1936,2158,23475
2019-01-28T09:00+01:00,8209,11917,1940,2015,23108
2019-01-28T10:00+01:00,8207,11653,1948,1918,23002
2019-01-28T11:00+01:00,8208,11516,1934,1751,23036
2019-01-28T12:00+01:00,8209,11326,1927,1642,22842
2019-01-28T13:00+01:00,8208,11176,1928,1506,22660
2019-01-28T14:00+01:00,8208,11304,1933,1422,22753
2019-01-28T15:00+01:00,8207,11421,1916,1440,23050
2019-01-28T16:00+01:00,8208,11816,1860,1349,23394
2019-01-28T17:00+01:00,8208,11894,1864,1247,23582
2019-01-28T18:00+01:00,8211,11978,1868,1161,23260
2019-01-28T19:00+01:00,8214,11374,1859,1085,22535
2019-01-28T20:00+01:00,8215,10608,1850,1027,21881
2019-01-28T21:00+01:00,8216,10190,1832,994,20953
2019-01-28T22:00+01:00,8215,9277,1822,943,19799
2019-01-28T23:00+01:00,8217,7139,1810,933,18781
2019-01-29T00:00+01:00,8218,6557,1850,946,18375
2019-01-29T01:00+01:00,8220,6418,1847,967,18107
2019-01-29T02:00+01:00,8221,6337,1839,1024,18042
2019-01-29T03:00+01:00,8221,6229,1845,1038,18024
2019-01-29T04:00+01:00,8219,6540,1843,1015,18267
2019-01-29T05:00+01:00,8219,7291,1851,1008,19206
2019-01-29T06:00+01:00,8215,10647,1881,983,21360
2019-01-29T07:00+01:00,8213,12409,1910,957,23054
2019-01-29T08:00+01:00,8214,12755,1926,927,23167
2019-01-29T09:00+01:00,8214,12758,1929,860,23235
2019-01-29T10:00+01:00,8208,12782,1901,769,23192
2019-01-29T11:00+01:00,8214,12730,1891,705,23050
2019-01-29T12:00+01:00,8213,12516,1903,672,22805
2019-01-29T13:00+01:00,8213,12496,1884,644,22530
2019-01-29T14:00+01:00,8215,12531,1888,658,22503
2019-01-29T15:00+01:00,8214,12544,1881,669,22724
2019-01-29T16:00+01:00,8213,12632,1880,721,23380
2019-01-29T17:00+01:00,8216,12722,1894,759,24037
2019-01-29T18:00+01:00,8213,12618,1928,813,23839
2019-01-29T19:00+01:00,8212,12417,1878,816,23525
2019-01-29T20:00+01:00,8210,11857,1905,802,22975
2019-01-29T21:00+01:00,8210,10700,1884,811,22047
2019-01-29T22:00+01:00,8214,9213,1854,817,20781
2019-01-29T23:00+01:00,8216,7582,1849,815,19863
2019-01-30T00:00+01:00,8218,6652,1810,797,19583
2019-01-30T01:00+01:00,8220,6400,1850,777,19405
2019-01-30T02:00+01:00,8218,6346,1858,766,19433
2019-01-30T03:00+01:00,8218,6361,1861,766,19481
2019-01-30T04:00+01:00,8219,6595,1865,762,19840
2019-01-30T05:00+01:00,8215,7827,1811,742,20728
2019-01-30T06:00+01:00,8212,10857,1873,733,23056
2019-01-30T07:00+01:00,8212,12316,1898,722,24970
2019-01-30T08:00+01:00,8210,12612,1917,704,25103
2019-01-30T09:00+01:00,8207,12555,1925,671,24862
2019-01-30T10:00+01:00,8187,12729,1918,586,24988
2019-01-30T11:00+01:00,8184,12606,1923,527,24615
2019-01-30T12:00+01:00,8186,12256,1917,466,24091
2019-01-30T13:00+01:00,8188,11862,1972,476,23811
2019-01-30T14:00+01:00,8190,11906,1972,510,23927
2019-01-30T15:00+01:00,8190,11883,1948,608,23887
2019-01-30T16:00+01:00,8191,12211,1936,724,24286
2019-01-30T17:00+01:00,8190,12446,1902,812,24973
2019-01-30T18:00+01:00,8192,12495,1922,908,24769
2019-01-30T19:00+01:00,8191,11981,1911,1047,24198
2019-01-30T20:00+01:00,8194,10654,1914,1155,23416
2019-01-30T21:00+01:00,8197,10021,1911,1233,22438
2019-01-30T22:00+01:00,8193,9132,1903,1253,21423
2019-01-30T23:00+01:00,8194,7830,1907,1319,20331
2019-01-31T00:00+01:00,8194,6760,1876,1301,19516
2019-01-31T01:00+01:00,8195,6678,1870,1422,19245
2019-01-31T02:00+01:00,8190,6521,1868,1471,19068
2019-01-31T03:00+01:00,8186,6567,1881,1490,19270
2019-01-31T04:00+01:00,8193,6724,1887,1535,19491
2019-01-31T05:00+01:00,8193,7668,1905,1602,20563
2019-01-31T06:00+01:00,8191,10122,1908,1643,22740
2019-01-31T07:00+01:00,8191,12007,1944,1680,24228
2019-01-31T08:00+01:00,8191,12271,2024,1706,24315
2019-01-31T09:00+01:00,8190,12259,2055,1751,24297
2019-01-31T10:00+01:00,8191,12242,2065,1759,24334
2019-01-31T11:00+01:00,8193,12090,2046,1770,24126
2019-01-31T12:00+01:00,8194,12028,2045,1779,23971
2019-01-31T13:00+01:00,8194,11813,2070,1768,23516
2019-01-31T14:00+01:00,8197,11666,2105,1746,23321
2019-01-31T15:00+01:00,8196,11725,2098,1853,23633
2019-01-31T16:00+01:00,8197,11957,2073,1872,23934
2019-01-31T17:00+01:00,8196,12052,2055,1892,24531
2019-01-31T18:00+01:00,8196,11862,2061,1856,23981
2019-01-31T19:00+01:00,8195,11476,2057,1829,23226
2019-01-31T20:00+01:00,8196,10817,2039,1788,22524
2019-01-31T21:00+01:00,8199,9650,2019,1758,21487
2019-01-31T22:00+01:00,8201,8942,2004,1710,20289
2019-01-31T23:00+01:00,8203,7734,1996,1678,19273
2019-02-01T00:00+01:00,8203,6547,1912,1662,18519
2019-02-01T01:00+01:00,8202,6328,1882,1624,18272
2019-02-01T02:00+01:00,8203,6297,1860,1641,18130
2019-02-01T03:00+01:00,8205,6321,1862,1641,18220
2019-02-01T04:00+01:00,8204,6563,1870,1653,18526
2019-02-01T05:00+01:00,8204,7667,1875,1730,19413
2019-02-01T06:00+01:00,8202,9473,1912,1753,21318
2019-02-01T07:00+01:00,8201,10662,1936,1806,22995
2019-02-01T08:00+01:00,8199,11306,1993,1845,23325
2019-02-01T09:00+01:00,8196,11589,2009,1884,23346
2019-02-01T10:00+01:00,8198,11455,2044,1898,23496
2019-02-01T11:00+01:00,8198,11168,2039,1923,23246
2019-02-01T12:00+01:00,8196,11011,2038,1936,23074
2019-02-01T13:00+01:00,8197,10949,2044,2027,22812
2019-02-01T14:00+01:00,8200,11096,2038,2049,22553
2019-02-01T15:00+01:00,8201,11163,2042,2091,22495
2019-02-01T16:00+01:00,8197,11497,2059,2135,22911
2019-02-01T17:00+01:00,8198,11569,2067,2164,23627
2019-02-01T18:00+01:00,8200,11438,2058,2170,23004
2019-02-01T19:00+01:00,8200,11052,1991,2120,21906
2019-02-01T20:00+01:00,8204,10654,1993,1895,20823
2019-02-01T21:00+01:00,8201,9923,2046,1909,19973
2019-02-01T22:00+01:00,8203,8951,1995,1893,19074
2019-02-01T23:00+01:00,8206,7473,1988,1989,18355
2019-02-02T00:00+01:00,8205,5481,1955,2266,18137
2019-02-02T01:00+01:00,8201,4972,1955,2214,17903
2019-02-02T02:00+01:00,8200,4909,1947,2194,17693
2019-02-02T03:00+01:00,8196,4884,1924,2214,17691
2019-02-02T04:00+01:00,8196,4889,1930,2235,17774
2019-02-02T05:00+01:00,8199,5072,1919,2240,17908
2019-02-02T06:00+01:00,8198,5705,1902,2211,18394
2019-02-02T07:00+01:00,8198,6565,1901,2164,19020
2019-02-02T08:00+01:00,8198,7894,1909,2169,19725
2019-02-02T09:00+01:00,8194,9191,1904,2213,20601
2019-02-02T10:00+01:00,8192,9506,1924,2188,20907
2019-02-02T11:00+01:00,8193,9584,1964,2198,21130
2019-02-02T12:00+01:00,8193,9524,1969,2215,21237
2019-02-02T13:00+01:00,8193,8860,1966,2271,20859
2019-02-02T14:00+01:00,8197,8296,1953,2320,20726
2019-02-02T15:00+01:00,8198,8468,1946,2376,20770
2019-02-02T16:00+01:00,8187,9181,1945,2429,21413
2019-02-02T17:00+01:00,8162,9677,1953,2474,22178
2019-02-02T18:00+01:00,8148,9687,1969,2472,21975
2019-02-02T19:00+01:00,8177,9194,1973,2412,21447
2019-02-02T20:00+01:00,8190,8367,1984,2419,20518
2019-02-02T21:00+01:00,8195,7338,1936,2416,19741
2019-02-02T22:00+01:00,8199,6529,1930,2449,19270
2019-02-02T23:00+01:00,8200,5862,1933,2492,18453
2019-02-03T00:00+01:00,8200,4926,1917,2512,18064
2019-02-03T01:00+01:00,8200,4838,1906,2563,18032
2019-02-03T02:00+01:00,8201,4738,1903,2611,17871
2019-02-03T03:00+01:00,8200,4698,1908,2707,17881
2019-02-03T04:00+01:00,8200,4699,1871,2771,17914
2019-02-03T05:00+01:00,8201,4927,1882,2758,17989
2019-02-03T06:00+01:00,8203,5140,1939,2790,18538
2019-02-03T07:00+01:00,8205,5917,1967,2856,19121
2019-02-03T08:00+01:00,8202,6390,1976,2871,19724
2019-02-03T09:00+01:00,8203,7191,2017,2788,20574
2019-02-03T10:00+01:00,8202,7831,2015,2721,21188
2019-02-03T11:00+01:00,8201,8155,1962,2607,21591
2019-02-03T12:00+01:00,8201,8491,1963,2446,21706
2019-02-03T13:00+01:00,8200,8318,1923,2360,21431
2019-02-03T14:00+01:00,8201,8343,1914,2326,21385
2019-02-03T15:00+01:00,8200,8587,1908,2247,21385
2019-02-03T16:00+01:00,8199,9136,1903,2200,22165
2019-02-03T17:00+01:00,8197,10026,1867,2182,23325
2019-02-03T18:00+01:00,8196,10462,1860,2113,23419
2019-02-03T19:00+01:00,8197,10468,1875,2022,22835
2019-02-03T20:00+01:00,8199,10108,1863,1947,22242
2019-02-03T21:00+01:00,8200,9084,1848,1810,21375
2019-02-03T22:00+01:00,8201,8120,1754,1748,20547
2019-02-03T23:00+01:00,8203,7114,1750,1710,20101
2019-02-04T00:00+01:00,8202,6371,1789,1498,19659
2019-02-04T01:00+01:00,8201,5981,1788,1447,19324
2019-02-04T02:00+01:00,8202,5941,1770,1457,19235
2019-02-04T03:00+01:00,8203,5939,1775,1411,19148
2019-02-04T04:00+01:00,8203,6449,1794,1448,19443
2019-02-04T05:00+01:00,8201,7715,1824,1447,20324
2019-02-04T06:00+01:00,8200,9739,1896,1466,22462
2019-02-04T07:00+01:00,8199,11709,1942,1520,23961
2019-02-04T08:00+01:00,8199,12069,1947,1513,24233
2019-02-04T09:00+01:00,8200,12072,1937,1547,24227
2019-02-04T10:00+01:00,8201,12103,1936,1607,23958
2019-02-04T11:00+01:00,8194,11220,1973,1636,23630
2019-02-04T12:00+01:00,8196,10745,2033,1718,23318
2019-02-04T13:00+01:00,8197,10613,2014,1831,23111
2019-02-04T14:00+01:00,8193,10689,1975,1947,23046
2019-02-04T15:00+01:00,8190,10665,2026,2146,23131
2019-02-04T16:00+01:00,8191,10956,2048,2364,23356
2019-02-04T17:00+01:00,8194,11048,2078,2479,23937
2019-02-04T18:00+01:00,8214,10993,2080,2585,23397
2019-02-04T19:00+01:00,8215,10176,2105,2672,22731
2019-02-04T20:00+01:00,8216,9276,2101,2750,22146
2019-02-04T21:00+01:00,8218,8620,2078,2822,21230
2019-02-04T22:00+01:00,8218,7664,2053,2782,19915
2019-02-04T23:00+01:00,8217,6692,2053,2772,19029
2019-02-05T00:00+01:00,8219,6007,1971,2776,18418
2019-02-05T01:00+01:00,8218,5833,1933,2730,18174
2019-02-05T02:00+01:00,8217,5782,1950,2653,18109
2019-02-05T03:00+01:00,8218,5752,1947,2526,17999
2019-02-05T04:00+01:00,8219,6168,1909,2442,18233
2019-02-05T05:00+01:00,8217,6749,1937,2405,18837
2019-02-05T06:00+01:00,8215,9090,2055,2401,20763
2019-02-05T07:00+01:00,8049,11259,2070,2398,22674
2019-02-05T08:00+01:00,7908,11514,2043,2349,22681
2019-02-05T09:00+01:00,7902,11515,2053,2304,22597
2019-02-05T10:00+01:00,7901,11457,2089,2312,22696
2019-02-05T11:00+01:00,7897,11346,2087,2239,22660
2019-02-05T12:00+01:00,7900,11222,2067,2151,22290
2019-02-05T13:00+01:00,7959,11216,2055,2081,22122
2019-02-05T14:00+01:00,8153,11240,2035,2082,21864
2019-02-05T15:00+01:00,8178,11230,2025,2102,22039
2019-02-05T16:00+01:00,8205,11417,2006,2114,22230
2019-02-05T17:00+01:00,8209,11659,2035,2160,23052
2019-02-05T18:00+01:00,8211,11576,2022,2147,22659
2019-02-05T19:00+01:00,8211,11386,1965,2131,22052
2019-02-05T20:00+01:00,8214,11044,1913,2100,21383
2019-02-05T21:00+01:00,8216,10562,1911,2080,20566
2019-02-05T22:00+01:00,8219,9147,1846,1945,19529
2019-02-05T23:00+01:00,8219,7696,1795,1870,18682
2019-02-06T00:00+01:00,8219,6774,1795,1869,18420
2019-02-06T01:00+01:00,8220,6587,1795,1719,18296
2019-02-06T02:00+01:00,8220,6466,1783,1609,18574
2019-02-06T03:00+01:00,8219,6446,1774,1486,18652
2019-02-06T04:00+01:00,8218,6883,1762,1367,18959
2019-02-06T05:00+01:00,8217,8131,1787,1386,20024
2019-02-06T06:00+01:00,8215,10540,1793,1412,22051
2019-02-06T07:00+01:00,8214,11868,1809,1438,24017
2019-02-06T08:00+01:00,8212,12043,1811,1469,24214
2019-02-06T09:00+01:00,8212,11942,1796,1415,24105
2019-02-06T10:00+01:00,8213,11819,1778,1420,23831
2019-02-06T11:00+01:00,8214,11752,1814,1469,23618
2019-02-06T12:00+01:00,8211,11697,1876,1582,23372
2019-02-06T13:00+01:00,8208,11665,1873,1714,23208
2019-02-06T14:00+01:00,8212,11611,1884,1949,23248
2019-02-06T15:00+01:00,8210,11648,1935,2189,23544
2019-02-06T16:00+01:00,8210,11640,1936,2338,23666
2019-02-06T17:00+01:00,8210,11639,1928,2544,24068
2019-02-06T18:00+01:00,8212,11625,1918,2727,23651
2019-02-06T19:00+01:00,8199,11547,1894,2765,23040
2019-02-06T20:00+01:00,8193,11247,1892,2740,22145
2019-02-06T21:00+01:00,8195,9760,1868,2709,20809
2019-02-06T22:00+01:00,8196,8428,1807,2656,19527
2019-02-06T23:00+01:00,8211,7350,1799,2616,18428
2019-02-07T00:00+01:00,8218,6084,1747,2465,17538
2019-02-07T01:00+01:00,8220,5692,1715,2359,17220
2019-02-07T02:00+01:00,8221,5629,1685,2225,17038
2019-02-07T03:00+01:00,8219,5616,1684,2108,17031
2019-02-07T04:00+01:00,8216,6028,1675,1943,17319
2019-02-07T05:00+01:00,8215,7077,1693,1821,18038
2019-02-07T06:00+01:00,8212,9571,1738,1778,19788
2019-02-07T07:00+01:00,8210,11147,1757,1764,21395
2019-02-07T08:00+01:00,8211,11431,1770,1761,21551
2019-02-07T09:00+01:00,8211,11295,1758,1674,21589
2019-02-07T10:00+01:00,8211,11149,1769,1595,21624
2019-02-07T11:00+01:00,8209,11004,1763,1617,21823
2019-02-07T12:00+01:00,8209,10954,1728,1543,21846
2019-02-07T13:00+01:00,8210,10796,1739,1452,21601
2019-02-07T14:00+01:00,8209,10595,1755,1485,21382
2019-02-07T15:00+01:00,8210,10494,1750,1579,21400
2019-02-07T16:00+01:00,8208,10671,1752,1701,21810
2019-02-07T17:00+01:00,8210,10965,1790,1746,22321
2019-02-07T18:00+01:00,8210,10993,1787,1913,22109
2019-02-07T19:00+01:00,8213,10402,1750,2105,21236
2019-02-07T20:00+01:00,8215,9762,1716,2343,20319
2019-02-07T21:00+01:00,8215,8917,1664,2614,19320
2019-02-07T22:00+01:00,8216,7465,1640,2825,18395
2019-02-07T23:00+01:00,8217,6517,1648,2999,17668
2019-02-08T00:00+01:00,8220,5764,1684,3298,17234
2019-02-08T01:00+01:00,8219,5396,1684,3401,17052
2019-02-08T02:00+01:00,8221,5256,1694,3376,16988
2019-02-08T03:00+01:00,8220,5254,1699,3366,16969
2019-02-08T04:00+01:00,8221,5594,1731,3396,17426
2019-02-08T05:00+01:00,8220,7094,1730,3360,18284
2019-02-08T06:00+01:00,8218,8828,1781,3330,20129
2019-02-08T07:00+01:00,8217,10763,1818,3228,21594
2019-02-08T08:00+01:00,8215,11357,1813,3104,21615
2019-02-08T09:00+01:00,8212,11314,1840,3001,21556
2019-02-08T10:00+01:00,8213,10708,1843,2921,21271
2019-02-08T11:00+01:00,8214,10370,1851,2911,21031
2019-02-08T12:00+01:00,8216,10200,1822,2874,20697
2019-02-08T13:00+01:00,8215,9814,1800,2814,20403
2019-02-08T14:00+01:00,8217,9843,1801,2786,20250
2019-02-08T15:00+01:00,8219,9817,1749,2773,20267
2019-02-08T16:00+01:00,8218,9891,1752,2789,20526
2019-02-08T17:00+01:00,8216,9925,1703,2834,21156
2019-02-08T18:00+01:00,8217,10039,1696,2906,20863
2019-02-08T19:00+01:00,8221,9585,1608,2953,19911
2019-02-08T20:00+01:00,8222,8452,1597,3005,18847
2019-02-08T21:00+01:00,8223,7624,1674,3072,18201
2019-02-08T22:00+01:00,8223,6470,1660,3098,17523
2019-02-08T23:00+01:00,8223,5633,1659,3121,16695
2019-02-09T00:00+01:00,8224,3891,1605,3201,16251
2019-02-09T01:00+01:00,8223,3602,1594,3242,16028
2019-02-09T02:00+01:00,8219,3458,1593,3253,15849
2019-02-09T03:00+01:00,8215,3385,1588,3319,15824
2019-02-09T04:00+01:00,8215,3430,1597,3364,15998
2019-02-09T05:00+01:00,8215,3709,1594,3361,16146
2019-02-09T06:00+01:00,8216,4566,1600,3378,16679
2019-02-09T07:00+01:00,8217,5105,1606,3406,17280
2019-02-09T08:00+01:00,8218,6193,1603,3348,17933
2019-02-09T09:00+01:00,8216,6665,1599,3232,18570
2019-02-09T10:00+01:00,8216,7089,1581,3132,18905
2019-02-09T11:00+01:00,8216,7149,1586,3031,18961
2019-02-09T12:00+01:00,8216,7100,1585,2909,18928
2019-02-09T13:00+01:00,8218,7048,1585,2908,18822
2019-02-09T14:00+01:00,8217,7135,1592,2931,18606
2019-02-09T15:00+01:00,8214,7060,1592,3031,18560
2019-02-09T16:00+01:00,8213,7119,1590,3178,18942
2019-02-09T17:00+01:00,8211,7223,1602,3357,19614
2019-02-09T18:00+01:00,8211,7519,1646,3492,19386
2019-02-09T19:00+01:00,8212,7406,1654,3608,18809
2019-02-09T20:00+01:00,8211,6958,1679,3646,18279
2019-02-09T21:00+01:00,8211,5326,1639,3697,17647
2019-02-09T22:00+01:00,8214,4443,1538,3752,16984
2019-02-09T23:00+01:00,8216,3955,1515,3754,16585
2019-02-10T00:00+01:00,8215,3369,1466,3784,16244
2019-02-10T01:00+01:00,8215,2948,1437,3767,15857
2019-02-10T02:00+01:00,8217,2858,1431,3710,15706
2019-02-10T03:00+01:00,8219,2850,1477,3647,15635
2019-02-10T04:00+01:00,8218,2948,1481,3556,15686
2019-02-10T05:00+01:00,8218,3243,1500,3446,15954
2019-02-10T06:00+01:00,8218,3764,1522,3367,16383
2019-02-10T07:00+01:00,8221,4360,1520,3245,16748
2019-02-10T08:00+01:00,8220,4892,1523,3171,17120
2019-02-10T09:00+01:00,8220,5648,1527,3091,17796
2019-02-10T10:00+01:00,8220,6322,1513,2973,17885
2019-02-10T11:00+01:00,8221,6663,1475,2817,17918
2019-02-10T12:00+01:00,8222,7015,1490,2644,18065
2019-02-10T13:00+01:00,8220,7126,1495,2419,17939
2019-02-10T14:00+01:00,8220,7311,1507,2210,17998
2019-02-10T15:00+01:00,8217,7394,1542,1961,17984
2019-02-10T16:00+01:00,8208,7754,1551,1743,18598
2019-02-10T17:00+01:00,8188,8125,1571,1510,19307
2019-02-10T18:00+01:00,8157,8222,1601,1328,19320
2019-02-10T19:00+01:00,8175,8265,1621,1238,18856
2019-02-10T20:00+01:00,8204,7756,1607,1149,18218
2019-02-10T21:00+01:00,8213,7365,1578,1143,17533
2019-02-10T22:00+01:00,8217,6266,1562,1194,16994
2019-02-10T23:00+01:00,8218,5846,1558,1340,16428
2019-02-11T00:00+01:00,8220,4983,1513,1291,15995
2019-02-11T01:00+01:00,8218,4934,1549,1505,15753
2019-02-11T02:00+01:00,8219,4893,1556,1799,15577
2019-02-11T03:00+01:00,8218,5022,1592,2075,15978
2019-02-11T04:00+01:00,8217,5585,1587,2291,16146
2019-02-11T05:00+01:00,8219,6638,1587,2582,16963
2019-02-11T06:00+01:00,8217,8693,1578,2974,18998
2019-02-11T07:00+01:00,8215,10181,1624,3329,20707
2019-02-11T08:00+01:00,8212,10403,1627,3540,20942
2019-02-11T09:00+01:00,8210,10487,1664,3774,21067
2019-02-11T10:00+01:00,8215,10469,1688,3875,21214
2019-02-11T11:00+01:00,8214,10454,1697,3903,21234
2019-02-11T12:00+01:00,8212,10157,1699,3866,21039
2019-02-11T13:00+01:00,8212,9803,1703,3943,20803
2019-02-11T14:00+01:00,8213,9864,1702,4030,20727
2019-02-11T15:00+01:00,8214,9800,1653,4222,20715
2019-02-11T16:00+01:00,8214,9878,1663,4344,20948
2019-02-11T17:00+01:00,8212,10289,1649,4515,21883
2019-02-11T18:00+01:00,8211,10067,1670,4630,21530
2019-02-11T19:00+01:00,8213,9625,1668,4852,21026
2019-02-11T20:00+01:00,8215,8661,1678,4896,20337
2019-02-11T21:00+01:00,8217,7663,1670,4948,19675
2019-02-11T22:00+01:00,8215,6623,1644,4953,18642
2019-02-11T23:00+01:00,8217,5161,1607,4958,17890
2019-02-12T00:00+01:00,8218,4233,1672,4807,17265
2019-02-12T01:00+01:00,8218,4071,1632,4661,16937
2019-02-12T02:00+01:00,8218,4064,1623,4639,16875
2019-02-12T03:00+01:00,8219,4084,1647,4553,17066
2019-02-12T04:00+01:00,8219,4738,1656,4534,17381
2019-02-12T05:00+01:00,8218,6676,1669,4448,18467
2019-02-12T06:00+01:00,8215,9247,1684,4279,20434
2019-02-12T07:00+01:00,8212,10557,1745,4161,22250
2019-02-12T08:00+01:00,8210,10882,1778,3930,22207
2019-02-12T09:00+01:00,8210,10831,1769,3645,22141
2019-02-12T10:00+01:00,8206,10891,1798,3425,22023
2019-02-12T11:00+01:00,8213,10781,1765,3127,21545
2019-02-12T12:00+01:00,8211,10279,1757,2871,20913
2019-02-12T13:00+01:00,8210,10246,1722,2740,20286
2019-02-12T14:00+01:00,8211,10226,1714,2814,20292
2019-02-12T15:00+01:00,8210,10466,1714,2933,20652
2019-02-12T16:00+01:00,8208,10689,1670,3096,21181
2019-02-12T17:00+01:00,8210,10878,1667,3209,21820
2019-02-12T18:00+01:00,8208,10568,1704,3280,21427
2019-02-12T19:00+01:00,8206,10363,1705,3324,21008
2019-02-12T20:00+01:00,8208,9743,1671,3338,20269
2019-02-12T21:00+01:00,8208,8961,1633,3332,19187
2019-02-12T22:00+01:00,8211,7420,1629,3342,18063
2019-02-12T23:00+01:00,8212,5902,1626,3380,17200
2019-02-13T00:00+01:00,8214,5050,1620,3924,17137
2019-02-13T01:00+01:00,8214,4692,1579,4111,16594
2019-02-13T02:00+01:00,8213,4549,1526,4313,16305
2019-02-13T03:00+01:00,8212,4561,1487,4441,15953
2019-02-13T04:00+01:00,8211,5132,1477,4540,15997
2019-02-13T05:00+01:00,8211,6729,1492,4744,16674
2019-02-13T06:00+01:00,8211,9057,1559,4905,18562
2019-02-13T07:00+01:00,8207,10561,1612,4969,20029
2019-02-13T08:00+01:00,8204,10339,1697,4803,20101
2019-02-13T09:00+01:00,8206,10360,1744,4640,19927
2019-02-13T10:00+01:00,8208,10114,1754,4464,19612
2019-02-13T11:00+01:00,8211,9776,1733,4468,19370
2019-02-13T12:00+01:00,8212,9280,1679,4337,18904
2019-02-13T13:00+01:00,8215,9294,1648,4222,18815
2019-02-13T14:00+01:00,8213,9437,1623,4218,18827
2019-02-13T15:00+01:00,8209,9691,1606,4154,19181
2019-02-13T16:00+01:00,8209,9938,1589,4099,19226
2019-02-13T17:00+01:00,8211,10123,1653,4149,20444
2019-02-13T18:00+01:00,8211,10026,1663,4182,20229
2019-02-13T19:00+01:00,8209,10009,1668,4059,19815
2019-02-13T20:00+01:00,8211,9817,1694,3783,19394
2019-02-13T21:00+01:00,8215,8802,1695,3393,18399
2019-02-13T22:00+01:00,8217,7525,1667,3064,17540
2019-02-13T23:00+01:00,8219,6494,1611,2932,16841
2019-02-14T00:00+01:00,8220,4856,1487,2871,15727
2019-02-14T01:00+01:00,8219,4595,1413,2829,15504
2019-02-14T02:00+01:00,8221,4603,1425,2882,15518
2019-02-14T03:00+01:00,8220,4686,1421,2954,15426
2019-02-14T04:00+01:00,8219,5325,1426,3144,15506
2019-02-14T05:00+01:00,8217,7404,1438,3350,16402
2019-02-14T06:00+01:00,8213,9620,1464,3484,18312
2019-02-14T07:00+01:00,8212,10407,1456,3703,19775
2019-02-14T08:00+01:00,7874,10650,1499,3904,19891
2019-02-14T09:00+01:00,7701,10670,1527,4066,20075
2019-02-14T10:00+01:00,7696,10243,1517,4214,20051
2019-02-14T11:00+01:00,7695,10190,1486,4372,19903
2019-02-14T12:00+01:00,7691,9679,1490,4612,19448
2019-02-14T13:00+01:00,7701,9626,1474,4664,19134
2019-02-14T14:00+01:00,7726,9709,1533,4891,19258
2019-02-14T15:00+01:00,7902,9717,1527,4943,19290
2019-02-14T16:00+01:00,8108,9803,1570,5021,19443
2019-02-14T17:00+01:00,8167,9718,1574,5053,20239
2019-02-14T18:00+01:00,8173,9669,1577,5046,20084
2019-02-14T19:00+01:00,8175,9654,1594,4967,19824
2019-02-14T20:00+01:00,8182,9500,1548,4866,19147
2019-02-14T21:00+01:00,8211,8935,1532,4805,18254
2019-02-14T22:00+01:00,8215,7439,1519,4781,17337
2019-02-14T23:00+01:00,8216,6151,1503,4713,16466
2019-02-15T00:00+01:00,8216,4661,1482,4679,15732
2019-02-15T01:00+01:00,8215,4296,1480,4574,15468
2019-02-15T02:00+01:00,8215,4181,1455,4535,15339
2019-02-15T03:00+01:00,8215,4103,1444,4499,15241
2019-02-15T04:00+01:00,8217,4934,1448,4448,15470
2019-02-15T05:00+01:00,8214,7271,1460,4439,16372
2019-02-15T06:00+01:00,8209,9754,1498,4393,18205
2019-02-15T07:00+01:00,8209,10601,1508,4351,19772
2019-02-15T08:00+01:00,8210,10820,1570,4261,20064
2019-02-15T09:00+01:00,8209,10830,1559,4068,19912
2019-02-15T10:00+01:00,8212,10848,1554,3876,20054
2019-02-15T11:00+01:00,8212,10601,1555,3662,19793
2019-02-15T12:00+01:00,8214,10275,1569,3395,19244
2019-02-15T13:00+01:00,8215,10003,1567,3195,18557
2019-02-15T14:00+01:00,8215,10150,1571,3108,18347
2019-02-15T15:00+01:00,8213,10560,1572,3127,18683
2019-02-15T16:00+01:00,8210,10660,1576,3235,19031
2019-02-15T17:00+01:00,8208,10810,1575,3409,19875
2019-02-15T18:00+01:00,8208,10567,1577,3563,19631
2019-02-15T19:00+01:00,8209,10465,1592,3700,18795
2019-02-15T20:00+01:00,8211,10112,1560,3865,17892
2019-02-15T21:00+01:00,8214,8699,1563,4112,16931
2019-02-15T22:00+01:00,8215,7240,1570,4276,16337
2019-02-15T23:00+01:00,8215,5314,1552,4430,15574
2019-02-16T00:00+01:00,8215,3675,1494,4402,15131
2019-02-16T01:00+01:00,8216,3388,1489,4532,15046
2019-02-16T02:00+01:00,8216,3234,1449,4687,14876
2019-02-16T03:00+01:00,8217,3177,1454,4818,14846
2019-02-16T04:00+01:00,8217,3160,1448,4999,15090
2019-02-16T05:00+01:00,8216,3236,1439,5128,15298
2019-02-16T06:00+01:00,8214,3482,1439,5165,15765
2019-02-16T07:00+01:00,8215,4428,1467,5174,16438
2019-02-16T08:00+01:00,8214,5615,1473,5168,16929
2019-02-16T09:00+01:00,8213,5998,1510,5084,17478
2019-02-16T10:00+01:00,8214,6279,1521,4918,17500
2019-02-16T11:00+01:00,8214,6245,1504,4784,17428
2019-02-16T12:00+01:00,8214,5957,1499,4655,16912
2019-02-16T13:00+01:00,8215,5725,1462,4623,16651
2019-02-16T14:00+01:00,8216,5631,1440,4632,16545
2019-02-16T15:00+01:00,8216,5890,1427,4684,16611
2019-02-16T16:00+01:00,8217,6894,1419,4758,17361
2019-02-16T17:00+01:00,8214,8220,1432,4743,18363
2019-02-16T18:00+01:00,8213,8242,1439,4761,18504
2019-02-16T19:00+01:00,8213,7919,1451,4707,18025
2019-02-16T20:00+01:00,8212,7334,1444,4596,17494
2019-02-16T21:00+01:00,8214,6096,1446,4441,16728
2019-02-16T22:00+01:00,8216,4670,1422,4289,16184
2019-02-16T23:00+01:00,8214,4089,1410,4156,15725
2019-02-17T00:00+01:00,8213,3262,1380,3985,15240
2019-02-17T01:00+01:00,8215,3083,1388,3890,15028
2019-02-17T02:00+01:00,8215,3084,1364,3709,14984
2019-02-17T03:00+01:00,8217,3072,1390,3534,15030
2019-02-17T04:00+01:00,8213,3122,1396,3298,15104
2019-02-17T05:00+01:00,8214,3323,1373,3015,15281
2019-02-17T06:00+01:00,8216,3660,1406,2771,15857
2019-02-17T07:00+01:00,8215,4646,1417,2443,16160
2019-02-17T08:00+01:00,8216,5837,1437,2041,16733
2019-02-17T09:00+01:00,8212,7285,1536,1661,17466
2019-02-17T10:00+01:00,8213,7990,1505,1245,17771
2019-02-17T11:00+01:00,8214,8326,1507,863,17794
2019-02-17T12:00+01:00,8213,8599,1481,638,17719
2019-02-17T13:00+01:00,8214,8615,1462,455,17438
2019-02-17T14:00+01:00,8214,8601,1460,370,17254
2019-02-17T15:00+01:00,8214,8652,1450,397,17354
2019-02-17T16:00+01:00,8213,8912,1458,493,17806
2019-02-17T17:00+01:00,8209,9650,1405,748,18747
2019-02-17T18:00+01:00,8207,10159,1436,1091,18881
2019-02-17T19:00+01:00,8208,10025,1441,1460,18443
2019-02-17T20:00+01:00,8208,9253,1462,1827,17745
2019-02-17T21:00+01:00,8209,8399,1473,2243,17039
2019-02-17T22:00+01:00,8210,6910,1449,2503,16448
2019-02-17T23:00+01:00,8207,5212,1410,2738,15746
2019-02-18T00:00+01:00,8207,4319,1364,2938,15391
2019-02-18T01:00+01:00,8208,4031,1361,3112,15079
2019-02-18T02:00+01:00,8211,4005,1360,3301,15104
2019-02-18T03:00+01:00,8212,4029,1368,3419,15165
2019-02-18T04:00+01:00,8212,4612,1361,3519,15455
2019-02-18T05:00+01:00,8212,6059,1372,3584,16234
2019-02-18T06:00+01:00,8208,9085,1457,3601,18244
2019-02-18T07:00+01:00,8207,10894,1495,3513,19599
2019-02-18T08:00+01:00,8208,11110,1477,3332,19855
2019-02-18T09:00+01:00,8208,11203,1557,3217,20080
2019-02-18T10:00+01:00,8208,11105,1587,3044,20196
2019-02-18T11:00+01:00,8209,10858,1637,2946,20209
2019-02-18T12:00+01:00,8210,10454,1612,2759,19593
2019-02-18T13:00+01:00,8209,10095,1542,2678,19323
2019-02-18T14:00+01:00,8204,10511,1538,2722,19387
2019-02-18T15:00+01:00,8201,10839,1510,2734,19163
2019-02-18T16:00+01:00,8202,11076,1547,2888,19450
2019-02-18T17:00+01:00,8205,11129,1543,3084,20128
2019-02-18T18:00+01:00,8206,11008,1559,3264,19986
2019-02-18T19:00+01:00,8207,10668,1559,3460,19623
2019-02-18T20:00+01:00,8208,10081,1545,3626,18944
2019-02-18T21:00+01:00,8212,9002,1468,3739,17882
2019-02-18T22:00+01:00,8214,7478,1425,3792,16744
2019-02-18T23:00+01:00,8214,5523,1415,3811,15747
2019-02-19T00:00+01:00,8215,4053,1344,3707,14988
2019-02-19T01:00+01:00,8215,3893,1306,3689,14895
2019-02-19T02:00+01:00,8213,3910,1303,3582,15017
2019-02-19T03:00+01:00,8211,3931,1310,3471,15158
2019-02-19T04:00+01:00,8209,4428,1324,3416,15465
2019-02-19T05:00+01:00,8209,6118,1332,3394,16331
2019-02-19T06:00+01:00,8207,8988,1404,3295,18042
2019-02-19T07:00+01:00,8207,10461,1498,3282,19227
2019-02-19T08:00+01:00,8208,10548,1491,3238,19461
2019-02-19T09:00+01:00,8215,10128,1546,3331,19486
2019-02-19T10:00+01:00,8213,9628,1516,3295,19247
2019-02-19T11:00+01:00,8216,9176,1466,3252,19136
2019-02-19T12:00+01:00,8219,8918,1472,3266,19216
2019-02-19T13:00+01:00,8214,8804,1493,3265,19210
2019-02-19T14:00+01:00,8208,9020,1513,3332,19281
2019-02-19T15:00+01:00,8206,9025,1510,3397,19332
2019-02-19T16:00+01:00,8206,9300,1469,3587,19248
2019-02-19T17:00+01:00,8204,10299,1456,3986,20161
2019-02-19T18:00+01:00,8207,10094,1446,4340,19766
2019-02-19T19:00+01:00,8205,9864,1458,4552,19202
2019-02-19T20:00+01:00,8206,9122,1465,4898,18725
2019-02-19T21:00+01:00,8210,7083,1464,5080,17681
2019-02-19T22:00+01:00,8213,5654,1439,5282,16943
2019-02-19T23:00+01:00,8213,4388,1446,5426,16051
2019-02-20T00:00+01:00,8213,3608,1400,5528,15778
2019-02-20T01:00+01:00,8213,3523,1418,5523,15709
2019-02-20T02:00+01:00,8215,3511,1435,5503,15758
2019-02-20T03:00+01:00,8214,3641,1450,5432,15886
2019-02-20T04:00+01:00,8214,4292,1471,5326,16235
2019-02-20T05:00+01:00,8214,6150,1524,5205,17227
2019-02-20T06:00+01:00,8213,9094,1565,5001,19410
2019-02-20T07:00+01:00,8212,10570,1581,4694,20714
2019-02-20T08:00+01:00,8211,10974,1651,4195,21048
2019-02-20T09:00+01:00,8212,11075,1663,3739,20783
2019-02-20T10:00+01:00,8210,11084,1612,3269,20435
2019-02-20T11:00+01:00,8214,11092,1620,2888,20148
2019-02-20T12:00+01:00,8213,10899,1525,2586,20017
2019-02-20T13:00+01:00,8214,10872,1481,2224,19719
2019-02-20T14:00+01:00,8214,10992,1442,1903,19565
2019-02-20T15:00+01:00,8209,10992,1431,1610,19962
2019-02-20T16:00+01:00,8211,11246,1418,1413,20446
2019-02-20T17:00+01:00,8208,11585,1417,1280,21336
2019-02-20T18:00+01:00,8205,11556,1429,1231,21280
2019-02-20T19:00+01:00,8208,11406,1434,1239,20928
2019-02-20T20:00+01:00,8209,10954,1431,1199,20444
2019-02-20T21:00+01:00,8209,10248,1426,1130,19565
2019-02-20T22:00+01:00,8212,9191,1410,1063,18453
2019-02-20T23:00+01:00,8213,7667,1392,1064,17532
2019-02-21T00:00+01:00,8212,6225,1421,1130,16852
2019-02-21T01:00+01:00,8213,6024,1423,1183,16381
2019-02-21T02:00+01:00,8211,6051,1418,1263,16302
2019-02-21T03:00+01:00,8211,6122,1433,1378,16255
2019-02-21T04:00+01:00,8211,6685,1447,1536,16512
2019-02-21T05:00+01:00,8207,8254,1649,1641,17727
2019-02-21T06:00+01:00,8201,10578,1552,1756,19698
2019-02-21T07:00+01:00,8200,11651,1564,1817,21146
2019-02-21T08:00+01:00,8200,11916,1561,1809,21443
2019-02-21T09:00+01:00,8198,11985,1580,1769,21309
2019-02-21T10:00+01:00,8202,11928,1547,1749,21138
2019-02-21T11:00+01:00,8197,11521,1539,1744,21300
2019-02-21T12:00+01:00,8195,11371,1540,1667,21047
2019-02-21T13:00+01:00,8195,11346,1537,1628,20974
2019-02-21T14:00+01:00,8196,11477,1549,1600,21001
2019-02-21T15:00+01:00,8193,11526,1602,1591,21166
2019-02-21T16:00+01:00,8194,11705,1648,1643,21251
2019-02-21T17:00+01:00,8199,11948,1649,1728,22102
2019-02-21T18:00+01:00,8202,11874,1657,1831,21762
2019-02-21T19:00+01:00,8203,11751,1652,1971,21331
2019-02-21T20:00+01:00,8205,11564,1680,2150,20656
2019-02-21T21:00+01:00,8210,11128,1675,2335,20018
2019-02-21T22:00+01:00,8211,10408,1720,2449,19370
2019-02-21T23:00+01:00,8212,8778,1733,2497,18136
2019-02-22T00:00+01:00,8211,6930,1741,2608,17591
2019-02-22T01:00+01:00,8211,6617,1714,2623,17539
2019-02-22T02:00+01:00,8212,6486,1707,2665,17575
2019-02-22T03:00+01:00,8213,6476,1692,2705,17686
2019-02-22T04:00+01:00,8211,6944,1677,2737,18208
2019-02-22T05:00+01:00,8207,8713,1703,2826,19297
2019-02-22T06:00+01:00,8203,10401,1745,2861,21562
2019-02-22T07:00+01:00,8203,11585,1773,2903,22857
2019-02-22T08:00+01:00,8204,11767,1820,2862,23249
2019-02-22T09:00+01:00,8203,11579,1831,2902,22864
2019-02-22T10:00+01:00,8205,11565,1796,2887,22148
2019-02-22T11:00+01:00,8208,11490,1834,2881,21677
2019-02-22T12:00+01:00,8209,11409,1845,2832,21267
2019-02-22T13:00+01:00,8210,11263,1806,2821,21010
2019-02-22T14:00+01:00,8210,11169,1781,2833,20740
2019-02-22T15:00+01:00,8209,11200,1753,2884,20543
2019-02-22T16:00+01:00,8207,11111,1731,2913,20675
2019-02-22T17:00+01:00,8205,11081,1763,3087,21504
2019-02-22T18:00+01:00,8205,11083,1751,3263,21391
2019-02-22T19:00+01:00,8206,10995,1757,3436,20477
2019-02-22T20:00+01:00,8207,10802,1753,3620,19573
2019-02-22T21:00+01:00,8211,10348,1772,3829,18601
2019-02-22T22:00+01:00,8210,9138,1750,4005,17790
2019-02-22T23:00+01:00,8211,7248,1728,4244,17025
2019-02-23T00:00+01:00,8214,5264,1648,4501,16417
2019-02-23T01:00+01:00,8213,4797,1674,4532,16070
2019-02-23T02:00+01:00,8214,4729,1660,4590,16019
2019-02-23T03:00+01:00,8213,4697,1655,4604,15869
2019-02-23T04:00+01:00,8214,4698,1669,4562,15790
2019-02-23T05:00+01:00,8214,5002,1671,4463,15914
2019-02-23T06:00+01:00,8214,5884,1676,4372,16544
2019-02-23T07:00+01:00,8213,7522,1672,4221,17100
2019-02-23T08:00+01:00,8214,8941,1666,4009,17917
2019-02-23T09:00+01:00,8211,9016,1666,3692,18476
2019-02-23T10:00+01:00,8213,8501,1649,3424,18560
2019-02-23T11:00+01:00,8212,8203,1654,3163,18197
2019-02-23T12:00+01:00,8211,7953,1632,2963,17563
2019-02-23T13:00+01:00,8212,7373,1612,2868,17277
2019-02-23T14:00+01:00,8212,7174,1626,3069,17507
2019-02-23T15:00+01:00,8210,7388,1620,3180,17495
2019-02-23T16:00+01:00,8210,9095,1619,3207,17913
2019-02-23T17:00+01:00,8205,10326,1602,3429,18496
2019-02-23T18:00+01:00,8206,10463,1581,3655,18653
2019-02-23T19:00+01:00,8208,10143,1617,3736,18164
2019-02-23T20:00+01:00,8209,9450,1638,3741,17396
2019-02-23T21:00+01:00,8211,8344,1628,3709,16718
2019-02-23T22:00+01:00,8212,7946,1637,3623,16462
2019-02-23T23:00+01:00,8212,6298,1627,3572,15792
2019-02-24T00:00+01:00,8212,4378,1477,3572,15329
2019-02-24T01:00+01:00,8213,4086,1466,3529,15014
2019-02-24T02:00+01:00,8213,3926,1462,3607,14654
2019-02-24T03:00+01:00,8212,3827,1503,3666,14647
2019-02-24T04:00+01:00,8211,3899,1503,3881,14953
2019-02-24T05:00+01:00,8209,4049,1487,4145,15054
2019-02-24T06:00+01:00,8212,4322,1483,4420,15399
2019-02-24T07:00+01:00,8214,4758,1496,4565,15512
2019-02-24T08:00+01:00,8213,5747,1508,4607,16189
2019-02-24T09:00+01:00,8212,6195,1533,4509,16722
2019-02-24T10:00+01:00,8209,5846,1468,4412,16758
2019-02-24T11:00+01:00,8210,5715,1469,4333,16727
2019-02-24T12:00+01:00,8212,5727,1451,4206,16322
2019-02-24T13:00+01:00,8211,5507,1472,4127,16262
2019-02-24T14:00+01:00,8212,5400,1476,4155,16364
2019-02-24T15:00+01:00,8212,5442,1468,4169,16280
2019-02-24T16:00+01:00,8211,5998,1461,4215,17061
2019-02-24T17:00+01:00,8209,8980,1460,4236,18399
2019-02-24T18:00+01:00,8208,9383,1480,4234,18893
2019-02-24T19:00+01:00,8206,9164,1504,4173,18727
2019-02-24T20:00+01:00,8206,8395,1521,4170,18414
2019-02-24T21:00+01:00,8207,7852,1508,4039,17676
2019-02-24T22:00+01:00,8205,6961,1524,4020,17023
2019-02-24T23:00+01:00,8207,5791,1469,3912,15996
2019-02-25T00:00+01:00,8210,4788,1473,3851,15716
2019-02-25T01:00+01:00,8210,4462,1430,3835,15455
2019-02-25T02:00+01:00,8213,4394,1437,3793,15411
2019-02-25T03:00+01:00,8215,4459,1435,3785,15444
2019-02-25T04:00+01:00,8216,4883,1443,3735,15562
2019-02-25T05:00+01:00,8215,7315,1450,3681,16448
2019-02-25T06:00+01:00,8209,9831,1474,3636,18712
2019-02-25T07:00+01:00,8204,10710,1534,3420,19963
2019-02-25T08:00+01:00,8204,10942,1556,3047,20222
2019-02-25T09:00+01:00,8203,10991,1625,2669,19957
2019-02-25T10:00+01:00,8199,10922,1654,2508,19631
2019-02-25T11:00+01:00,8201,10772,1555,2363,19387
2019-02-25T12:00+01:00,8205,10194,1503,2300,18931
2019-02-25T13:00+01:00,8205,9963,1474,2238,18718
2019-02-25T14:00+01:00,8203,10136,1380,2323,18580
2019-02-25T15:00+01:00,8204,10903,1354,2457,18519
2019-02-25T16:00+01:00,8206,10972,1340,2777,18501
2019-02-25T17:00+01:00,8211,10973,1339,3153,19034
2019-02-25T18:00+01:00,8212,10859,1419,3421,19125
2019-02-25T19:00+01:00,8212,10752,1426,3590,18670
2019-02-25T20:00+01:00,8212,10412,1435,3765,18047
2019-02-25T21:00+01:00,8213,9594,1421,3809,17376
2019-02-25T22:00+01:00,8208,8679,1409,3754,16426
2019-02-25T23:00+01:00,8209,7333,1367,3723,15659
2019-02-26T00:00+01:00,8212,4894,1375,4037,15504
2019-02-26T01:00+01:00,8212,4579,1345,4007,15163
2019-02-26T02:00+01:00,8212,4508,1348,3946,15275
2019-02-26T03:00+01:00,8210,4432,1346,3923,15083
2019-02-26T04:00+01:00,8211,5114,1345,3863,15100
2019-02-26T05:00+01:00,8208,7746,1371,3816,15684
2019-02-26T06:00+01:00,8207,9969,1388,3827,17669
2019-02-26T07:00+01:00,8206,10931,1490,3504,18819
2019-02-26T08:00+01:00,8205,11188,1479,2958,18921
2019-02-26T09:00+01:00,8206,11249,1504,2314,18873
2019-02-26T10:00+01:00,8200,11281,1527,1745,18960
2019-02-26T11:00+01:00,8206,11049,1373,1394,18583
2019-02-26T12:00+01:00,8208,10905,1405,1057,17970
2019-02-26T13:00+01:00,8208,10947,1374,799,17454
2019-02-26T14:00+01:00,8204,11014,1355,757,17449
2019-02-26T15:00+01:00,8200,11056,1359,873,17311
2019-02-26T16:00+01:00,8197,11258,1312,1107,17557
2019-02-26T17:00+01:00,8197,11206,1314,1657,18420
2019-02-26T18:00+01:00,8197,11178,1348,2147,18587
2019-02-26T19:00+01:00,8200,10990,1343,2620,18121
2019-02-26T20:00+01:00,8202,10698,1450,2994,17478
2019-02-26T21:00+01:00,8203,10382,1428,3224,16797
2019-02-26T22:00+01:00,8204,9236,1413,3402,15857
2019-02-26T23:00+01:00,8204,7769,1423,3451,14916
2019-02-27T00:00+01:00,8203,5483,1438,3848,14807
2019-02-27T01:00+01:00,8200,5034,1405,3868,14520
2019-02-27T02:00+01:00,8201,4960,1399,3913,14475
2019-02-27T03:00+01:00,8204,4946,1396,3975,14452
2019-02-27T04:00+01:00,8205,5326,1398,4058,14990
2019-02-27T05:00+01:00,8201,7835,1414,4146,16296
2019-02-27T06:00+01:00,8201,9587,1441,4201,18129
2019-02-27T07:00+01:00,8201,10205,1453,4244,19164
2019-02-27T08:00+01:00,8201,10195,1518,4092,19432
2019-02-27T09:00+01:00,8203,10218,1556,3974,19125
2019-02-27T10:00+01:00,8202,10314,1568,3894,18999
2019-02-27T11:00+01:00,8202,9770,1554,3845,18765
2019-02-27T12:00+01:00,8204,8783,1517,3833,18434
2019-02-27T13:00+01:00,8202,8614,1465,3851,18323
2019-02-27T14:00+01:00,8200,9013,1428,3918,18171
2019-02-27T15:00+01:00,8196,9503,1384,4038,18003
2019-02-27T16:00+01:00,8197,10470,1364,4144,18178
2019-02-27T17:00+01:00,8198,10431,1342,4423,18802
2019-02-27T18:00+01:00,8198,10444,1364,4656,19154
2019-02-27T19:00+01:00,8199,10426,1376,4812,18711
2019-02-27T20:00+01:00,8204,9421,1418,4782,18139
2019-02-27T21:00+01:00,8201,8439,1409,4788,17307
2019-02-27T22:00+01:00,8200,6810,1402,4670,16216
2019-02-27T23:00+01:00,8201,5389,1400,4576,15300
2019-02-28T00:00+01:00,8202,3832,1416,4579,14753
2019-02-28T01:00+01:00,8201,3413,1405,4611,14529
2019-02-28T02:00+01:00,8202,3346,1394,4689,14448
2019-02-28T03:00+01:00,8202,3362,1430,4752,14632
2019-02-28T04:00+01:00,8205,3944,1464,4814,14751
2019-02-28T05:00+01:00,8205,5194,1505,4850,15723
2019-02-28T06:00+01:00,8205,8578,1569,4853,18018
2019-02-28T07:00+01:00,8203,10674,1589,4760,19572
2019-02-28T08:00+01:00,8202,10896,1610,4456,19565
2019-02-28T09:00+01:00,8205,10906,1628,4193,19208
2019-02-28T10:00+01:00,8211,10835,1644,3973,19054
2019-02-28T11:00+01:00,8206,10106,1606,3851,18792
2019-02-28T12:00+01:00,8208,10021,1586,3514,18377
2019-02-28T13:00+01:00,8206,10003,1551,3271,18027
2019-02-28T14:00+01:00,8206,10108,1529,2974,18106
2019-02-28T15:00+01:00,8204,10261,1503,2610,18310
2019-02-28T16:00+01:00,8200,10709,1529,2298,18814
2019-02-28T17:00+01:00,8196,11258,1511,2080,19992
2019-02-28T18:00+01:00,8198,11468,1554,1906,20611
2019-02-28T19:00+01:00,8200,11348,1597,1661,20260
2019-02-28T20:00+01:00,8204,11286,1644,1374,19550
2019-02-28T21:00+01:00,8206,11131,1644,1177,18899
2019-02-28T22:00+01:00,8206,9621,1636,1039,17966
2019-02-28T23:00+01:00,8207,8259,1632,947,17330
2019-03-01T00:00+01:00,8207,6981,1588,826,16786
2019-03-01T01:00+01:00,8208,6818,1586,755,16592
2019-03-01T02:00+01:00,8208,6770,1572,733,16477
2019-03-01T03:00+01:00,8208,6810,1556,811,16489
2019-03-01T04:00+01:00,8208,7035,1578,951,16668
2019-03-01T05:00+01:00,8206,8517,1595,1092,17706
2019-03-01T06:00+01:00,8203,10619,1647,1203,19764
2019-03-01T07:00+01:00,8203,11595,1733,1256,21097
2019-03-01T08:00+01:00,8204,11889,1755,1134,21083
2019-03-01T09:00+01:00,8205,11888,1762,1079,20873
2019-03-01T10:00+01:00,8203,11878,1754,1124,20659
2019-03-01T11:00+01:00,8204,11803,1684,1251,20088
2019-03-01T12:00+01:00,8205,11547,1626,1476,19676
2019-03-01T13:00+01:00,8202,11268,1581,1582,19169
2019-03-01T14:00+01:00,8201,11385,1566,1599,18800
2019-03-01T15:00+01:00,8199,11238,1548,1733,18812
2019-03-01T16:00+01:00,8196,11251,1540,1819,19050
2019-03-01T17:00+01:00,8197,11246,1566,1951,20091
2019-03-01T18:00+01:00,8196,11044,1540,2102,20657
2019-03-01T19:00+01:00,8198,11028,1505,2228,20219
2019-03-01T20:00+01:00,8201,10963,1476,2299,19558
2019-03-01T21:00+01:00,8203,10851,1455,2384,18750
2019-03-01T22:00+01:00,8203,9848,1454,2487,17899
2019-03-01T23:00+01:00,8204,8788,1456,2654,16806
2019-03-02T00:00+01:00,8206,7049,1429,3123,16264
2019-03-02T01:00+01:00,8208,5977,1438,3429,16066
2019-03-02T02:00+01:00,8209,5679,1439,3640,16026
2019-03-02T03:00+01:00,8211,5352,1451,3799,15928
2019-03-02T04:00+01:00,8211,5375,1453,3998,16101
2019-03-02T05:00+01:00,8211,5793,1470,4133,16496
2019-03-02T06:00+01:00,8210,7128,1489,4177,17065
2019-03-02T07:00+01:00,8209,8406,1493,4113,17447
2019-03-02T08:00+01:00,8211,9253,1481,4044,18194
2019-03-02T09:00+01:00,8208,9691,1507,3922,18761
2019-03-02T10:00+01:00,8204,9763,1524,3856,18826
2019-03-02T11:00+01:00,8205,9738,1522,3766,18304
2019-03-02T12:00+01:00,8208,9580,1462,3722,18055
2019-03-02T13:00+01:00,8208,8214,1514,3527,17613
2019-03-02T14:00+01:00,8205,7505,1512,3161,17198
2019-03-02T15:00+01:00,8202,7464,1491,2872,16998
2019-03-02T16:00+01:00,8183,8960,1504,2653,17434
2019-03-02T17:00+01:00,8166,10122,1497,2482,18098
2019-03-02T18:00+01:00,8191,10393,1499,2408,18389
2019-03-02T19:00+01:00,8200,10132,1510,2373,18031
2019-03-02T20:00+01:00,8200,8608,1511,2336,17236
2019-03-02T21:00+01:00,8201,7746,1507,2182,16561
2019-03-02T22:00+01:00,8202,6718,1512,2042,16052
2019-03-02T23:00+01:00,8204,5617,1513,2024,15672
2019-03-03T00:00+01:00,8207,4199,1501,2136,15243
2019-03-03T01:00+01:00,8207,3768,1491,2116,15035
2019-03-03T02:00+01:00,8207,3660,1496,2153,14900
2019-03-03T03:00+01:00,8206,3677,1497,2245,14902
2019-03-03T04:00+01:00,8200,3712,1443,2357,14853
2019-03-03T05:00+01:00,8198,4045,1441,2549,15033
2019-03-03T06:00+01:00,8201,4538,1454,2719,15363
2019-03-03T07:00+01:00,8203,5040,1469,2901,15886
2019-03-03T08:00+01:00,8203,6263,1463,3030,16561
2019-03-03T09:00+01:00,8206,7063,1469,3203,17184
2019-03-03T10:00+01:00,8207,7315,1484,3279,17480
2019-03-03T11:00+01:00,8205,7227,1545,3304,17628
2019-03-03T12:00+01:00,8203,6795,1521,3335,17547
2019-03-03T13:00+01:00,8203,6555,1523,3311,17368
2019-03-03T14:00+01:00,8205,6414,1465,3182,17175
2019-03-03T15:00+01:00,8207,6527,1451,2991,17381
2019-03-03T16:00+01:00,8205,6938,1436,2820,17610
2019-03-03T17:00+01:00,8208,8285,1442,2657,18451
2019-03-03T18:00+01:00,8209,8850,1451,2553,19121
2019-03-03T19:00+01:00,8209,8899,1451,2374,18994
2019-03-03T20:00+01:00,8211,8839,1438,2190,18476
2019-03-03T21:00+01:00,8211,8196,1461,1968,17675
2019-03-03T22:00+01:00,8212,7291,1478,1789,16971
2019-03-03T23:00+01:00,8215,6251,1472,1566,16229
2019-03-04T00:00+01:00,8214,5640,1502,1290,16091
2019-03-04T01:00+01:00,8215,5418,1456,1156,15828
2019-03-04T02:00+01:00,8215,5351,1374,1093,15759
2019-03-04T03:00+01:00,8210,5440,1354,1161,15882
2019-03-04T04:00+01:00,8209,6161,1351,1220,16069
2019-03-04T05:00+01:00,8209,7715,1457,1323,17060
2019-03-04T06:00+01:00,8210,9100,1487,1483,19053
2019-03-04T07:00+01:00,8212,10703,1508,1571,20485
2019-03-04T08:00+01:00,8212,10926,1535,1477,20545
2019-03-04T09:00+01:00,8213,10953,1557,1483,20591
2019-03-04T10:00+01:00,8214,11074,1579,1512,20848
2019-03-04T11:00+01:00,8208,11161,1590,1462,20590
2019-03-04T12:00+01:00,8209,10886,1576,1460,20413
2019-03-04T13:00+01:00,7095,10754,1565,1469,21377
2019-03-04T14:00+01:00,6973,10851,1556,1608,21603
2019-03-04T15:00+01:00,6973,11394,1538,1810,20444
2019-03-04T16:00+01:00,6974,11629,1501,2090,20406
2019-03-04T17:00+01:00,6975,11701,1543,2313,20904
2019-03-04T18:00+01:00,6979,11796,1534,2632,21477
2019-03-04T19:00+01:00,6981,11833,1526,2819,20921
2019-03-04T20:00+01:00,6979,10817,1519,2961,20001
2019-03-04T21:00+01:00,6980,9830,1514,3198,19467
2019-03-04T22:00+01:00,6980,8075,1484,3337,18335
2019-03-04T23:00+01:00,6980,6860,1463,3414,17509
2019-03-05T00:00+01:00,6982,5983,1403,3542,16851
2019-03-05T01:00+01:00,6982,5759,1383,3612,16634
2019-03-05T02:00+01:00,6983,5784,1404,3718,16772
2019-03-05T03:00+01:00,6985,5826,1403,3710,16885
2019-03-05T04:00+01:00,6982,6243,1418,3659,17275
2019-03-05T05:00+01:00,6978,7782,1435,3591,18066
2019-03-05T06:00+01:00,6978,9987,1460,3490,19992
2019-03-05T07:00+01:00,6976,11910,1503,3276,21691
2019-03-05T08:00+01:00,6974,12115,1543,3039,22295
2019-03-05T09:00+01:00,6972,12152,1467,2596,22167
2019-03-05T10:00+01:00,6977,12154,1500,2296,22139
2019-03-05T11:00+01:00,6975,12030,1497,2017,21844
2019-03-05T12:00+01:00,6974,11893,1512,1762,21324
2019-03-05T13:00+01:00,6974,11878,1571,1514,21180
2019-03-05T14:00+01:00,6974,11907,1565,1345,21282
2019-03-05T15:00+01:00,6971,11898,1541,1216,21272
2019-03-05T16:00+01:00,6971,11986,1527,1205,21216
2019-03-05T17:00+01:00,6970,12017,1518,1273,21893
2019-03-05T18:00+01:00,6969,12373,1522,1359,22550
2019-03-05T19:00+01:00,6973,12209,1525,1445,22210
2019-03-05T20:00+01:00,6975,12101,1529,1497,21803
2019-03-05T21:00+01:00,6977,11643,1530,1592,21101
2019-03-05T22:00+01:00,6977,11249,1528,1660,20038
2019-03-05T23:00+01:00,6976,9335,1528,1771,18827
2019-03-06T00:00+01:00,6979,7196,1373,1799,18044
2019-03-06T01:00+01:00,6979,6863,1369,1965,17852
2019-03-06T02:00+01:00,6979,6831,1354,2086,17869
2019-03-06T03:00+01:00,6978,6855,1350,2168,17993
2019-03-06T04:00+01:00,6979,7187,1357,2188,18555
2019-03-06T05:00+01:00,6977,8710,1360,2151,19382
2019-03-06T06:00+01:00,6974,10405,1385,2136,21292
2019-03-06T07:00+01:00,6972,11516,1380,2011,22401
2019-03-06T08:00+01:00,6970,11636,1409,1895,22748
2019-03-06T09:00+01:00,6975,11512,1419,1764,22709
2019-03-06T10:00+01:00,6971,11476,1473,1601,22559
2019-03-06T11:00+01:00,7100,11435,1529,1477,22090
2019-03-06T12:00+01:00,7386,11277,1537,1388,21465
2019-03-06T13:00+01:00,7626,11015,1539,1387,21069
2019-03-06T14:00+01:00,7631,10845,1557,1434,21197
2019-03-06T15:00+01:00,7631,10810,1545,1473,21097
2019-03-06T16:00+01:00,7673,10872,1477,1559,21076
2019-03-06T17:00+01:00,7934,10802,1427,1763,21268
2019-03-06T18:00+01:00,8000,10796,1413,1987,21652
2019-03-06T19:00+01:00,8002,10394,1496,2185,21146
2019-03-06T20:00+01:00,8003,9825,1519,2310,20506
2019-03-06T21:00+01:00,8003,9263,1478,2429,19684
2019-03-06T22:00+01:00,8003,7354,1401,2439,18631
2019-03-06T23:00+01:00,8000,5853,1397,2414,17767
2019-03-07T00:00+01:00,7993,5071,1503,2920,16923
2019-03-07T01:00+01:00,7988,4716,1480,2860,16593
2019-03-07T02:00+01:00,7989,4671,1480,2702,16469
2019-03-07T03:00+01:00,7998,4852,1477,2568,16516
2019-03-07T04:00+01:00,8011,5708,1477,2385,16903
2019-03-07T05:00+01:00,8027,7644,1477,2219,17670
2019-03-07T06:00+01:00,8027,9232,1541,2000,19283
2019-03-07T07:00+01:00,8026,10565,1558,1838,20539
2019-03-07T08:00+01:00,8025,10698,1599,1635,20709
2019-03-07T09:00+01:00,8024,10702,1624,1463,20690
2019-03-07T10:00+01:00,8025,10693,1615,1381,20741
2019-03-07T11:00+01:00,8024,10536,1657,1383,20794
2019-03-07T12:00+01:00,8025,10336,1668,1379,20507
2019-03-07T13:00+01:00,8020,10301,1638,1467,20130
2019-03-07T14:00+01:00,8017,10251,1628,1619,20047
2019-03-07T15:00+01:00,8019,10139,1633,1888,19779
2019-03-07T16:00+01:00,8025,10315,1563,2265,19665
2019-03-07T17:00+01:00,8028,10356,1511,2549,19955
2019-03-07T18:00+01:00,8029,10527,1495,2880,20215
2019-03-07T19:00+01:00,8029,10210,1485,3075,19886
2019-03-07T20:00+01:00,8032,9258,1483,3260,19291
2019-03-07T21:00+01:00,8139,7800,1468,3332,18427
2019-03-07T22:00+01:00,8144,6303,1458,3514,17600
2019-03-07T23:00+01:00,8146,4904,1455,3609,16743
2019-03-08T00:00+01:00,8148,3951,1455,3707,16250
2019-03-08T01:00+01:00,8150,3744,1447,3740,15873
2019-03-08T02:00+01:00,8151,3700,1460,3783,15582
2019-03-08T03:00+01:00,8149,3875,1489,3802,15683
2019-03-08T04:00+01:00,8147,4174,1494,3840,16017
2019-03-08T05:00+01:00,8145,5219,1502,3835,16778
2019-03-08T06:00+01:00,8143,7566,1510,3755,18257
2019-03-08T07:00+01:00,8144,9380,1524,3719,19764
2019-03-08T08:00+01:00,8152,9575,1538,3667,20143
2019-03-08T09:00+01:00,8169,9251,1559,3705,19912
2019-03-08T10:00+01:00,8162,9021,1555,3871,19958
2019-03-08T11:00+01:00,8170,8389,1526,4148,19865
2019-03-08T12:00+01:00,8174,7973,1522,4456,19580
2019-03-08T13:00+01:00,8175,7483,1523,4759,19267
2019-03-08T14:00+01:00,8175,7027,1521,5072,19046
2019-03-08T15:00+01:00,8175,6601,1505,5331,19020
2019-03-08T16:00+01:00,8174,6946,1494,5430,19193
2019-03-08T17:00+01:00,8184,9548,1477,5509,20144
2019-03-08T18:00+01:00,8203,9966,1500,5551,20836
2019-03-08T19:00+01:00,8201,9962,1515,5503,20261
2019-03-08T20:00+01:00,8203,9025,1508,5336,19340
2019-03-08T21:00+01:00,8203,7498,1483,5302,18550
2019-03-08T22:00+01:00,8205,6118,1483,5230,17760
2019-03-08T23:00+01:00,8206,4361,1479,5093,17129
2019-03-09T00:00+01:00,8205,3556,1490,4732,16510
2019-03-09T01:00+01:00,8208,3383,1480,4579,16335
2019-03-09T02:00+01:00,8208,3330,1481,4365,16278
2019-03-09T03:00+01:00,8209,3373,1473,4137,16092
2019-03-09T04:00+01:00,8210,3542,1471,4065,16358
2019-03-09T05:00+01:00,8211,3881,1471,4000,16752
2019-03-09T06:00+01:00,8210,4285,1474,3871,16871
2019-03-09T07:00+01:00,8210,4933,1479,3779,17479
2019-03-09T08:00+01:00,8211,6376,1565,3666,18268
2019-03-09T09:00+01:00,8209,7240,1587,3506,19028
2019-03-09T10:00+01:00,8209,7354,1601,3487,19423
2019-03-09T11:00+01:00,8207,7263,1597,3382,19088
2019-03-09T12:00+01:00,8206,6728,1596,3305,18571
2019-03-09T13:00+01:00,8205,6081,1596,3291,18382
2019-03-09T14:00+01:00,8206,6013,1601,3248,18221
2019-03-09T15:00+01:00,8204,6041,1586,3231,18123
2019-03-09T16:00+01:00,8204,6559,1556,3249,18432
2019-03-09T17:00+01:00,8202,7723,1555,3345,18844
2019-03-09T18:00+01:00,8202,8336,1565,3483,19359
2019-03-09T19:00+01:00,8201,7505,1575,3593,18905
2019-03-09T20:00+01:00,8202,6368,1626,3743,18138
2019-03-09T21:00+01:00,8203,5627,1645,3762,17551
2019-03-09T22:00+01:00,8203,5070,1670,3772,17137
2019-03-09T23:00+01:00,8204,4348,1672,3789,16660
2019-03-10T00:00+01:00,8203,3505,1645,3892,16414
2019-03-10T01:00+01:00,8204,3450,1656,3811,16158
2019-03-10T02:00+01:00,8204,3422,1625,3753,16100
2019-03-10T03:00+01:00,8204,3447,1612,3660,16145
2019-03-10T04:00+01:00,8202,3513,1616,3660,16138
2019-03-10T05:00+01:00,8202,3846,1612,3586,16508
2019-03-10T06:00+01:00,8204,4212,1606,3540,16971
2019-03-10T07:00+01:00,8204,4776,1597,3388,17298
2019-03-10T08:00+01:00,8204,6186,1595,3182,17919
2019-03-10T09:00+01:00,8203,6902,1635,3006,18440
2019-03-10T10:00+01:00,8204,7110,1654,2939,18411
2019-03-10T11:00+01:00,8205,7379,1671,3051,18523
2019-03-10T12:00+01:00,8197,7530,1651,3165,18389
2019-03-10T13:00+01:00,8116,7577,1625,3106,18159
2019-03-10T14:00+01:00,8111,7754,1626,3017,18154
2019-03-10T15:00+01:00,8110,7868,1581,2973,18147
2019-03-10T16:00+01:00,8109,8790,1567,2850,18522
2019-03-10T17:00+01:00,8108,10091,1584,2932,19334
2019-03-10T18:00+01:00,8105,10206,1643,3068,20114
2019-03-10T19:00+01:00,8105,10177,1694,3252,20042
2019-03-10T20:00+01:00,8109,10036,1710,3368,19220
2019-03-10T21:00+01:00,8188,9007,1716,3458,18352
2019-03-10T22:00+01:00,8200,8340,1735,3581,17836
2019-03-10T23:00+01:00,8203,6755,1728,3534,17351
2019-03-11T00:00+01:00,8202,6081,1736,3444,17075
2019-03-11T01:00+01:00,8204,5570,1706,3379,16894
2019-03-11T02:00+01:00,8204,5571,1713,3392,17061
2019-03-11T03:00+01:00,8203,5793,1706,3357,17265
2019-03-11T04:00+01:00,8205,7213,1709,3329,17934
2019-03-11T05:00+01:00,8202,9015,1731,3275,18937
2019-03-11T06:00+01:00,8199,10394,1785,3231,20599
2019-03-11T07:00+01:00,8198,11293,1811,3103,21958
2019-03-11T08:00+01:00,8197,11535,1882,2887,22144
2019-03-11T09:00+01:00,8198,11542,1888,2766,21928
2019-03-11T10:00+01:00,8198,11643,1902,2651,21787
2019-03-11T11:00+01:00,8197,11414,1876,2694,21209
2019-03-11T12:00+01:00,8195,11025,1813,2761,20516
2019-03-11T13:00+01:00,8195,10824,1804,2893,20096
2019-03-11T14:00+01:00,8191,10758,1781,2977,19719
2019-03-11T15:00+01:00,8184,10692,1761,3099,19640
2019-03-11T16:00+01:00,8120,10553,1755,3217,19555
2019-03-11T17:00+01:00,8151,11237,1759,3463,20768
2019-03-11T18:00+01:00,8185,11520,1818,3664,21695
2019-03-11T19:00+01:00,8186,11462,1825,3654,21461
2019-03-11T20:00+01:00,8189,11117,1813,3534,20817
2019-03-11T21:00+01:00,8191,10770,1792,3410,20192
2019-03-11T22:00+01:00,8191,10403,1774,3313,19459
2019-03-11T23:00+01:00,8193,9387,1762,3098,18380
2019-03-12T00:00+01:00,8195,6878,1746,2784,17813
2019-03-12T01:00+01:00,8195,6472,1731,2607,17708
2019-03-12T02:00+01:00,8196,6496,1735,2428,17702
2019-03-12T03:00+01:00,8196,6815,1763,2298,17849
2019-03-12T04:00+01:00,8193,7466,1775,2102,18357
2019-03-12T05:00+01:00,8188,9088,1761,1906,19352
2019-03-12T06:00+01:00,8176,10770,1797,1721,21256
2019-03-12T07:00+01:00,8170,11416,1805,1365,22472
2019-03-12T08:00+01:00,8171,11511,1865,925,22449
2019-03-12T09:00+01:00,8178,11514,1873,650,21965
2019-03-12T10:00+01:00,8176,11360,1847,513,21506
2019-03-12T11:00+01:00,8189,11273,1832,485,20816
2019-03-12T12:00+01:00,8191,10932,1809,605,20359
2019-03-12T13:00+01:00,8191,10706,1721,735,19993
2019-03-12T14:00+01:00,8189,10586,1743,965,19802
2019-03-12T15:00+01:00,8187,10427,1697,1318,19858
2019-03-12T16:00+01:00,8185,10458,1697,1737,19755
2019-03-12T17:00+01:00,8184,10460,1715,2338,20347
2019-03-12T18:00+01:00,8184,10460,1760,2960,20680
2019-03-12T19:00+01:00,8184,10442,1790,3505,20462
2019-03-12T20:00+01:00,8186,10029,1788,3780,19871
2019-03-12T21:00+01:00,8188,8659,1758,4014,19035
2019-03-12T22:00+01:00,8190,7446,1735,4161,18033
2019-03-12T23:00+01:00,8191,6045,1713,4259,17363
2019-03-13T00:00+01:00,8190,5153,1695,4562,17032
2019-03-13T01:00+01:00,8193,4944,1708,4584,16873
2019-03-13T02:00+01:00,8192,4863,1660,4632,16886
2019-03-13T03:00+01:00,8193,4794,1620,4646,16597
2019-03-13T04:00+01:00,8194,5364,1632,4566,16867
2019-03-13T05:00+01:00,8193,7121,1650,4451,17932
2019-03-13T06:00+01:00,8193,9126,1639,4325,19861
2019-03-13T07:00+01:00,8192,10123,1687,4195,20880
2019-03-13T08:00+01:00,8188,10300,1732,4032,20929
2019-03-13T09:00+01:00,8183,10245,1804,3977,20956
2019-03-13T10:00+01:00,8184,10299,1750,3938,20838
2019-03-13T11:00+01:00,8184,10270,1744,3912,20899
2019-03-13T12:00+01:00,8183,10134,1767,3853,20614
2019-03-13T13:00+01:00,8183,10133,1753,3797,20456
2019-03-13T14:00+01:00,8186,10120,1759,3779,20305
2019-03-13T15:00+01:00,8189,10210,1729,3732,20414
2019-03-13T16:00+01:00,8188,10286,1674,3698,20193
2019-03-13T17:00+01:00,8189,10502,1652,3655,20467
2019-03-13T18:00+01:00,8189,10354,1652,3599,20701
2019-03-13T19:00+01:00,8191,10260,1629,3486,20172
2019-03-13T20:00+01:00,8187,9879,1600,3213,19291
2019-03-13T21:00+01:00,8187,8877,1630,3050,18640
2019-03-13T22:00+01:00,8189,6632,1624,2754,17661
2019-03-13T23:00+01:00,8190,5819,1621,2419,17141
2019-03-14T00:00+01:00,8192,4689,1572,2064,16537
2019-03-14T01:00+01:00,8192,4553,1528,1814,16252
2019-03-14T02:00+01:00,8191,4540,1528,1770,16132
2019-03-14T03:00+01:00,8192,4681,1527,1730,16084
2019-03-14T04:00+01:00,8192,5275,1539,1727,16166
2019-03-14T05:00+01:00,8190,7688,1538,1717,16861
2019-03-14T06:00+01:00,8190,9529,1582,1731,18665
2019-03-14T07:00+01:00,8189,10521,1598,1719,20224
2019-03-14T08:00+01:00,8189,10681,1620,1652,20562
2019-03-14T09:00+01:00,8189,10723,1660,1585,20508
2019-03-14T10:00+01:00,8185,10707,1657,1509,20580
2019-03-14T11:00+01:00,8186,10643,1631,1448,20350
2019-03-14T12:00+01:00,8188,10367,1638,1377,20038
2019-03-14T13:00+01:00,8189,10265,1649,1309,19849
2019-03-14T14:00+01:00,8186,10239,1638,1330,19739
2019-03-14T15:00+01:00,8182,10217,1639,1302,19735
2019-03-14T16:00+01:00,8181,10410,1636,1340,19805
2019-03-14T17:00+01:00,8180,10577,1659,1319,20257
2019-03-14T18:00+01:00,8180,10816,1683,1355,20839
2019-03-14T19:00+01:00,8179,10768,1735,1318,20634
2019-03-14T20:00+01:00,8182,10472,1701,1220,19914
2019-03-14T21:00+01:00,8183,9951,1724,1156,19150
2019-03-14T22:00+01:00,8186,9076,1727,1062,18214
2019-03-14T23:00+01:00,8185,7651,1736,948,17285
2019-03-15T00:00+01:00,8157,6356,1650,741,16689
2019-03-15T01:00+01:00,8149,6060,1622,661,16364
2019-03-15T02:00+01:00,8149,5979,1642,604,16217
2019-03-15T03:00+01:00,8150,6057,1639,552,16254
2019-03-15T04:00+01:00,8149,6643,1630,536,16498
2019-03-15T05:00+01:00,8146,8555,1638,545,17323
2019-03-15T06:00+01:00,8145,10008,1649,609,18910
2019-03-15T07:00+01:00,8143,11163,1674,632,20368
2019-03-15T08:00+01:00,8142,11241,1694,660,20749
2019-03-15T09:00+01:00,8144,11177,1695,625,20508
2019-03-15T10:00+01:00,8142,11085,1699,586,20439
2019-03-15T11:00+01:00,8142,10935,1716,534,20349
2019-03-15T12:00+01:00,7988,10881,1716,539,20313
2019-03-15T13:00+01:00,7958,10818,1633,578,19775
2019-03-15T14:00+01:00,7956,10795,1635,622,19268
2019-03-15T15:00+01:00,7952,10802,1671,678,19125
2019-03-15T16:00+01:00,7951,10697,1704,698,19045
2019-03-15T17:00+01:00,7869,10979,1764,717,19693
2019-03-15T18:00+01:00,7768,11013,1806,754,20046
2019-03-15T19:00+01:00,7770,10794,1824,775,19402
2019-03-15T20:00+01:00,7700,10129,1783,693,18476
2019-03-15T21:00+01:00,7643,9355,1767,700,17598
2019-03-15T22:00+01:00,7625,8107,1734,726,16888
2019-03-15T23:00+01:00,7625,7133,1729,773,16335
2019-03-16T00:00+01:00,7624,6120,1698,860,15827
2019-03-16T01:00+01:00,7625,5656,1688,886,15503
2019-03-16T02:00+01:00,7622,5523,1638,979,15327
2019-03-16T03:00+01:00,7622,5525,1653,1065,15237
2019-03-16T04:00+01:00,7622,5661,1637,1171,15249
2019-03-16T05:00+01:00,7622,5872,1569,1224,15447
2019-03-16T06:00+01:00,7623,6132,1551,1273,15718
2019-03-16T07:00+01:00,7622,6721,1554,1297,16250
2019-03-16T08:00+01:00,7623,7951,1560,1289,17013
2019-03-16T09:00+01:00,7622,8804,1611,1325,17629
2019-03-16T10:00+01:00,7619,8878,1647,1339,17876
2019-03-16T11:00+01:00,7620,8898,1674,1342,17984
2019-03-16T12:00+01:00,7619,8759,1623,1340,17799
2019-03-16T13:00+01:00,7620,8523,1606,1256,17471
2019-03-16T14:00+01:00,7619,8499,1600,1123,17363
2019-03-16T15:00+01:00,7620,8813,1587,1021,17450
2019-03-16T16:00+01:00,7616,9076,1580,962,17650
2019-03-16T17:00+01:00,7615,9395,1569,1000,18175
2019-03-16T18:00+01:00,7613,9469,1561,1122,18719
2019-03-16T19:00+01:00,7613,9400,1562,1233,18495
2019-03-16T20:00+01:00,7615,8876,1545,1291,17699
2019-03-16T21:00+01:00,7613,8491,1527,1356,16972
2019-03-16T22:00+01:00,7609,7488,1485,1464,16160
2019-03-16T23:00+01:00,7607,6309,1487,1640,15661
2019-03-17T00:00+01:00,7607,4771,1446,1980,15332
2019-03-17T01:00+01:00,7608,4144,1445,2259,15073
2019-03-17T02:00+01:00,7611,3877,1459,2570,14810
2019-03-17T03:00+01:00,7612,3743,1457,2924,14839
2019-03-17T04:00+01:00,7616,3739,1429,3236,15047
2019-03-17T05:00+01:00,7613,3727,1456,3381,15071
2019-03-17T06:00+01:00,7615,3724,1449,3527,15165
2019-03-17T07:00+01:00,7617,3977,1468,3748,15701
2019-03-17T08:00+01:00,7614,5076,1493,3882,16520
2019-03-17T09:00+01:00,7612,5849,1498,4016,17175
2019-03-17T10:00+01:00,7612,6066,1579,4140,17538
2019-03-17T11:00+01:00,7611,5980,1525,4268,17410
2019-03-17T12:00+01:00,7610,5617,1530,4436,17440
2019-03-17T13:00+01:00,7500,5631,1528,4502,17292
2019-03-17T14:00+01:00,7384,5490,1522,4599,17096
2019-03-17T15:00+01:00,7276,5506,1554,4706,17207
2019-03-17T16:00+01:00,7251,5794,1548,4766,17273
2019-03-17T17:00+01:00,7053,6731,1516,4842,17826
2019-03-17T18:00+01:00,7045,7187,1585,4916,18615
2019-03-17T19:00+01:00,7042,6810,1590,4988,18593
2019-03-17T20:00+01:00,7040,5861,1605,5024,18127
2019-03-17T21:00+01:00,7038,5177,1613,5020,17525
2019-03-17T22:00+01:00,7042,4193,1590,4964,17051
2019-03-17T23:00+01:00,7044,3448,1588,4851,16452
2019-03-18T00:00+01:00,7045,3204,1618,4593,15881
2019-03-18T01:00+01:00,7047,3200,1610,4481,15699
2019-03-18T02:00+01:00,7046,3189,1535,4376,15688
2019-03-18T03:00+01:00,7046,3195,1544,4279,15536
2019-03-18T04:00+01:00,7046,4069,1545,4238,15873
2019-03-18T05:00+01:00,7044,5916,1559,4163,16613
2019-03-18T06:00+01:00,7041,8082,1582,4065,18235
2019-03-18T07:00+01:00,7039,10004,1674,4040,19844
2019-03-18T08:00+01:00,7036,9805,1744,3954,19857
2019-03-18T09:00+01:00,7035,9623,1797,3983,19783
2019-03-18T10:00+01:00,7035,9465,1796,3994,19755
2019-03-18T11:00+01:00,7035,9092,1789,3988,19677
2019-03-18T12:00+01:00,7019,9027,1777,4058,19611
2019-03-18T13:00+01:00,7027,8950,1772,4069,19404
2019-03-18T14:00+01:00,7031,8888,1763,4035,19141
2019-03-18T15:00+01:00,7032,9004,1782,4065,19489
2019-03-18T16:00+01:00,7033,9136,1659,4086,19562
2019-03-18T17:00+01:00,7042,9496,1723,4080,20164
2019-03-18T18:00+01:00,7038,10193,1709,3972,20648
2019-03-18T19:00+01:00,7040,10254,1688,3979,20609
2019-03-18T20:00+01:00,7041,9942,1692,4036,19587
2019-03-18T21:00+01:00,7045,9423,1630,4090,18586
2019-03-18T22:00+01:00,7044,8485,1628,4312,17765
2019-03-18T23:00+01:00,7045,6383,1619,4310,16717
2019-03-19T00:00+01:00,7045,5239,1617,4357,16251
2019-03-19T01:00+01:00,7043,5000,1625,4291,16103
2019-03-19T02:00+01:00,7043,4967,1633,4194,16116
2019-03-19T03:00+01:00,7042,5017,1642,4138,16177
2019-03-19T04:00+01:00,7039,5572,1665,4033,16481
2019-03-19T05:00+01:00,7039,6960,1669,3899,17259
2019-03-19T06:00+01:00,7036,9430,1687,3696,18882
2019-03-19T07:00+01:00,7038,10140,1709,3435,20019
2019-03-19T08:00+01:00,7037,10386,1752,2912,20139
2019-03-19T09:00+01:00,7037,10399,1683,2311,19589
2019-03-19T10:00+01:00,7035,10324,1673,1937,19306
2019-03-19T11:00+01:00,7036,10141,1637,1689,19180
2019-03-19T12:00+01:00,7037,10060,1637,1447,18782
2019-03-19T13:00+01:00,7038,9926,1663,1186,18239
2019-03-19T14:00+01:00,7038,9846,1692,1037,17927
2019-03-19T15:00+01:00,7037,9869,1691,938,17946
2019-03-19T16:00+01:00,7035,10049,1698,849,18051
2019-03-19T17:00+01:00,7033,10288,1670,827,19015
2019-03-19T18:00+01:00,7030,10499,1666,873,19823
2019-03-19T19:00+01:00,7031,10613,1788,1026,19903
2019-03-19T20:00+01:00,7027,10405,1786,1309,19158
2019-03-19T21:00+01:00,7026,9992,1765,1847,18273
2019-03-19T22:00+01:00,7029,9229,1752,2467,17233
2019-03-19T23:00+01:00,7030,7796,1756,3020,16181
2019-03-20T00:00+01:00,7029,5401,1749,3658,15759
2019-03-20T01:00+01:00,7028,5031,1706,4012,15570
2019-03-20T02:00+01:00,7028,4716,1702,4235,15522
2019-03-20T03:00+01:00,7031,4734,1690,4408,15614
2019-03-20T04:00+01:00,7031,5118,1698,4506,15797
2019-03-20T05:00+01:00,7030,6144,1728,4549,16745
2019-03-20T06:00+01:00,7026,8168,1761,4486,18293
2019-03-20T07:00+01:00,7024,10064,1789,4449,19814
2019-03-20T08:00+01:00,7025,10125,1765,4264,20055
2019-03-20T09:00+01:00,7026,9788,1786,4118,19806
2019-03-20T10:00+01:00,7028,9668,1721,3909,19856
2019-03-20T11:00+01:00,7024,9244,1743,3893,19763
2019-03-20T12:00+01:00,7022,9212,1579,3866,19075
2019-03-20T13:00+01:00,7023,9132,1528,3879,18528
2019-03-20T14:00+01:00,7026,9144,1543,3894,18158
2019-03-20T15:00+01:00,7027,9174,1534,3816,17916
2019-03-20T16:00+01:00,7027,9374,1513,3877,18082
2019-03-20T17:00+01:00,7024,10031,1484,3907,18816
2019-03-20T18:00+01:00,7023,10138,1480,3992,19514
2019-03-20T19:00+01:00,7026,10015,1485,4012,19462
2019-03-20T20:00+01:00,7026,9873,1500,3855,18711
2019-03-20T21:00+01:00,7026,9157,1485,3790,17810
2019-03-20T22:00+01:00,7028,8348,1477,3693,16836
2019-03-20T23:00+01:00,7029,6751,1474,3547,15705
2019-03-21T00:00+01:00,7029,5354,1424,3379,15080
2019-03-21T01:00+01:00,7027,4871,1383,3281,14901
2019-03-21T02:00+01:00,7025,4747,1348,3264,14771
2019-03-21T03:00+01:00,7027,4753,1343,3273,14614
2019-03-21T04:00+01:00,7027,5149,1357,3419,14806
2019-03-21T05:00+01:00,7025,6262,1390,3685,15330
2019-03-21T06:00+01:00,7024,8354,1421,3982,16789
2019-03-21T07:00+01:00,7023,9959,1462,4261,18353
2019-03-21T08:00+01:00,7022,10018,1430,4402,18567
2019-03-21T09:00+01:00,7026,9844,1406,4494,18327
2019-03-21T10:00+01:00,7027,9511,1412,4592,18482
2019-03-21T11:00+01:00,7024,9094,1374,4695,18204
2019-03-21T12:00+01:00,7022,8639,1366,4850,18016
2019-03-21T13:00+01:00,7022,8459,1368,4947,17744
2019-03-21T14:00+01:00,7025,8381,1397,4969,17887
2019-03-21T15:00+01:00,7026,8373,1340,5024,17785
2019-03-21T16:00+01:00,7026,8620,1345,5116,17461
2019-03-21T17:00+01:00,7022,9406,1383,5152,18126
2019-03-21T18:00+01:00,7018,9885,1390,5110,18677
2019-03-21T19:00+01:00,7017,9847,1390,5059,18730
2019-03-21T20:00+01:00,7019,9372,1383,4895,17812
2019-03-21T21:00+01:00,7022,8480,1383,4689,17119
2019-03-21T22:00+01:00,7023,7023,1405,4419,16286
2019-03-21T23:00+01:00,7026,5910,1402,4082,15383
2019-03-22T00:00+01:00,7028,5561,1390,3740,14814
2019-03-22T01:00+01:00,7028,5431,1383,3390,14724
2019-03-22T02:00+01:00,7030,5452,1384,3045,14871
2019-03-22T03:00+01:00,7030,5567,1382,2651,15313
2019-03-22T04:00+01:00,7030,6146,1405,2278,15567
2019-03-22T05:00+01:00,7027,7523,1427,2036,16130
2019-03-22T06:00+01:00,7025,10063,1414,1907,18165
2019-03-22T07:00+01:00,7024,10766,1434,1729,19459
2019-03-22T08:00+01:00,7023,10866,1481,1545,19576
2019-03-22T09:00+01:00,7021,10807,1470,1345,19252
2019-03-22T10:00+01:00,7017,10367,1409,1236,18474
2019-03-22T11:00+01:00,7016,9887,1365,1545,17854
2019-03-22T12:00+01:00,7020,9538,1363,1984,17381
2019-03-22T13:00+01:00,7020,9212,1373,2477,16732
2019-03-22T14:00+01:00,7014,8800,1414,2988,16568
2019-03-22T15:00+01:00,7013,8898,1409,3533,16532
2019-03-22T16:00+01:00,7014,9143,1408,4022,16764
2019-03-22T17:00+01:00,7015,9677,1416,4395,17351
2019-03-22T18:00+01:00,7016,9745,1433,4710,17757
2019-03-22T19:00+01:00,7016,9544,1452,4956,17490
2019-03-22T20:00+01:00,7018,8715,1472,5098,16864
2019-03-22T21:00+01:00,7019,7705,1468,5216,16082
2019-03-22T22:00+01:00,7021,6943,1457,5295,15360
2019-03-22T23:00+01:00,7022,5920,1451,5312,14573
2019-03-23T00:00+01:00,7022,4840,1431,5289,14261
2019-03-23T01:00+01:00,7023,4300,1440,5287,13966
2019-03-23T02:00+01:00,7023,4028,1424,5244,13822
2019-03-23T03:00+01:00,7023,3977,1423,5127,13786
2019-03-23T04:00+01:00,7023,4064,1426,4989,13832
2019-03-23T05:00+01:00,7021,4485,1428,4836,14023
2019-03-23T06:00+01:00,7021,4977,1443,4729,14091
2019-03-23T07:00+01:00,7020,6193,1433,4635,14707
2019-03-23T08:00+01:00,7019,6864,1456,4647,15516
2019-03-23T09:00+01:00,7018,6942,1479,4743,15796
2019-03-23T10:00+01:00,7018,5791,1500,4987,15672
2019-03-23T11:00+01:00,7018,4903,1519,5307,15524
2019-03-23T12:00+01:00,7017,4550,1522,5447,15325
2019-03-23T13:00+01:00,7016,4350,1515,5681,15026
2019-03-23T14:00+01:00,7013,4312,1520,5828,14919
2019-03-23T15:00+01:00,7013,4492,1506,5899,14850
2019-03-23T16:00+01:00,7011,4784,1481,5944,15120
2019-03-23T17:00+01:00,7011,6518,1465,5957,15611
2019-03-23T18:00+01:00,7011,7951,1465,5936,16448
2019-03-23T19:00+01:00,7010,7627,1459,5916,17026
2019-03-23T20:00+01:00,7010,6594,1457,5972,16511
2019-03-23T21:00+01:00,7012,5685,1441,5928,15811
2019-03-23T22:00+01:00,7014,5128,1442,5941,15293
2019-03-23T23:00+01:00,7011,4554,1444,5872,14984
2019-03-24T00:00+01:00,7003,3683,1461,5721,14412
2019-03-24T01:00+01:00,7006,3542,1462,5579,14299
2019-03-24T02:00+01:00,7124,3462,1462,5432,14158
2019-03-24T03:00+01:00,7167,3485,1460,5289,14225
2019-03-24T04:00+01:00,7229,3604,1465,5168,14339
2019-03-24T05:00+01:00,7253,3956,1466,5000,14634
2019-03-24T06:00+01:00,7225,4164,1462,4891,14893
2019-03-24T07:00+01:00,7241,4636,1477,4761,15217
2019-03-24T08:00+01:00,7364,5358,1475,4724,15592
2019-03-24T09:00+01:00,7447,5153,1502,4667,15946
2019-03-24T10:00+01:00,7543,4546,1524,4688,15902
2019-03-24T11:00+01:00,7570,4352,1538,4747,16074
2019-03-24T12:00+01:00,7563,4213,1527,4729,15913
2019-03-24T13:00+01:00,7553,3898,1524,4709,15584
2019-03-24T14:00+01:00,7546,3783,1518,4603,15231
2019-03-24T15:00+01:00,7535,4073,1499,4443,15480
2019-03-24T16:00+01:00,7595,4626,1486,4258,16034
2019-03-24T17:00+01:00,7647,5759,1460,3985,16627
2019-03-24T18:00+01:00,7683,7971,1467,3727,17552
2019-03-24T19:00+01:00,7730,8422,1469,3610,17885
2019-03-24T20:00+01:00,7770,8048,1478,3545,17302
2019-03-24T21:00+01:00,7773,6334,1463,3427,16620
2019-03-24T22:00+01:00,7777,5620,1450,3221,15873
2019-03-24T23:00+01:00,7776,5084,1445,3062,15112
2019-03-25T00:00+01:00,7778,4351,1429,2870,14667
2019-03-25T01:00+01:00,7779,4152,1403,2765,14547
2019-03-25T02:00+01:00,7779,4118,1397,2729,14542
2019-03-25T03:00+01:00,7779,4343,1410,2755,14637
2019-03-25T04:00+01:00,7778,4986,1415,2773,14939
2019-03-25T05:00+01:00,7777,6261,1447,2717,15702
2019-03-25T06:00+01:00,7773,8548,1467,2692,17406
2019-03-25T07:00+01:00,7770,9613,1507,2653,18778
2019-03-25T08:00+01:00,7785,10024,1570,2574,19332
2019-03-25T09:00+01:00,7815,9686,1591,2511,18960
2019-03-25T10:00+01:00,7839,9414,1616,2449,18762
2019-03-25T11:00+01:00,7861,9244,1629,2455,18524
2019-03-25T12:00+01:00,7863,8855,1611,2475,18337
2019-03-25T13:00+01:00,7860,8632,1632,2361,17921
2019-03-25T14:00+01:00,7866,8509,1631,2256,17469
2019-03-25T15:00+01:00,7866,8558,1638,2123,17550
2019-03-25T16:00+01:00,7866,8546,1659,2002,17557
2019-03-25T17:00+01:00,7866,9078,1648,1935,18319
2019-03-25T18:00+01:00,7864,9606,1599,1959,18965
2019-03-25T19:00+01:00,7864,9756,1603,1963,18890
2019-03-25T20:00+01:00,7867,9402,1635,2240,18193
2019-03-25T21:00+01:00,7868,8484,1633,2488,17335
2019-03-25T22:00+01:00,7872,7732,1622,2725,16522
2019-03-25T23:00+01:00,7871,6091,1622,2936,15662
2019-03-26T00:00+01:00,7869,4987,1568,3282,14783
2019-03-26T01:00+01:00,7872,4519,1553,3534,14874
2019-03-26T02:00+01:00,7887,4379,1547,3804,14972
2019-03-26T03:00+01:00,7912,4392,1535,3993,15069
2019-03-26T04:00+01:00,7922,4708,1560,4041,15144
2019-03-26T05:00+01:00,7921,5838,1603,3888,15894
2019-03-26T06:00+01:00,7920,8248,1686,3682,17713
2019-03-26T07:00+01:00,7918,9806,1719,3429,19298
2019-03-26T08:00+01:00,7920,10043,1743,2974,19193
2019-03-26T09:00+01:00,7919,9516,1729,2672,18718
2019-03-26T10:00+01:00,7917,9298,1668,2340,18366
2019-03-26T11:00+01:00,7899,9182,1652,1947,18171
2019-03-26T12:00+01:00,7900,9136,1631,1624,17866
2019-03-26T13:00+01:00,7901,9049,1623,1323,17680
2019-03-26T14:00+01:00,7898,9339,1569,1086,17584
2019-03-26T15:00+01:00,7929,9628,1563,891,17528
2019-03-26T16:00+01:00,7937,9683,1563,762,17670
2019-03-26T17:00+01:00,7935,10277,1590,667,18310
2019-03-26T18:00+01:00,7933,10564,1612,695,18979
2019-03-26T19:00+01:00,7946,10562,1549,804,19297
2019-03-26T20:00+01:00,7959,10100,1565,1043,18539
2019-03-26T21:00+01:00,7960,9627,1580,1382,17727
2019-03-26T22:00+01:00,7962,8942,1550,1780,16834
2019-03-26T23:00+01:00,7978,7582,1545,2069,15460
2019-03-27T00:00+01:00,7994,5835,1524,2477,15147
2019-03-27T01:00+01:00,7994,5383,1518,2612,14810
2019-03-27T02:00+01:00,7994,5209,1507,2659,14330
2019-03-27T03:00+01:00,8008,5302,1511,2765,14666
2019-03-27T04:00+01:00,8023,5630,1525,2873,14841
2019-03-27T05:00+01:00,8020,7223,1547,2880,15501
2019-03-27T06:00+01:00,8021,9257,1569,2918,17194
2019-03-27T07:00+01:00,8028,10065,1580,2817,18660
2019-03-27T08:00+01:00,8042,10368,1589,2628,19093
2019-03-27T09:00+01:00,8043,10267,1592,2475,18670
2019-03-27T10:00+01:00,8044,9898,1564,2334,18237
2019-03-27T11:00+01:00,8041,9728,1490,2345,17868
2019-03-27T12:00+01:00,8057,9489,1491,2323,17887
2019-03-27T13:00+01:00,8065,9291,1461,2213,17283
2019-03-27T14:00+01:00,8065,9067,1432,2069,16658
2019-03-27T15:00+01:00,8066,9271,1393,1982,16925
2019-03-27T16:00+01:00,8076,9287,1342,1870,16836
2019-03-27T17:00+01:00,8090,9570,1321,1765,17420
2019-03-27T18:00+01:00,8089,9976,1325,1711,18057
2019-03-27T19:00+01:00,8091,9884,1302,1596,18271
2019-03-27T20:00+01:00,8090,9783,1340,1608,18102
2019-03-27T21:00+01:00,8105,9287,1342,1616,17385
2019-03-27T22:00+01:00,8114,8575,1355,1683,16490
2019-03-27T23:00+01:00,8115,7409,1347,1757,15511
2019-03-28T00:00+01:00,8118,5632,1392,1864,14969
2019-03-28T01:00+01:00,8116,5305,1390,2155,14644
2019-03-28T02:00+01:00,8117,5360,1397,2514,14673
2019-03-28T03:00+01:00,8116,5401,1371,2977,14909
2019-03-28T04:00+01:00,8114,5808,1360,3233,15063
2019-03-28T05:00+01:00,8114,7064,1380,3414,15696
2019-03-28T06:00+01:00,8112,9032,1368,3548,17325
2019-03-28T07:00+01:00,8108,9820,1378,3523,18320
2019-03-28T08:00+01:00,8105,10015,1354,3262,18339
2019-03-28T09:00+01:00,8103,9790,1374,3046,17823
2019-03-28T10:00+01:00,8103,9757,1348,3004,17499
2019-03-28T11:00+01:00,8103,9454,1319,3177,17230
2019-03-28T12:00+01:00,8101,9340,1319,3314,16919
2019-03-28T13:00+01:00,8101,9072,1342,3469,16696
2019-03-28T14:00+01:00,8101,9015,1363,3648,16345
2019-03-28T15:00+01:00,8098,8811,1340,3868,16354
2019-03-28T16:00+01:00,8097,8820,1321,4120,16349
2019-03-28T17:00+01:00,8093,8757,1292,4478,16680
2019-03-28T18:00+01:00,8092,8802,1304,4746,16940
2019-03-28T19:00+01:00,8085,8319,1323,5014,17280
2019-03-28T20:00+01:00,8087,6961,1332,5169,16638
2019-03-28T21:00+01:00,8091,6017,1327,5256,15881
2019-03-28T22:00+01:00,8094,5040,1316,5373,15000
2019-03-28T23:00+01:00,8095,4241,1322,5441,14197
2019-03-29T00:00+01:00,8098,3032,1225,5611,13710
2019-03-29T01:00+01:00,8097,2878,1195,5659,13556
2019-03-29T02:00+01:00,8095,2864,1141,5650,13567
2019-03-29T03:00+01:00,8095,3039,1143,5680,13557
2019-03-29T04:00+01:00,8093,3402,1155,5692,13719
2019-03-29T05:00+01:00,8093,4858,1167,5732,14135
2019-03-29T06:00+01:00,8093,7041,1273,5747,15887
2019-03-29T07:00+01:00,8093,8401,1290,5753,17411
2019-03-29T08:00+01:00,8092,8460,1301,5666,17424
2019-03-29T09:00+01:00,8090,8315,1320,5647,17127
2019-03-29T10:00+01:00,8085,8030,1328,5722,17136
2019-03-29T11:00+01:00,8088,6914,1341,5782,16909
2019-03-29T12:00+01:00,8089,6288,1339,5737,16471
2019-03-29T13:00+01:00,8093,5982,1369,5636,16146
2019-03-29T14:00+01:00,8096,5975,1356,5578,15940
2019-03-29T15:00+01:00,8094,6037,1322,5352,15671
2019-03-29T16:00+01:00,8093,6451,1304,5230,15777
2019-03-29T17:00+01:00,8091,7293,1270,5183,16115
2019-03-29T18:00+01:00,8088,8574,1255,5011,16536
2019-03-29T19:00+01:00,8087,8395,1259,4951,16966
2019-03-29T20:00+01:00,8089,7307,1269,4924,16202
2019-03-29T21:00+01:00,8091,6494,1266,4932,15400
2019-03-29T22:00+01:00,8094,5534,1268,4970,14754
2019-03-29T23:00+01:00,8097,4742,1259,5058,14043
2019-03-30T00:00+01:00,8096,4279,1256,5002,13649
2019-03-30T01:00+01:00,8096,4047,1251,4986,13653
2019-03-30T02:00+01:00,8096,4005,1251,4838,13750
2019-03-30T03:00+01:00,8096,4137,1253,4634,13836
2019-03-30T04:00+01:00,8097,4517,1241,4478,13879
2019-03-30T05:00+01:00,8097,4767,1242,4268,13649
2019-03-30T06:00+01:00,8098,4944,1243,4073,13869
2019-03-30T07:00+01:00,8097,5489,1247,3846,14440
2019-03-30T08:00+01:00,7779,6022,1262,3698,15198
2019-03-30T09:00+01:00,7381,6067,1274,3622,15700
2019-03-30T10:00+01:00,7420,5895,1282,3581,15349
2019-03-30T11:00+01:00,7431,5379,1300,3698,15278
2019-03-30T12:00+01:00,7496,4756,1307,3816,15265
2019-03-30T13:00+01:00,7610,4348,1303,3871,15006
2019-03-30T14:00+01:00,7656,4141,1285,3812,14650
2019-03-30T15:00+01:00,7682,4679,1263,3794,14688
2019-03-30T16:00+01:00,7728,5527,1251,3717,14695
2019-03-30T17:00+01:00,7743,8094,1243,3763,15817
2019-03-30T18:00+01:00,7805,8855,1243,3776,16348
2019-03-30T19:00+01:00,7809,8890,1245,3716,16535
2019-03-30T20:00+01:00,7867,7724,1241,3773,15718
2019-03-30T21:00+01:00,7872,7026,1232,3886,15028
2019-03-30T22:00+01:00,7925,5802,1225,4039,14481
2019-03-30T23:00+01:00,7927,4909,1222,4163,13920
2019-03-31T00:00+01:00,7982,3605,1248,4370,13589
2019-03-31T01:00+01:00,7985,3196,1249,4610,13407
2019-03-31T03:00+02:00,8026,3139,1254,4890,13445
2019-03-31T04:00+02:00,8040,3079,1270,5042,13446
2019-03-31T05:00+02:00,8054,3046,1267,5132,13515
2019-03-31T06:00+02:00,8081,3214,1273,5106,13669
2019-03-31T07:00+02:00,8087,3811,1276,5012,14242
2019-03-31T08:00+02:00,8089,4428,1287,4990,14766
2019-03-31T09:00+02:00,8089,4427,1343,4958,15161
2019-03-31T10:00+02:00,8088,4213,1358,4884,15186
2019-03-31T11:00+02:00,8087,4156,1406,4855,15242
2019-03-31T12:00+02:00,8087,4079,1437,4654,15000
2019-03-31T13:00+02:00,8085,3900,1454,4507,14704
2019-03-31T14:00+02:00,8086,3604,1475,4467,14607
2019-03-31T15:00+02:00,8084,3365,1468,4454,14583
2019-03-31T16:00+02:00,8083,3597,1447,4334,14719
2019-03-31T17:00+02:00,8076,4407,1435,4145,15071
2019-03-31T18:00+02:00,8051,6443,1462,4001,15806
2019-03-31T19:00+02:00,8056,8356,1456,3852,16788
2019-03-31T20:00+02:00,8075,8836,1472,3721,17575
2019-03-31T21:00+02:00,8083,8502,1498,3557,16688
2019-03-31T22:00+02:00,8085,8264,1528,3474,16195
2019-03-31T23:00+02:00,8087,7071,1526,3444,15385
2019-04-01T00:00+02:00,8090,5078,1530,3226,14886
2019-04-01T01:00+02:00,8091,4878,1537,2984,14919
2019-04-01T02:00+02:00,8090,4916,1539,2685,15083
2019-04-01T03:00+02:00,8088,5068,1555,2459,15322
2019-04-01T04:00+02:00,8090,6117,1501,2263,15897
2019-04-01T05:00+02:00,8089,8102,1513,2079,16844
2019-04-01T06:00+02:00,8084,10219,1534,2007,18859
2019-04-01T07:00+02:00,8081,10581,1539,1959,19949
2019-04-01T08:00+02:00,8081,10653,1587,1947,19753
2019-04-01T09:00+02:00,8084,10645,1615,2083,19341
2019-04-01T10:00+02:00,8084,10482,1639,2146,18714
2019-04-01T11:00+02:00,8084,9941,1613,2382,17916
2019-04-01T12:00+02:00,8081,9379,1586,2511,17427
2019-04-01T13:00+02:00,8073,9042,1587,2691,17442
2019-04-01T14:00+02:00,8074,8448,1574,2724,17120
2019-04-01T15:00+02:00,8075,8551,1563,2727,16985
2019-04-01T16:00+02:00,8076,8989,1538,2647,16865
2019-04-01T17:00+02:00,8074,9117,1528,2549,17186
2019-04-01T18:00+02:00,8072,9985,1525,2502,17535
2019-04-01T19:00+02:00,8071,10130,1501,2558,17821
2019-04-01T20:00+02:00,8073,9868,1527,2676,18149
2019-04-01T21:00+02:00,8078,9076,1522,2745,17257
2019-04-01T22:00+02:00,7956,7946,1515,2882,16239
2019-04-01T23:00+02:00,7688,6202,1497,2977,15347
2019-04-02T00:00+02:00,7581,4757,1453,3050,14466
2019-04-02T01:00+02:00,7465,4692,1459,3142,14468
2019-04-02T02:00+02:00,7228,4566,1443,3232,14188
2019-04-02T03:00+02:00,7088,4767,1458,3302,14664
2019-04-02T04:00+02:00,7088,5116,1479,3399,15145
2019-04-02T05:00+02:00,7088,6601,1510,3340,15969
2019-04-02T06:00+02:00,7084,9557,1541,3310,17890
2019-04-02T07:00+02:00,7082,10260,1581,3253,18928
2019-04-02T08:00+02:00,7081,10288,1617,3050,19240
2019-04-02T09:00+02:00,7077,10304,1639,2949,18948
2019-04-02T10:00+02:00,7061,10054,1573,2910,18128
2019-04-02T11:00+02:00,7083,9756,1522,3036,17327
2019-04-02T12:00+02:00,7087,9061,1523,3331,16885
2019-04-02T13:00+02:00,7085,8597,1518,3516,16615
2019-04-02T14:00+02:00,7085,7749,1470,3569,16299
2019-04-02T15:00+02:00,7085,7643,1445,3641,16447
2019-04-02T16:00+02:00,7084,7836,1409,3643,16308
2019-04-02T17:00+02:00,7085,8357,1385,3618,16732
2019-04-02T18:00+02:00,7083,9572,1415,3703,17406
2019-04-02T19:00+02:00,7084,9566,1407,3783,17713
2019-04-02T20:00+02:00,7083,9341,1396,3861,17989
2019-04-02T21:00+02:00,7085,8315,1381,3868,17187
2019-04-02T22:00+02:00,7088,6726,1360,3896,16063
2019-04-02T23:00+02:00,7089,5711,1316,3872,15159
2019-04-03T00:00+02:00,7090,4960,1315,3786,14691
2019-04-03T01:00+02:00,7090,4565,1314,3663,14345
2019-04-03T02:00+02:00,7093,4564,1320,3597,14462
2019-04-03T03:00+02:00,7095,4576,1321,3550,14682
2019-04-03T04:00+02:00,7093,5182,1329,3438,15096
2019-04-03T05:00+02:00,7091,6970,1357,3312,15878
2019-04-03T06:00+02:00,7088,8995,1373,2928,17484
2019-04-03T07:00+02:00,7086,10101,1412,2718,18686
2019-04-03T08:00+02:00,7082,10354,1409,2444,19050
2019-04-03T09:00+02:00,7084,10423,1348,2215,18943
2019-04-03T10:00+02:00,7087,10438,1272,1863,18445
2019-04-03T11:00+02:00,7088,10162,1242,1772,17847
2019-04-03T12:00+02:00,7088,9838,1225,1804,17155
2019-04-03T13:00+02:00,7089,9574,1259,1926,16983
2019-04-03T14:00+02:00,7091,9300,1260,2076,17059
2019-04-03T15:00+02:00,7085,9316,1228,2133,16993
2019-04-03T16:00+02:00,7082,9537,1216,2146,16948
2019-04-03T17:00+02:00,7078,9749,1213,2226,17163
2019-04-03T18:00+02:00,7078,9755,1219,2402,17143
2019-04-03T19:00+02:00,7077,9773,1222,2732,17369
2019-04-03T20:00+02:00,7079,9402,1222,2982,17396
2019-04-03T21:00+02:00,7080,8822,1234,3036,16501
2019-04-03T22:00+02:00,7086,7500,1267,3053,15440
2019-04-03T23:00+02:00,7088,6274,1271,2970,14719
2019-04-04T00:00+02:00,7090,5264,1247,2776,14059
2019-04-04T01:00+02:00,7090,4853,1227,2622,13883
2019-04-04T02:00+02:00,7093,4838,1227,2468,13862
2019-04-04T03:00+02:00,7095,4818,1237,2424,13813
2019-04-04T04:00+02:00,7096,5421,1240,2391,14339
2019-04-04T05:00+02:00,7095,6868,1251,2403,15155
2019-04-04T06:00+02:00,7092,8504,1285,2300,16701
2019-04-04T07:00+02:00,7091,9710,1320,2197,17933
2019-04-04T08:00+02:00,7089,10412,1352,2105,18390
2019-04-04T09:00+02:00,7087,10102,1335,1945,17952
2019-04-04T10:00+02:00,7086,9622,1319,1799,17686
2019-04-04T11:00+02:00,7085,9220,1283,1802,17231
2019-04-04T12:00+02:00,7083,9067,1305,1895,17050
2019-04-04T13:00+02:00,7081,8971,1274,1853,16630
2019-04-04T14:00+02:00,7083,8816,1277,1889,16434
2019-04-04T15:00+02:00,7082,8655,1247,1967,16457
2019-04-04T16:00+02:00,7082,8949,1197,1966,16329
2019-04-04T17:00+02:00,7080,9021,1175,1986,16326
2019-04-04T18:00+02:00,7080,9047,1215,2152,16429
2019-04-04T19:00+02:00,7081,8955,1249,2570,16730
2019-04-04T20:00+02:00,7083,8672,1228,2799,16553
2019-04-04T21:00+02:00,7085,8243,1282,2889,16001
2019-04-04T22:00+02:00,7087,7649,1289,3005,15259
2019-04-04T23:00+02:00,7090,6772,1302,3013,14310
2019-04-05T00:00+02:00,7015,5707,1309,2934,13793
2019-04-05T01:00+02:00,6826,5391,1296,2889,13567
2019-04-05T02:00+02:00,6624,5330,1299,2884,13776
2019-04-05T03:00+02:00,6630,5302,1300,2981,13810
2019-04-05T04:00+02:00,6716,5897,1351,2984,13912
2019-04-05T05:00+02:00,6778,6986,1337,3078,14859
2019-04-05T06:00+02:00,6859,9512,1368,3091,16693
2019-04-05T07:00+02:00,6878,9978,1461,3023,18147
2019-04-05T08:00+02:00,6910,10086,1436,2816,18438
2019-04-05T09:00+02:00,6988,10174,1438,2594,18056
2019-04-05T10:00+02:00,7009,10084,1385,2512,17651
2019-04-05T11:00+02:00,7055,9938,1424,2473,17167
2019-04-05T12:00+02:00,7122,9717,1380,2476,16713
2019-04-05T13:00+02:00,7130,9193,1328,2443,16322
2019-04-05T14:00+02:00,7142,8527,1307,2435,16049
2019-04-05T15:00+02:00,7143,8555,1289,2450,15906
2019-04-05T16:00+02:00,7144,9041,1268,2472,16040
2019-04-05T17:00+02:00,7138,9466,1238,2516,16291
2019-04-05T18:00+02:00,7131,9438,1216,2644,16236
2019-04-05T19:00+02:00,7130,9427,1214,2765,16280
2019-04-05T20:00+02:00,7132,8954,1229,2879,16209
2019-04-05T21:00+02:00,7139,7343,1239,2878,15463
2019-04-05T22:00+02:00,7166,6993,1277,2816,14972
2019-04-05T23:00+02:00,7222,6544,1294,2720,14369
2019-04-06T00:00+02:00,7254,5734,1300,2309,13674
2019-04-06T01:00+02:00,7258,5330,1283,2107,13593
2019-04-06T02:00+02:00,7259,5090,1274,2049,13471
2019-04-06T03:00+02:00,7260,4565,1278,2006,13363
2019-04-06T04:00+02:00,7262,4600,1301,2033,13345
2019-04-06T05:00+02:00,7261,4898,1308,2055,13769
2019-04-06T06:00+02:00,7261,5650,1328,2013,14089
2019-04-06T07:00+02:00,7261,6828,1322,1986,14613
2019-04-06T08:00+02:00,7264,7985,1329,1888,15512
2019-04-06T09:00+02:00,7277,8628,1341,1709,15862
2019-04-06T10:00+02:00,7277,8643,1367,1597,15636
2019-04-06T11:00+02:00,7275,8334,1352,1553,15152
2019-04-06T12:00+02:00,7269,7746,1327,1654,14693
2019-04-06T13:00+02:00,7268,6938,1343,1767,14534
2019-04-06T14:00+02:00,7269,6619,1307,1820,14305
2019-04-06T15:00+02:00,7268,6655,1253,1700,14312
2019-04-06T16:00+02:00,7267,6983,1211,1608,14450
2019-04-06T17:00+02:00,7264,7585,1188,1512,14665
2019-04-06T18:00+02:00,7264,8418,1149,1518,15171
2019-04-06T19:00+02:00,7261,8560,1145,1534,15322
2019-04-06T20:00+02:00,7264,8562,1135,1473,15599
2019-04-06T21:00+02:00,7288,8027,1148,1321,14822
2019-04-06T22:00+02:00,7321,7106,1149,1240,14172
2019-04-06T23:00+02:00,7359,5947,1155,1168,13673
2019-04-07T00:00+02:00,7382,5037,1160,1083,13266
2019-04-07T01:00+02:00,7425,4712,1153,1049,13116
2019-04-07T02:00+02:00,7459,4494,1149,1044,12914
2019-04-07T03:00+02:00,7479,4458,1141,1119,12803
2019-04-07T04:00+02:00,7486,4695,1132,1305,12983
2019-04-07T05:00+02:00,7505,4907,1140,1454,13078
2019-04-07T06:00+02:00,7507,5552,1147,1499,13259
2019-04-07T07:00+02:00,7506,6551,1160,1560,13769
2019-04-07T08:00+02:00,7506,7685,1179,1554,14338
2019-04-07T09:00+02:00,7506,7814,1228,1604,14887
2019-04-07T10:00+02:00,7505,7364,1286,1716,15097
2019-04-07T11:00+02:00,7503,7342,1323,1806,15132
2019-04-07T12:00+02:00,7501,7199,1304,1937,14996
2019-04-07T13:00+02:00,7499,6791,1298,2032,14858
2019-04-07T14:00+02:00,7497,6666,1287,2171,14545
2019-04-07T15:00+02:00,7496,6688,1267,2328,14298
2019-04-07T16:00+02:00,7498,6776,1242,2485,14492
2019-04-07T17:00+02:00,7497,6982,1246,2606,14957
2019-04-07T18:00+02:00,7497,8246,1243,2759,15528
2019-04-07T19:00+02:00,7496,8759,1233,2944,15714
2019-04-07T20:00+02:00,7498,8803,1246,3203,16093
2019-04-07T21:00+02:00,7498,8450,1231,3314,15768
2019-04-07T22:00+02:00,7498,7701,1229,3437,14914
2019-04-07T23:00+02:00,7499,7129,1231,3503,14253
2019-04-08T00:00+02:00,7499,5699,1265,3694,14048
2019-04-08T01:00+02:00,7500,5343,1332,3745,13950
2019-04-08T02:00+02:00,7500,5237,1277,3810,13966
2019-04-08T03:00+02:00,7502,5207,1315,3853,14107
2019-04-08T04:00+02:00,7510,5404,1368,3947,14286
2019-04-08T05:00+02:00,7512,6558,1440,3981,15265
2019-04-08T06:00+02:00,7515,8366,1483,3963,16994
2019-04-08T07:00+02:00,7518,9659,1499,3901,18597
2019-04-08T08:00+02:00,7524,9587,1536,3794,18993
2019-04-08T09:00+02:00,7534,9490,1574,3813,18892
2019-04-08T10:00+02:00,7548,9334,1602,3706,18836
2019-04-08T11:00+02:00,7555,9241,1600,3690,18659
2019-04-08T12:00+02:00,7562,8633,1591,3664,18334
2019-04-08T13:00+02:00,7572,8170,1525,3602,17955
2019-04-08T14:00+02:00,7577,7800,1571,3601,17759
2019-04-08T15:00+02:00,7576,7778,1595,3583,17633
2019-04-08T16:00+02:00,7575,8052,1561,3564,17606
2019-04-08T17:00+02:00,7567,8401,1556,3536,17861
2019-04-08T18:00+02:00,7566,8794,1560,3439,17714
2019-04-08T19:00+02:00,7566,8887,1535,3342,17785
2019-04-08T20:00+02:00,7564,8773,1535,3361,18167
2019-04-08T21:00+02:00,7566,8297,1556,3399,17624
2019-04-08T22:00+02:00,7568,7018,1539,3467,16438
2019-04-08T23:00+02:00,7560,6282,1526,3540,15575
2019-04-09T00:00+02:00,7516,5347,1556,3655,15439
2019-04-09T01:00+02:00,7548,4899,1544,3731,15152
2019-04-09T02:00+02:00,7568,4754,1548,3771,15266
2019-04-09T03:00+02:00,7568,4654,1472,3890,15052
2019-04-09T04:00+02:00,7567,5052,1489,3957,15142
2019-04-09T05:00+02:00,7567,6339,1523,3955,15811
2019-04-09T06:00+02:00,7567,8517,1558,3869,18363
2019-04-09T07:00+02:00,7564,9580,1612,3866,19732
2019-04-09T08:00+02:00,7565,9545,1603,3772,19614
2019-04-09T09:00+02:00,7537,9543,1614,3661,19450
2019-04-09T10:00+02:00,7519,9431,1676,3637,19326
2019-04-09T11:00+02:00,7552,9051,1698,3533,19229
2019-04-09T12:00+02:00,7566,8534,1632,3444,18819
2019-04-09T13:00+02:00,7566,8155,1650,3447,18601
2019-04-09T14:00+02:00,7564,7778,1626,3341,18021
2019-04-09T15:00+02:00,7563,7778,1608,3351,17598
2019-04-09T16:00+02:00,7563,8206,1587,3335,17973
2019-04-09T17:00+02:00,7562,8552,1529,3351,18299
2019-04-09T18:00+02:00,7560,8771,1548,3279,18408
2019-04-09T19:00+02:00,7561,9074,1539,3189,18593
2019-04-09T20:00+02:00,7566,9176,1535,3129,18576
2019-04-09T21:00+02:00,7567,8666,1527,3132,17881
2019-04-09T22:00+02:00,7569,7302,1520,3086,16913
2019-04-09T23:00+02:00,7573,6482,1527,3054,17229
2019-04-10T00:00+02:00,7572,5302,1527,3074,15501
2019-04-10T01:00+02:00,7572,4828,1549,3018,15183
2019-04-10T02:00+02:00,7574,4731,1553,2982,15138
2019-04-10T03:00+02:00,7572,4687,1544,3003,15214
2019-04-10T04:00+02:00,7572,5210,1556,3030,15443
2019-04-10T05:00+02:00,7570,6310,1574,3057,16200
2019-04-10T06:00+02:00,7569,9278,1608,3037,18151
2019-04-10T07:00+02:00,7568,10093,1644,3018,19928
2019-04-10T08:00+02:00,7563,10200,1673,2866,20581
2019-04-10T09:00+02:00,7559,10157,1710,2658,20030
2019-04-10T10:00+02:00,7559,9902,1693,2449,19634
2019-04-10T11:00+02:00,7559,9555,1684,2357,19842
2019-04-10T12:00+02:00,7563,9228,1703,2213,19804
2019-04-10T13:00+02:00,7567,8957,1688,2002,19536
2019-04-10T14:00+02:00,7572,8837,1668,1782,19303
2019-04-10T15:00+02:00,7572,8850,1691,1685,19214
2019-04-10T16:00+02:00,7572,9202,1643,1524,18989
2019-04-10T17:00+02:00,7575,9376,1619,1432,19311
2019-04-10T18:00+02:00,7577,9623,1528,1393,19161
2019-04-10T19:00+02:00,7578,9754,1518,1333,19169
2019-04-10T20:00+02:00,7578,9617,1572,1308,19449
2019-04-10T21:00+02:00,7578,9111,1529,1348,18697
2019-04-10T22:00+02:00,7575,7653,1557,1383,17787
2019-04-10T23:00+02:00,7526,6412,1565,1455,17023
2019-04-11T00:00+02:00,7554,5967,1574,1366,16649
2019-04-11T01:00+02:00,7578,5436,1549,1337,16451
2019-04-11T02:00+02:00,7578,5338,1539,1309,16419
2019-04-11T03:00+02:00,7574,5465,1540,1283,16426
2019-04-11T04:00+02:00,7571,5970,1552,1251,16505
2019-04-11T05:00+02:00,7569,6779,1576,1210,17285
2019-04-11T06:00+02:00,7567,9221,1580,1131,18988
2019-04-11T07:00+02:00,7569,10214,1603,953,20225
2019-04-11T08:00+02:00,7568,10372,1652,818,20453
2019-04-11T09:00+02:00,7564,10426,1748,726,19897
2019-04-11T10:00+02:00,7569,10183,1736,575,19447
2019-04-11T11:00+02:00,7574,9894,1707,523,18905
2019-04-11T12:00+02:00,7570,9326,1659,518,18744
2019-04-11T13:00+02:00,7569,9056,1654,513,18545
2019-04-11T14:00+02:00,7572,9190,1629,491,18168
2019-04-11T15:00+02:00,7573,9230,1627,474,18078
2019-04-11T16:00+02:00,7568,9176,1589,473,17926
2019-04-11T17:00+02:00,7568,9328,1596,464,18107
2019-04-11T18:00+02:00,7567,9872,1539,494,18181
2019-04-11T19:00+02:00,7567,10129,1520,566,18526
2019-04-11T20:00+02:00,7568,9974,1502,629,18974
2019-04-11T21:00+02:00,7571,9536,1566,639,18736
2019-04-11T22:00+02:00,7573,8492,1586,702,17892
2019-04-11T23:00+02:00,7574,7278,1580,719,17022
2019-04-12T00:00+02:00,7574,6111,1481,697,16543
2019-04-12T01:00+02:00,7575,5667,1489,727,16495
2019-04-12T02:00+02:00,7525,5595,1484,733,16627
2019-04-12T03:00+02:00,7551,5629,1480,734,16782
2019-04-12T04:00+02:00,7571,5998,1472,749,16947
2019-04-12T05:00+02:00,7567,6983,1508,729,17748
2019-04-12T06:00+02:00,7565,9533,1556,676,19532
2019-04-12T07:00+02:00,7565,10427,1558,593,20594
2019-04-12T08:00+02:00,7568,10425,1621,502,20154
2019-04-12T09:00+02:00,7575,10358,1660,394,19604
2019-04-12T10:00+02:00,7578,10144,1690,359,19287
2019-04-12T11:00+02:00,7580,9915,1679,347,18749
2019-04-12T12:00+02:00,7578,9537,1622,352,18463
2019-04-12T13:00+02:00,7576,9196,1615,352,17809
2019-04-12T14:00+02:00,7573,8801,1600,332,17162
2019-04-12T15:00+02:00,7573,8741,1569,338,16730
2019-04-12T16:00+02:00,7571,8832,1539,336,16521
2019-04-12T17:00+02:00,7570,9083,1542,344,16804
2019-04-12T18:00+02:00,7569,9570,1512,411,16860
2019-04-12T19:00+02:00,7568,9675,1485,531,17071
2019-04-12T20:00+02:00,7568,9261,1456,607,17391
2019-04-12T21:00+02:00,7569,9193,1446,576,17174
2019-04-12T22:00+02:00,7570,8263,1468,600,16691
2019-04-12T23:00+02:00,7570,7271,1450,631,16054
2019-04-13T00:00+02:00,7517,6793,1474,597,15739
2019-04-13T01:00+02:00,7546,6391,1451,627,15461
2019-04-13T02:00+02:00,7568,6235,1462,649,15439
2019-04-13T03:00+02:00,7569,6135,1469,670,15523
2019-04-13T04:00+02:00,7569,6217,1467,713,15637
2019-04-13T05:00+02:00,7568,6402,1494,713,15792
2019-04-13T06:00+02:00,7570,7148,1526,680,16013
2019-04-13T07:00+02:00,7571,7945,1531,614,16324
2019-04-13T08:00+02:00,7570,8261,1580,563,16688
2019-04-13T09:00+02:00,7558,8223,1572,577,16580
2019-04-13T10:00+02:00,7566,7996,1609,645,16392
2019-04-13T11:00+02:00,7566,7771,1608,715,16203
2019-04-13T12:00+02:00,7566,7583,1598,756,15941
2019-04-13T13:00+02:00,7564,7425,1600,800,15558
2019-04-13T14:00+02:00,7561,7310,1595,847,15106
2019-04-13T15:00+02:00,7557,7297,1590,871,14895
2019-04-13T16:00+02:00,7557,7229,1549,926,14815
2019-04-13T17:00+02:00,7555,7343,1536,967,15234
2019-04-13T18:00+02:00,7554,7564,1516,1019,15432
2019-04-13T19:00+02:00,7556,7904,1538,1096,15735
2019-04-13T20:00+02:00,7559,7936,1525,1159,16344
2019-04-13T21:00+02:00,7558,7621,1524,1189,16065
2019-04-13T22:00+02:00,7557,6877,1468,1208,15517
2019-04-13T23:00+02:00,7544,6392,1468,1177,15130
2019-04-14T00:00+02:00,7510,5433,1293,1224,14951
2019-04-14T01:00+02:00,7545,5155,1273,1221,14940
2019-04-14T02:00+02:00,7562,5016,1277,1181,14940
2019-04-14T03:00+02:00,7563,4987,1282,1201,15079
2019-04-14T04:00+02:00,7563,4990,1283,1260,15194
2019-04-14T05:00+02:00,7562,5230,1281,1284,15231
2019-04-14T06:00+02:00,7562,5593,1286,1213,15075
2019-04-14T07:00+02:00,7562,6117,1320,1183,15412
2019-04-14T08:00+02:00,7564,6468,1367,1186,15970
2019-04-14T09:00+02:00,7562,6803,1384,1167,15910
2019-04-14T10:00+02:00,7563,6842,1375,1166,15557
2019-04-14T11:00+02:00,7562,6713,1363,1118,15519
2019-04-14T12:00+02:00,7559,6588,1359,1145,15506
2019-04-14T13:00+02:00,7560,6629,1295,1123,15243
2019-04-14T14:00+02:00,7558,6710,1274,1071,15007
2019-04-14T15:00+02:00,7556,6518,1223,1021,14689
2019-04-14T16:00+02:00,7553,6715,1205,959,14865
2019-04-14T17:00+02:00,7551,7148,1176,939,15314
2019-04-14T18:00+02:00,7546,7464,1045,919,15605
2019-04-14T19:00+02:00,7498,7687,1052,929,16054
2019-04-14T20:00+02:00,7514,7802,1062,926,16562
2019-04-14T21:00+02:00,7542,7599,1066,893,16313
2019-04-14T22:00+02:00,7547,7383,1076,923,15905
2019-04-14T23:00+02:00,7548,6915,1074,915,15448
2019-04-15T00:00+02:00,7548,5653,1056,895,15098
2019-04-15T01:00+02:00,7509,5372,1037,828,15084
2019-04-15T02:00+02:00,7508,5439,1057,787,15235
2019-04-15T03:00+02:00,7541,5699,1054,753,15343
2019-04-15T04:00+02:00,7548,5984,1088,752,15791
2019-04-15T05:00+02:00,7545,6932,1115,708,16582
2019-04-15T06:00+02:00,7544,9437,1117,664,18375
2019-04-15T07:00+02:00,7538,10326,1128,604,19489
2019-04-15T08:00+02:00,7538,10231,1122,534,19462
2019-04-15T09:00+02:00,7540,9712,1132,495,19059
2019-04-15T10:00+02:00,7540,9453,1029,448,18298
2019-04-15T11:00+02:00,7539,9015,1107,435,17786
2019-04-15T12:00+02:00,7539,8805,1050,509,17463
2019-04-15T13:00+02:00,7541,8403,1062,598,17144
2019-04-15T14:00+02:00,7537,8293,959,620,16722
2019-04-15T15:00+02:00,7535,8289,962,610,16473
2019-04-15T16:00+02:00,7533,8361,985,570,16242
2019-04-15T17:00+02:00,7533,8569,971,573,16299
2019-04-15T18:00+02:00,7532,9018,913,608,16533
2019-04-15T19:00+02:00,7532,9226,903,677,16836
2019-04-15T20:00+02:00,7530,8959,893,744,17045
2019-04-15T21:00+02:00,7530,8171,912,760,16710
2019-04-15T22:00+02:00,7534,7077,988,797,15936
2019-04-15T23:00+02:00,7524,6685,1029,844,15328
2019-04-16T00:00+02:00,7486,5757,1325,903,14937
2019-04-16T01:00+02:00,7516,5463,1316,881,14780
2019-04-16T02:00+02:00,7532,5410,1304,913,14854
2019-04-16T03:00+02:00,7532,5416,1310,941,14951
2019-04-16T04:00+02:00,7533,5758,1317,974,15218
2019-04-16T05:00+02:00,7531,6950,1326,1021,16004
2019-04-16T06:00+02:00,7532,8978,1361,1006,17389
2019-04-16T07:00+02:00,7529,9780,1392,976,18526
2019-04-16T08:00+02:00,7530,9681,1517,934,18716
2019-04-16T09:00+02:00,7532,9339,1516,952,18208
2019-04-16T10:00+02:00,7531,9021,1455,945,17832
2019-04-16T11:00+02:00,7529,8809,1381,1016,17387
2019-04-16T12:00+02:00,7523,8627,1332,1125,17007
2019-04-16T13:00+02:00,7520,8067,1256,1259,16674
2019-04-16T14:00+02:00,7518,7771,1254,1357,16551
2019-04-16T15:00+02:00,7516,7651,1263,1302,16316
2019-04-16T16:00+02:00,7518,7897,1211,1262,16118
2019-04-16T17:00+02:00,7516,8413,1165,1273,16226
2019-04-16T18:00+02:00,7511,8963,1162,1254,16418
2019-04-16T19:00+02:00,7514,9150,1167,1264,16484
2019-04-16T20:00+02:00,7516,8974,1145,1309,16847
2019-04-16T21:00+02:00,7516,8479,1200,1302,16561
2019-04-16T22:00+02:00,7517,7374,1261,1318,15711
2019-04-16T23:00+02:00,7504,6639,1270,1316,14847
2019-04-17T00:00+02:00,7463,5590,1315,1302,14677
2019-04-17T01:00+02:00,7492,5242,1268,1268,14459
2019-04-17T02:00+02:00,7512,5193,1289,1231,14603
2019-04-17T03:00+02:00,7512,5246,1321,1162,14810
2019-04-17T04:00+02:00,7509,5759,1323,1156,15120
2019-04-17T05:00+02:00,7504,7036,1336,1093,15830
2019-04-17T06:00+02:00,7503,9097,1328,927,17247
2019-04-17T07:00+02:00,7503,9853,1392,795,18362
2019-04-17T08:00+02:00,7503,9804,1450,645,18391
2019-04-17T09:00+02:00,7503,9953,1475,517,18081
2019-04-17T10:00+02:00,7504,9940,1402,383,17520
2019-04-17T11:00+02:00,7504,9543,1332,314,17180
2019-04-17T12:00+02:00,7501,8825,1167,298,16573
2019-04-17T13:00+02:00,7496,8407,1174,333,16281
2019-04-17T14:00+02:00,7491,8319,1195,360,15967
2019-04-17T15:00+02:00,7490,8280,1146,368,15774
2019-04-17T16:00+02:00,7488,8337,1114,381,15551
2019-04-17T17:00+02:00,7485,8384,1083,392,15603
2019-04-17T18:00+02:00,7483,9060,1080,417,15748
2019-04-17T19:00+02:00,7482,9239,1050,505,15814
2019-04-17T20:00+02:00,7481,8958,1015,601,16006
2019-04-17T21:00+02:00,7483,8494,1012,663,15630
2019-04-17T22:00+02:00,7484,7166,1020,755,14821
2019-04-17T23:00+02:00,7485,6650,1025,828,14168
2019-04-18T00:00+02:00,7437,5651,1021,832,13586
2019-04-18T01:00+02:00,7460,5360,1049,832,13473
2019-04-18T02:00+02:00,7484,5320,1069,826,13535
2019-04-18T03:00+02:00,7486,5378,1076,760,13658
2019-04-18T04:00+02:00,7484,6172,1109,716,14163
2019-04-18T05:00+02:00,7482,7194,1114,709,14819
2019-04-18T06:00+02:00,7484,8827,1134,763,16307
2019-04-18T07:00+02:00,7481,9481,1160,747,17426
2019-04-18T08:00+02:00,7473,9621,1175,603,17336
2019-04-18T09:00+02:00,7475,9649,1201,472,16960
2019-04-18T10:00+02:00,7479,9365,1215,345,16299
2019-04-18T11:00+02:00,7479,8670,1178,324,15631
2019-04-18T12:00+02:00,7474,8304,1149,412,15262
2019-04-18T13:00+02:00,7472,7922,1125,527,15104
2019-04-18T14:00+02:00,7470,7256,1096,635,14587
2019-04-18T15:00+02:00,7465,7231,1059,716,14323
2019-04-18T16:00+02:00,7462,7308,1014,788,14212
2019-04-18T17:00+02:00,7461,7455,984,818,14287
2019-04-18T18:00+02:00,7410,8226,968,917,14564
2019-04-18T19:00+02:00,7429,8594,964,1053,14562
2019-04-18T20:00+02:00,7450,8333,964,1146,14676
2019-04-18T21:00+02:00,7452,7779,953,1166,14393
2019-04-18T22:00+02:00,7453,7157,957,1216,13670
2019-04-18T23:00+02:00,7454,6335,961,1343,13152
2019-04-19T00:00+02:00,7453,4848,944,1329,12636
2019-04-19T01:00+02:00,7407,4401,943,1397,12572
2019-04-19T02:00+02:00,7432,4329,946,1402,12640
2019-04-19T03:00+02:00,7456,4429,946,1397,12747
2019-04-19T04:00+02:00,7458,5000,968,1441,12940
2019-04-19T05:00+02:00,7460,5975,975,1462,13102
2019-04-19T06:00+02:00,7460,7481,996,1355,13650
2019-04-19T07:00+02:00,7458,8208,1008,1234,13883
2019-04-19T08:00+02:00,7457,8542,1030,1036,14066
2019-04-19T09:00+02:00,7445,8616,1025,830,14109
2019-04-19T10:00+02:00,7432,8464,1020,737,14003
2019-04-19T11:00+02:00,7417,8165,1022,636,13663
2019-04-19T12:00+02:00,7411,8033,1028,644,13548
2019-04-19T13:00+02:00,7408,7894,1024,703,13343
2019-04-19T14:00+02:00,7402,7244,1022,718,13003
2019-04-19T15:00+02:00,7401,7158,1017,695,12985
2019-04-19T16:00+02:00,7404,7332,988,717,13163
2019-04-19T17:00+02:00,7404,7558,961,722,13265
2019-04-19T18:00+02:00,7404,8009,942,843,13187
2019-04-19T19:00+02:00,7404,8191,919,1014,13181
2019-04-19T20:00+02:00,7405,8050,902,1177,13385
2019-04-19T21:00+02:00,7406,8077,915,1264,13482
2019-04-19T22:00+02:00,7407,7725,932,1390,13139
2019-04-19T23:00+02:00,7409,6631,945,1456,12618
2019-04-20T00:00+02:00,7364,5207,923,1386,12344
2019-04-20T01:00+02:00,7408,4863,930,1322,12137
2019-04-20T02:00+02:00,7434,4833,933,1294,12130
2019-04-20T03:00+02:00,7436,4878,946,1248,12262
2019-04-20T04:00+02:00,7438,5054,957,1179,12411
2019-04-20T05:00+02:00,7437,5832,955,1126,12481
2019-04-20T06:00+02:00,7436,6582,951,1006,12560
2019-04-20T07:00+02:00,7436,7714,976,842,12808
2019-04-20T08:00+02:00,7435,8324,980,670,13191
2019-04-20T09:00+02:00,7433,8536,984,396,13370
2019-04-20T10:00+02:00,7431,8616,989,255,13316
2019-04-20T11:00+02:00,7428,8239,1001,211,13042
2019-04-20T12:00+02:00,7424,7882,984,202,12642
2019-04-20T13:00+02:00,7420,7450,989,257,12424
2019-04-20T14:00+02:00,7415,7066,986,344,12103
2019-04-20T15:00+02:00,7409,6946,972,423,12020
2019-04-20T16:00+02:00,7408,6973,946,514,12096
2019-04-20T17:00+02:00,7408,7277,903,646,12288
2019-04-20T18:00+02:00,7401,8007,878,886,12443
2019-04-20T19:00+02:00,7397,8132,870,1202,12596
2019-04-20T20:00+02:00,7401,8113,865,1446,12923
2019-04-20T21:00+02:00,7402,7804,877,1567,12903
2019-04-20T22:00+02:00,7406,6682,887,1679,12303
2019-04-20T23:00+02:00,7405,5805,886,1813,12086
2019-04-21T00:00+02:00,7360,4627,878,1964,11966
2019-04-21T01:00+02:00,7381,4236,895,1957,11868
2019-04-21T02:00+02:00,7401,3926,880,2004,11889
2019-04-21T03:00+02:00,7401,3902,908,2008,11914
2019-04-21T04:00+02:00,7402,3931,904,1981,11985
2019-04-21T05:00+02:00,7398,4070,909,1969,11994
2019-04-21T06:00+02:00,7388,4535,922,1780,11993
2019-04-21T07:00+02:00,7392,5308,932,1642,12315
2019-04-21T08:00+02:00,7394,6184,946,1480,12900
2019-04-21T09:00+02:00,7390,6613,959,1271,13048
2019-04-21T10:00+02:00,7389,6675,970,1077,13026
2019-04-21T11:00+02:00,7387,6513,980,1023,12722
2019-04-21T12:00+02:00,7384,6410,993,1030,12746
2019-04-21T13:00+02:00,7379,6023,983,1120,12455
2019-04-21T14:00+02:00,7372,5572,975,1133,12276
2019-04-21T15:00+02:00,7361,5494,966,1121,12168
2019-04-21T16:00+02:00,7362,5537,947,1164,12251
2019-04-21T17:00+02:00,7360,6235,931,1189,12634
2019-04-21T18:00+02:00,7353,7096,923,1208,12824
2019-04-21T19:00+02:00,7351,8184,911,1230,13043
2019-04-21T20:00+02:00,7351,8249,895,1340,13092
2019-04-21T21:00+02:00,7352,8099,899,1422,13149
2019-04-21T22:00+02:00,7351,6856,897,1462,12500
2019-04-21T23:00+02:00,7350,5855,911,1418,12139
2019-04-22T00:00+02:00,7303,4504,909,1299,11601
2019-04-22T01:00+02:00,7328,4077,909,1240,11314
2019-04-22T02:00+02:00,7353,4044,919,1216,11260
2019-04-22T03:00+02:00,7351,4058,920,1245,11314
2019-04-22T04:00+02:00,7210,4429,927,1254,11453
2019-04-22T05:00+02:00,7145,5002,937,1238,11457
2019-04-22T06:00+02:00,7144,5982,946,1150,11511
2019-04-22T07:00+02:00,7113,7054,956,984,12169
2019-04-22T08:00+02:00,7074,7404,968,832,12553
2019-04-22T09:00+02:00,6999,7667,972,764,13285
2019-04-22T10:00+02:00,6883,7659,974,719,13358
2019-04-22T11:00+02:00,6879,7670,1003,763,13258
2019-04-22T12:00+02:00,6778,7275,1007,854,13173
2019-04-22T13:00+02:00,6609,6624,1007,948,13080
2019-04-22T14:00+02:00,6552,6205,992,1052,12689
2019-04-22T15:00+02:00,6450,6126,973,1118,12516
2019-04-22T16:00+02:00,6424,6211,946,1212,12720
2019-04-22T17:00+02:00,6421,6476,918,1431,12950
2019-04-22T18:00+02:00,6422,6542,895,1698,13125
2019-04-22T19:00+02:00,6431,6799,870,2036,13337
2019-04-22T20:00+02:00,6449,6668,868,2419,13176
2019-04-22T21:00+02:00,6452,5965,874,2793,12826
2019-04-22T22:00+02:00,6453,4931,900,3140,12262
2019-04-22T23:00+02:00,6457,4344,912,3269,12040
2019-04-23T00:00+02:00,6408,4000,923,3347,11821
2019-04-23T01:00+02:00,6438,3779,938,3276,11700
2019-04-23T02:00+02:00,6463,3781,944,3191,11803
2019-04-23T03:00+02:00,6465,3842,939,3093,12008
2019-04-23T04:00+02:00,6464,4400,934,2977,12250
2019-04-23T05:00+02:00,6461,5569,954,2827,12928
2019-04-23T06:00+02:00,6458,7110,962,2500,14185
2019-04-23T07:00+02:00,6456,8942,982,2121,15397
2019-04-23T08:00+02:00,6452,9203,983,1929,15935
2019-04-23T09:00+02:00,6446,8981,992,1773,15929
2019-04-23T10:00+02:00,6446,8704,1004,1746,15358
2019-04-23T11:00+02:00,6450,8319,988,1934,14700
2019-04-23T12:00+02:00,6452,7704,967,2170,14424
2019-04-23T13:00+02:00,6451,7451,980,2439,14740
2019-04-23T14:00+02:00,6446,6817,982,2583,14498
2019-04-23T15:00+02:00,6443,6814,963,2600,14502
2019-04-23T16:00+02:00,6395,6896,938,2672,14535
2019-04-23T17:00+02:00,6420,6808,921,2758,14593
2019-04-23T18:00+02:00,6438,7063,895,2913,14568
2019-04-23T19:00+02:00,6437,7331,874,3206,14838
2019-04-23T20:00+02:00,6438,7201,865,3397,14812
2019-04-23T21:00+02:00,6439,6329,875,3464,14305
2019-04-23T22:00+02:00,6439,5737,884,3546,13640
2019-04-23T23:00+02:00,6439,4819,882,3559,12640
2019-04-24T00:00+02:00,6392,3946,817,3595,12131
2019-04-24T01:00+02:00,6422,3655,810,3510,11871
2019-04-24T02:00+02:00,6446,3631,824,3483,11851
2019-04-24T03:00+02:00,6447,3720,825,3428,11837
2019-04-24T04:00+02:00,6446,4392,842,3307,11824
2019-04-24T05:00+02:00,6445,5887,864,3182,12387
2019-04-24T06:00+02:00,6442,7978,877,3007,13827
2019-04-24T07:00+02:00,6438,9452,907,2780,15222
2019-04-24T08:00+02:00,6436,9518,910,2639,15747
2019-04-24T09:00+02:00,6438,8851,917,2622,15575
2019-04-24T10:00+02:00,6434,8522,879,2617,15228
2019-04-24T11:00+02:00,6432,8080,904,2728,14792
2019-04-24T12:00+02:00,6431,7720,911,2990,14373
2019-04-24T13:00+02:00,6428,7337,920,3266,14111
2019-04-24T14:00+02:00,6426,6730,943,3430,14378
2019-04-24T15:00+02:00,6428,6750,944,3371,14589
2019-04-24T16:00+02:00,6427,7154,924,3238,14487
2019-04-24T17:00+02:00,6425,8105,893,3109,14745
2019-04-24T18:00+02:00,6423,8723,870,3078,14908
2019-04-24T19:00+02:00,6427,8634,849,3052,14928
2019-04-24T20:00+02:00,6428,8332,840,3037,14717
2019-04-24T21:00+02:00,6429,8009,826,2991,14273
2019-04-24T22:00+02:00,6429,7349,807,3005,13518
2019-04-24T23:00+02:00,6430,6208,822,2993,12670
2019-04-25T00:00+02:00,6380,5572,807,2870,12043
2019-04-25T01:00+02:00,6403,5306,799,2770,11572
2019-04-25T02:00+02:00,6426,5283,794,2675,11280
2019-04-25T03:00+02:00,6430,5442,795,2662,11721
2019-04-25T04:00+02:00,6428,5822,814,2585,11817
2019-04-25T05:00+02:00,6428,6828,817,2443,12217
2019-04-25T06:00+02:00,6424,8957,848,2201,13829
2019-04-25T07:00+02:00,6421,9478,888,1953,15028
2019-04-25T08:00+02:00,6423,9651,907,1800,15713
2019-04-25T09:00+02:00,6536,9430,977,1681,15742
2019-04-25T10:00+02:00,6678,8664,1053,1527,15159
2019-04-25T11:00+02:00,6679,8113,1023,1497,15064
2019-04-25T12:00+02:00,6677,7899,966,1603,14947
2019-04-25T13:00+02:00,6675,7923,966,1775,14904
2019-04-25T14:00+02:00,6673,7951,976,1829,14885
2019-04-25T15:00+02:00,6669,7949,969,1821,14794
2019-04-25T16:00+02:00,6670,8230,867,1803,14610
2019-04-25T17:00+02:00,6667,8545,826,1760,14726
2019-04-25T18:00+02:00,6739,9460,806,1735,14833
2019-04-25T19:00+02:00,6785,9471,783,1795,14606
2019-04-25T20:00+02:00,6799,9193,826,1851,14386
2019-04-25T21:00+02:00,6842,8900,831,1826,14147
2019-04-25T22:00+02:00,6869,8116,777,1836,13229
2019-04-25T23:00+02:00,6872,7747,762,1827,12572
2019-04-26T00:00+02:00,6825,7213,781,1657,11987
2019-04-26T01:00+02:00,6853,6495,772,1497,11524
2019-04-26T02:00+02:00,6875,6556,761,1415,11642
2019-04-26T03:00+02:00,6877,6730,761,1368,11515
2019-04-26T04:00+02:00,6716,7303,772,1355,12214
2019-04-26T05:00+02:00,6669,7678,786,1296,12756
2019-04-26T06:00+02:00,6664,9511,819,1198,14130
2019-04-26T07:00+02:00,6662,10148,841,1067,15467
2019-04-26T08:00+02:00,6663,10296,866,948,16060
2019-04-26T09:00+02:00,6670,10281,862,865,16080
2019-04-26T10:00+02:00,6670,10246,870,701,15850
2019-04-26T11:00+02:00,6700,10232,842,680,15364
2019-04-26T12:00+02:00,6780,10070,860,698,14995
2019-04-26T13:00+02:00,6805,9676,867,783,14724
2019-04-26T14:00+02:00,6826,9103,862,851,14232
2019-04-26T15:00+02:00,6848,9002,850,930,14226
2019-04-26T16:00+02:00,6853,9426,844,982,14270
2019-04-26T17:00+02:00,6851,10018,794,1029,14353
2019-04-26T18:00+02:00,6852,9992,785,1070,14098
2019-04-26T19:00+02:00,6851,9909,766,1146,13884
2019-04-26T20:00+02:00,6851,9616,759,1285,13703
2019-04-26T21:00+02:00,6852,9368,729,1318,13484
2019-04-26T22:00+02:00,6857,8373,719,1352,12796
2019-04-26T23:00+02:00,6858,7673,711,1393,12350
2019-04-27T00:00+02:00,6811,6867,709,1353,12040
2019-04-27T01:00+02:00,6835,6771,711,1367,11673
2019-04-27T02:00+02:00,6859,6715,710,1357,11385
2019-04-27T03:00+02:00,6862,6711,704,1341,11273
2019-04-27T04:00+02:00,6863,6699,702,1431,11313
2019-04-27T05:00+02:00,6865,6721,709,1511,11085
2019-04-27T06:00+02:00,6865,6952,717,1426,11181
2019-04-27T07:00+02:00,6862,7282,748,1300,11932
2019-04-27T08:00+02:00,6862,7751,774,1272,12775
2019-04-27T09:00+02:00,6860,7827,795,1322,13319
2019-04-27T10:00+02:00,6856,7928,802,1350,13626
2019-04-27T11:00+02:00,6853,7871,803,1411,13610
2019-04-27T12:00+02:00,6852,7457,795,1586,13357
2019-04-27T13:00+02:00,6848,7138,807,1815,13215
2019-04-27T14:00+02:00,6848,6923,819,1891,13249
2019-04-27T15:00+02:00,6846,7052,834,1893,13101
2019-04-27T16:00+02:00,6790,7244,816,1964,13220
2019-04-27T17:00+02:00,6786,7611,804,1996,13493
2019-04-27T18:00+02:00,6797,8183,794,2082,13812
2019-04-27T19:00+02:00,6818,8226,777,2182,13660
2019-04-27T20:00+02:00,6838,8229,773,2386,13547
2019-04-27T21:00+02:00,6840,8082,762,2501,13259
2019-04-27T22:00+02:00,6838,7725,760,2579,12677
2019-04-27T23:00+02:00,6838,7176,761,2601,12126
2019-04-28T00:00+02:00,6839,5538,732,2648,11940
2019-04-28T01:00+02:00,6803,5350,739,2700,11877
2019-04-28T02:00+02:00,6829,5063,727,2476,11429
2019-04-28T03:00+02:00,6873,5068,722,2436,11558
2019-04-28T04:00+02:00,6901,5030,711,2407,11425
2019-04-28T05:00+02:00,6928,5071,718,2299,11131
2019-04-28T06:00+02:00,6953,5888,714,2099,11341
2019-04-28T07:00+02:00,6967,6884,711,1912,12028
2019-04-28T08:00+02:00,6986,7641,753,1797,12973
2019-04-28T09:00+02:00,7005,7990,782,1733,13628
2019-04-28T10:00+02:00,7009,8064,814,1693,13907
2019-04-28T11:00+02:00,7008,8069,830,1695,13706
2019-04-28T12:00+02:00,7006,8033,820,1812,13647
2019-04-28T13:00+02:00,7007,7935,804,1908,13597
2019-04-28T14:00+02:00,7005,7818,805,1910,13410
2019-04-28T15:00+02:00,7002,7799,799,1856,13365
2019-04-28T16:00+02:00,7018,8038,786,1749,13599
2019-04-28T17:00+02:00,7039,8204,757,1717,13899
2019-04-28T18:00+02:00,7058,8480,750,1639,14188
2019-04-28T19:00+02:00,7080,8590,765,1618,14352
2019-04-28T20:00+02:00,7106,8917,761,1643,14642
2019-04-28T21:00+02:00,7130,8976,746,1746,14591
2019-04-28T22:00+02:00,7155,8372,743,1840,13855
2019-04-28T23:00+02:00,7163,7986,745,1897,13152
2019-04-29T00:00+02:00,7123,6949,795,1877,12707
2019-04-29T01:00+02:00,7150,6751,782,1925,12617
2019-04-29T02:00+02:00,7171,6750,783,1901,12656
2019-04-29T03:00+02:00,7187,6805,773,1849,12578
2019-04-29T04:00+02:00,7204,7072,793,1909,12913
2019-04-29T05:00+02:00,7217,7794,794,1794,13491
2019-04-29T06:00+02:00,7223,9652,804,1504,15024
2019-04-29T07:00+02:00,7220,10187,838,1219,16151
2019-04-29T08:00+02:00,7216,10173,875,977,16254
2019-04-29T09:00+02:00,7216,9960,911,790,16157
2019-04-29T10:00+02:00,7215,9944,949,655,15738
2019-04-29T11:00+02:00,7212,9849,974,586,15605
2019-04-29T12:00+02:00,7208,9795,986,571,15436
2019-04-29T13:00+02:00,7206,9822,990,562,15252
2019-04-29T14:00+02:00,7205,9570,985,536,14968
2019-04-29T15:00+02:00,7203,8750,967,536,14831
2019-04-29T16:00+02:00,7202,9066,924,521,14644
2019-04-29T17:00+02:00,7200,9571,896,547,14759
2019-04-29T18:00+02:00,7198,9525,886,617,14598
2019-04-29T19:00+02:00,7199,9608,861,749,14736
2019-04-29T20:00+02:00,7202,9495,841,910,14660
2019-04-29T21:00+02:00,7203,9347,836,1033,14581
2019-04-29T22:00+02:00,7203,8977,822,1118,13982
2019-04-29T23:00+02:00,7204,8323,821,1176,13373
2019-04-30T00:00+02:00,7156,7257,801,1139,12701
2019-04-30T01:00+02:00,7182,6964,784,1171,12319
2019-04-30T02:00+02:00,7208,6933,787,1267,12305
2019-04-30T03:00+02:00,7211,7011,788,1244,12210
2019-04-30T04:00+02:00,7211,7192,801,1261,12264
2019-04-30T05:00+02:00,7211,7493,813,1188,12642
2019-04-30T06:00+02:00,7208,8202,818,930,13865
2019-04-30T07:00+02:00,7204,9073,824,740,15304
2019-04-30T08:00+02:00,7197,9313,870,536,15833
2019-04-30T09:00+02:00,7198,9097,887,391,15738
2019-04-30T10:00+02:00,7202,9077,888,309,15546
2019-04-30T11:00+02:00,7195,9040,910,273,15290
2019-04-30T12:00+02:00,7191,8866,920,288,15020
2019-04-30T13:00+02:00,7189,8239,921,350,14964
2019-04-30T14:00+02:00,7187,8108,915,415,14873
2019-04-30T15:00+02:00,7185,8062,903,494,14734
2019-04-30T16:00+02:00,7052,8032,881,583,14560
2019-04-30T17:00+02:00,6755,8262,861,664,14780
2019-04-30T18:00+02:00,6585,8341,845,784,14487
2019-04-30T19:00+02:00,6519,8330,825,952,13988
2019-04-30T20:00+02:00,6445,8199,815,1121,13483
2019-04-30T21:00+02:00,6426,8058,811,1343,13463
2019-04-30T22:00+02:00,6428,7777,792,1583,12928
2019-04-30T23:00+02:00,6432,7125,804,1709,12110
2019-05-01T00:00+02:00,6388,6525,786,1700,12072
2019-05-01T01:00+02:00,6416,6305,786,1774,11777
2019-05-01T02:00+02:00,6441,6268,781,1679,11608
2019-05-01T03:00+02:00,6444,6264,792,1650,11417
2019-05-01T04:00+02:00,6445,6461,806,1592,11487
2019-05-01T05:00+02:00,6446,6553,820,1572,11304
2019-05-01T06:00+02:00,6445,6907,836,1396,11377
2019-05-01T07:00+02:00,6443,7386,844,1263,11883
2019-05-01T08:00+02:00,6443,7820,860,1184,12883
2019-05-01T09:00+02:00,6441,7826,853,1133,13336
2019-05-01T10:00+02:00,6440,7971,870,1208,14055
2019-05-01T11:00+02:00,6443,8151,884,1295,14321
2019-05-01T12:00+02:00,6443,7751,864,1369,14261
2019-05-01T13:00+02:00,6446,7255,876,1402,13816
2019-05-01T14:00+02:00,6448,7148,865,1460,13720
2019-05-01T15:00+02:00,6446,7086,858,1552,13643
2019-05-01T16:00+02:00,6446,7086,866,1645,13718
2019-05-01T17:00+02:00,6446,7216,878,1750,13916
2019-05-01T18:00+02:00,6446,7569,862,1819,14169
2019-05-01T19:00+02:00,6446,7788,867,1989,14432
2019-05-01T20:00+02:00,6445,7777,866,2113,14379
2019-05-01T21:00+02:00,6445,7635,871,2213,14226
2019-05-01T22:00+02:00,6446,7284,846,2358,13351
2019-05-01T23:00+02:00,6447,6775,833,2595,12931
2019-05-02T00:00+02:00,6400,5827,894,2962,12771
2019-05-02T01:00+02:00,6429,5194,895,3273,12785
2019-05-02T02:00+02:00,6451,4783,917,3490,12533
2019-05-02T03:00+02:00,6452,4772,871,3639,12287
2019-05-02T04:00+02:00,6452,4846,896,3821,12255
2019-05-02T05:00+02:00,6452,5811,906,4035,12827
2019-05-02T06:00+02:00,6451,6912,933,4208,14543
2019-05-02T07:00+02:00,6451,8454,943,4396,16137
2019-05-02T08:00+02:00,6450,8696,1009,4319,16623
2019-05-02T09:00+02:00,6451,8752,1046,4235,16804
2019-05-02T10:00+02:00,6453,8628,1066,4266,16871
2019-05-02T11:00+02:00,6454,8429,1064,4251,16703
2019-05-02T12:00+02:00,6452,8208,1025,4305,16755
2019-05-02T13:00+02:00,6458,8107,988,4240,16371
2019-05-02T14:00+02:00,6464,8016,983,4213,16131
2019-05-02T15:00+02:00,6468,7918,951,4109,16104
2019-05-02T16:00+02:00,6469,7946,980,4073,16327
2019-05-02T17:00+02:00,6467,8180,921,3906,16635
2019-05-02T18:00+02:00,6465,8450,910,3578,16508
2019-05-02T19:00+02:00,6467,8488,905,3141,16382
2019-05-02T20:00+02:00,6471,8613,878,2774,16295
2019-05-02T21:00+02:00,6473,8392,863,2579,16101
2019-05-02T22:00+02:00,6478,7702,848,2479,15189
2019-05-02T23:00+02:00,6478,6891,845,2351,14098
2019-05-03T00:00+02:00,6440,6599,797,2360,13520
2019-05-03T01:00+02:00,6467,6230,783,2481,13515
2019-05-03T02:00+02:00,6491,6141,737,2464,13582
2019-05-03T03:00+02:00,6494,6126,740,2464,13697
2019-05-03T04:00+02:00,6496,6667,739,2350,13950
2019-05-03T05:00+02:00,6498,6911,758,2299,14393
2019-05-03T06:00+02:00,6497,8422,794,2171,16096
2019-05-03T07:00+02:00,6497,9241,857,2116,17488
2019-05-03T08:00+02:00,6496,9380,900,2049,17377
2019-05-03T09:00+02:00,6495,9438,923,2105,17011
2019-05-03T10:00+02:00,6494,9425,971,2301,16840
2019-05-03T11:00+02:00,6489,9337,1042,2459,16719
2019-05-03T12:00+02:00,6487,9070,1046,2506,16628
2019-05-03T13:00+02:00,6485,8753,1045,2644,16274
2019-05-03T14:00+02:00,6484,8311,1048,2587,15752
2019-05-03T15:00+02:00,6483,8286,1051,2487,15670
2019-05-03T16:00+02:00,6489,8466,1031,2428,15553
2019-05-03T17:00+02:00,6490,8623,993,2235,15469
2019-05-03T18:00+02:00,6489,8983,966,1990,15439
2019-05-03T19:00+02:00,6489,8971,945,1673,15359
2019-05-03T20:00+02:00,6490,9064,942,1554,15315
2019-05-03T21:00+02:00,6490,8761,941,1609,15168
2019-05-03T22:00+02:00,6487,8303,940,1624,14408
2019-05-03T23:00+02:00,6486,7115,923,1715,13881
2019-05-04T00:00+02:00,6438,6763,894,1778,13620
2019-05-04T01:00+02:00,6465,6358,880,1924,13489
2019-05-04T02:00+02:00,6487,6259,875,1955,13424
2019-05-04T03:00+02:00,6490,6256,876,1958,13299
2019-05-04T04:00+02:00,6490,6244,875,1918,13275
2019-05-04T05:00+02:00,6490,6278,897,1733,13043
2019-05-04T06:00+02:00,6490,7018,933,1399,13288
2019-05-04T07:00+02:00,6490,7678,981,1117,13944
2019-05-04T08:00+02:00,6490,8397,1008,968,14524
2019-05-04T09:00+02:00,6487,8607,1047,924,14931
2019-05-04T10:00+02:00,6489,8727,1059,894,15003
2019-05-04T11:00+02:00,6489,8614,1062,889,14929
2019-05-04T12:00+02:00,6491,8519,1054,917,14750
2019-05-04T13:00+02:00,6491,8370,1047,981,14475
2019-05-04T14:00+02:00,6490,8249,1036,1038,14275
2019-05-04T15:00+02:00,6488,7989,1049,1235,14331
2019-05-04T16:00+02:00,6488,7962,1037,1323,14251
2019-05-04T17:00+02:00,6483,8205,1044,1386,14439
2019-05-04T18:00+02:00,6481,8223,1039,1455,14544
2019-05-04T19:00+02:00,6484,8540,1027,1434,14573
2019-05-04T20:00+02:00,6451,8466,1020,1421,14764
2019-05-04T21:00+02:00,6452,8480,1015,1503,15051
2019-05-04T22:00+02:00,6483,7642,988,1652,14652
2019-05-04T23:00+02:00,6490,7176,976,1704,13956
2019-05-05T00:00+02:00,6492,6080,973,1769,13584
2019-05-05T01:00+02:00,6494,5869,971,1791,13498
2019-05-05T02:00+02:00,6487,5811,945,1726,13463
2019-05-05T03:00+02:00,6449,5796,940,1624,13512
2019-05-05T04:00+02:00,6481,5810,939,1482,13457
2019-05-05T05:00+02:00,6497,5940,947,1275,13255
2019-05-05T06:00+02:00,6497,6314,967,947,13137
2019-05-05T07:00+02:00,6496,6606,1007,745,13256
2019-05-05T08:00+02:00,6494,7008,1020,622,13658
2019-05-05T09:00+02:00,6492,7278,1054,595,13763
2019-05-05T10:00+02:00,6491,7320,1096,631,13934
2019-05-05T11:00+02:00,6490,7165,1089,732,13934
2019-05-05T12:00+02:00,6488,6810,1075,835,13643
2019-05-05T13:00+02:00,6488,6836,1077,939,13587
2019-05-05T14:00+02:00,6487,6769,1056,1073,13530
2019-05-05T15:00+02:00,6487,6684,1047,1164,13676
2019-05-05T16:00+02:00,6478,6652,1023,1209,13597
2019-05-05T17:00+02:00,6478,7043,1009,1179,13797
2019-05-05T18:00+02:00,6480,7247,1004,1177,14006
2019-05-05T19:00+02:00,6484,7318,987,1112,14191
2019-05-05T20:00+02:00,6483,7529,966,1148,14381
2019-05-05T21:00+02:00,6483,7537,960,1243,14260
2019-05-05T22:00+02:00,6485,7224,970,1350,13920
2019-05-05T23:00+02:00,6487,6697,958,1485,13173
2019-05-06T00:00+02:00,6440,5601,958,1708,13079
2019-05-06T01:00+02:00,6468,5291,950,1693,13063
2019-05-06T02:00+02:00,6490,5247,953,1666,13144
2019-05-06T03:00+02:00,6491,5229,954,1632,13179
2019-05-06T04:00+02:00,6491,5669,935,1638,13330
2019-05-06T05:00+02:00,6490,6337,952,1590,13798
2019-05-06T06:00+02:00,6488,8300,981,1524,15506
2019-05-06T07:00+02:00,6483,9257,1007,1512,17030
2019-05-06T08:00+02:00,6482,9388,1060,1554,17062
2019-05-06T09:00+02:00,6482,9398,1095,1593,16698
2019-05-06T10:00+02:00,6483,8999,1124,1616,16680
2019-05-06T11:00+02:00,6481,8750,1149,1691,16588
2019-05-06T12:00+02:00,6477,8835,1159,1813,16451
2019-05-06T13:00+02:00,6476,8581,1131,1902,16418
2019-05-06T14:00+02:00,6475,8225,1075,1951,16187
2019-05-06T15:00+02:00,6478,7838,1053,2049,16066
2019-05-06T16:00+02:00,6480,7852,1020,2096,16082
2019-05-06T17:00+02:00,6478,8056,980,2100,16368
2019-05-06T18:00+02:00,6475,8223,937,2010,16117
2019-05-06T19:00+02:00,6475,8200,952,1913,16035
2019-05-06T20:00+02:00,6476,7886,951,1898,15917
2019-05-06T21:00+02:00,6476,7742,929,1978,15822
2019-05-06T22:00+02:00,6477,7489,921,2053,15285
2019-05-06T23:00+02:00,6479,6749,903,2089,14425
2019-05-07T00:00+02:00,6431,6125,909,2050,13932
2019-05-07T01:00+02:00,6456,5426,913,2076,14017
2019-05-07T02:00+02:00,6479,5213,906,2001,13969
2019-05-07T03:00+02:00,6480,5264,905,1971,13923
2019-05-07T04:00+02:00,6481,5713,909,1970,13836
2019-05-07T05:00+02:00,6459,6708,925,2031,14403
2019-05-07T06:00+02:00,6301,8396,954,1976,16262
2019-05-07T07:00+02:00,6207,9400,1002,1991,17292
2019-05-07T08:00+02:00,6208,9501,1043,2064,17408
2019-05-07T09:00+02:00,6335,9331,1073,2174,17185
2019-05-07T10:00+02:00,6462,9261,1074,2283,17240
2019-05-07T11:00+02:00,6477,8945,1083,2457,17007
2019-05-07T12:00+02:00,6476,8650,1087,2484,16787
2019-05-07T13:00+02:00,6476,8280,1081,2552,16482
2019-05-07T14:00+02:00,6477,7969,1118,2614,16594
2019-05-07T15:00+02:00,6479,7915,1076,2605,16253
2019-05-07T16:00+02:00,6482,7880,1038,2596,16223
2019-05-07T17:00+02:00,6482,7871,1018,2646,16446
2019-05-07T18:00+02:00,6481,8101,998,2318,16108
2019-05-07T19:00+02:00,6481,8202,972,2079,16243
2019-05-07T20:00+02:00,6483,7951,934,1945,16381
2019-05-07T21:00+02:00,6484,7536,909,1854,16021
2019-05-07T22:00+02:00,6486,7296,829,1932,15286
2019-05-07T23:00+02:00,6490,6679,845,2034,14542
2019-05-08T00:00+02:00,6490,5861,875,2051,13887
2019-05-08T01:00+02:00,6492,5378,899,2022,13689
2019-05-08T02:00+02:00,6492,5291,927,1969,13882
2019-05-08T03:00+02:00,6494,5272,926,1914,14056
2019-05-08T04:00+02:00,6498,5625,847,1870,14148
2019-05-08T05:00+02:00,6496,6211,848,1747,14361
2019-05-08T06:00+02:00,6490,8422,900,1598,16189
2019-05-08T07:00+02:00,6486,9136,936,1512,17380
2019-05-08T08:00+02:00,6487,9152,1012,1532,17313
2019-05-08T09:00+02:00,6487,8923,1036,1620,16938
2019-05-08T10:00+02:00,6485,8909,1104,1712,16858
2019-05-08T11:00+02:00,6484,8668,1146,1811,16655
2019-05-08T12:00+02:00,6483,8452,1136,1814,16255
2019-05-08T13:00+02:00,6484,8188,1128,1860,16161
2019-05-08T14:00+02:00,6482,8122,1125,1924,16034
2019-05-08T15:00+02:00,6481,8075,1101,2067,15788
2019-05-08T16:00+02:00,6475,8082,1066,2079,15643
2019-05-08T17:00+02:00,6469,8183,1044,2030,16109
2019-05-08T18:00+02:00,6468,8076,1010,2097,16036
2019-05-08T19:00+02:00,6459,7775,984,1927,16015
2019-05-08T20:00+02:00,6418,7411,965,1972,15987
2019-05-08T21:00+02:00,6454,7318,962,2211,15901
2019-05-08T22:00+02:00,6478,6459,953,2491,15208
2019-05-08T23:00+02:00,6481,5981,956,2700,14174
2019-05-09T00:00+02:00,6487,5387,955,2776,13533
2019-05-09T01:00+02:00,6489,4904,951,2795,13167
2019-05-09T02:00+02:00,6444,4913,952,2842,13236
2019-05-09T03:00+02:00,6457,4887,957,2858,13091
2019-05-09T04:00+02:00,6482,5309,968,2934,13124
2019-05-09T05:00+02:00,6491,5745,975,3048,13393
2019-05-09T06:00+02:00,6491,7163,978,3055,15033
2019-05-09T07:00+02:00,6487,8184,1001,2944,16406
2019-05-09T08:00+02:00,6487,8565,991,2943,16689
2019-05-09T09:00+02:00,6484,8471,1026,3111,16823
2019-05-09T10:00+02:00,6480,8485,1020,3379,16934
2019-05-09T11:00+02:00,6487,8450,1044,3585,16763
2019-05-09T12:00+02:00,6484,8172,1043,3781,16571
2019-05-09T13:00+02:00,6478,8170,1047,3885,16350
2019-05-09T14:00+02:00,6472,7926,1066,3899,16182
2019-05-09T15:00+02:00,6472,7859,1054,3868,16082
2019-05-09T16:00+02:00,6473,7789,1034,3775,16166
2019-05-09T17:00+02:00,6474,7959,1010,3649,16174
2019-05-09T18:00+02:00,6476,8011,977,3456,15864
2019-05-09T19:00+02:00,6474,7965,966,3354,15919
2019-05-09T20:00+02:00,6433,7512,946,3215,15589
2019-05-09T21:00+02:00,6466,6977,925,3086,15285
2019-05-09T22:00+02:00,6485,6443,898,2924,14415
2019-05-09T23:00+02:00,6487,5797,889,2790,13700
2019-05-10T00:00+02:00,6490,5217,880,2628,13158
2019-05-10T01:00+02:00,6489,4907,859,2488,12943
2019-05-10T02:00+02:00,6442,4865,859,2277,12654
2019-05-10T03:00+02:00,6469,4873,859,2051,12480
2019-05-10T04:00+02:00,6491,5114,869,1966,12678
2019-05-10T05:00+02:00,6491,6555,873,1786,13160
2019-05-10T06:00+02:00,6490,8265,909,1475,14866
2019-05-10T07:00+02:00,6488,9402,961,1160,16435
2019-05-10T08:00+02:00,6489,9523,965,916,16528
2019-05-10T09:00+02:00,6489,9558,1004,826,16252
2019-05-10T10:00+02:00,6489,9665,1003,868,15892
2019-05-10T11:00+02:00,6486,9380,1002,981,15655
2019-05-10T12:00+02:00,6485,8864,983,1199,15392
2019-05-10T13:00+02:00,6482,8576,965,1350,15201
2019-05-10T14:00+02:00,6480,8426,958,1451,14983
2019-05-10T15:00+02:00,6478,8402,952,1348,14659
2019-05-10T16:00+02:00,6477,8623,925,1330,14634
2019-05-10T17:00+02:00,6474,8981,890,1315,14739
2019-05-10T18:00+02:00,6473,8882,877,1300,14498
2019-05-10T19:00+02:00,6470,8889,870,1273,14254
2019-05-10T20:00+02:00,6470,8761,852,1342,14132
2019-05-10T21:00+02:00,6475,8700,845,1291,14019
2019-05-10T22:00+02:00,6476,8155,848,1240,13671
2019-05-10T23:00+02:00,6477,7705,851,1188,13107
2019-05-11T00:00+02:00,6431,6269,819,1117,12545
2019-05-11T01:00+02:00,6457,5789,811,1065,12151
2019-05-11T02:00+02:00,6481,5657,823,1002,12057
2019-05-11T03:00+02:00,6484,5669,815,922,11985
2019-05-11T04:00+02:00,6485,5703,801,867,11889
2019-05-11T05:00+02:00,6487,6453,803,765,11739
2019-05-11T06:00+02:00,6487,7140,836,644,12099
2019-05-11T07:00+02:00,6487,7852,856,567,12688
2019-05-11T08:00+02:00,6486,8331,898,492,13258
2019-05-11T09:00+02:00,6482,8400,963,458,13762
2019-05-11T10:00+02:00,6484,8284,965,436,13737
2019-05-11T11:00+02:00,6483,8124,1004,484,13614
2019-05-11T12:00+02:00,6482,8175,992,556,13463
2019-05-11T13:00+02:00,6484,8063,967,656,13181
2019-05-11T14:00+02:00,6482,7808,954,695,12859
2019-05-11T15:00+02:00,6480,7408,935,730,12603
2019-05-11T16:00+02:00,6432,7490,925,795,12929
2019-05-11T17:00+02:00,6458,7870,912,871,13058
2019-05-11T18:00+02:00,6480,7851,896,974,13078
2019-05-11T19:00+02:00,6481,8000,878,1101,12909
2019-05-11T20:00+02:00,6481,7843,857,1290,12913
2019-05-11T21:00+02:00,6481,7398,838,1622,13106
2019-05-11T22:00+02:00,6482,6636,754,1939,12809
2019-05-11T23:00+02:00,6482,6382,760,2174,12191
2019-05-12T00:00+02:00,6435,5118,784,2512,11936
2019-05-12T01:00+02:00,6459,4770,773,2845,11687
2019-05-12T02:00+02:00,6475,4303,763,3139,11803
2019-05-12T03:00+02:00,6455,4089,758,3302,11622
2019-05-12T04:00+02:00,6455,4091,751,3551,11658
2019-05-12T05:00+02:00,6457,4130,773,3746,11661
2019-05-12T06:00+02:00,6458,4350,786,3783,11869
2019-05-12T07:00+02:00,6458,4612,810,3710,12218
2019-05-12T08:00+02:00,6458,4978,832,3788,12840
2019-05-12T09:00+02:00,6456,5074,857,3894,13563
2019-05-12T10:00+02:00,6457,5105,874,3956,13864
2019-05-12T11:00+02:00,6457,5088,890,4021,13988
2019-05-12T12:00+02:00,6456,5042,894,4107,14100
2019-05-12T13:00+02:00,6456,4543,884,4144,13895
2019-05-12T14:00+02:00,6456,4282,841,4165,13797
2019-05-12T15:00+02:00,6455,4210,838,4146,13736
2019-05-12T16:00+02:00,6455,4317,818,4094,13760
2019-05-12T17:00+02:00,6454,4827,790,3974,14090
2019-05-12T18:00+02:00,6453,5322,780,3851,14283
2019-05-12T19:00+02:00,6452,5406,726,3676,14352
2019-05-12T20:00+02:00,6451,5390,714,3546,14555
2019-05-12T21:00+02:00,6452,5443,705,3460,14647
2019-05-12T22:00+02:00,6452,5398,671,3476,14134
2019-05-12T23:00+02:00,6453,5318,675,3489,13377
2019-05-13T00:00+02:00,6454,4751,673,3417,12672
2019-05-13T01:00+02:00,6456,4731,684,3363,12747
2019-05-13T02:00+02:00,6409,4671,691,3318,12880
2019-05-13T03:00+02:00,6432,4715,695,3263,12889
2019-05-13T04:00+02:00,6454,4974,715,3178,12797
2019-05-13T05:00+02:00,6458,5514,752,3027,13195
2019-05-13T06:00+02:00,6457,8130,775,2867,15063
2019-05-13T07:00+02:00,6456,9030,800,2673,16578
2019-05-13T08:00+02:00,6458,9320,826,2630,16979
2019-05-13T09:00+02:00,6459,9337,844,2485,16509
2019-05-13T10:00+02:00,6456,9107,878,2363,16331
2019-05-13T11:00+02:00,6453,8956,900,2409,16147
2019-05-13T12:00+02:00,6452,8662,891,2387,15857
2019-05-13T13:00+02:00,6448,8591,882,2370,15639
2019-05-13T14:00+02:00,6446,8457,881,2354,15448
2019-05-13T15:00+02:00,6442,8312,886,2361,15157
2019-05-13T16:00+02:00,6393,8391,874,2339,15202
2019-05-13T17:00+02:00,6411,8691,851,2235,15223
2019-05-13T18:00+02:00,6427,8958,828,2012,14985
2019-05-13T19:00+02:00,6434,9081,782,1743,14954
2019-05-13T20:00+02:00,6436,9146,755,1582,15046
2019-05-13T21:00+02:00,6439,8961,736,1640,14986
2019-05-13T22:00+02:00,6443,8347,719,1669,14650
2019-05-13T23:00+02:00,6446,7070,708,1801,13899
2019-05-14T00:00+02:00,6398,6065,656,1829,13382
2019-05-14T01:00+02:00,6424,5759,641,1876,13161
2019-05-14T02:00+02:00,6446,5759,625,1800,13288
2019-05-14T03:00+02:00,6446,5783,628,1650,13402
2019-05-14T04:00+02:00,6447,5855,637,1588,13475
2019-05-14T05:00+02:00,6446,6930,658,1372,13887
2019-05-14T06:00+02:00,6442,8739,707,1089,15258
2019-05-14T07:00+02:00,6442,9574,766,897,16278
2019-05-14T08:00+02:00,6440,9520,776,744,16017
2019-05-14T09:00+02:00,6438,9406,791,753,15670
2019-05-14T10:00+02:00,6438,9068,803,828,15527
2019-05-14T11:00+02:00,6430,9019,836,903,15429
2019-05-14T12:00+02:00,6429,8871,847,1020,15310
2019-05-14T13:00+02:00,6429,8722,854,1144,15036
2019-05-14T14:00+02:00,6427,8485,838,1242,14744
2019-05-14T15:00+02:00,6423,8324,818,1292,14843
2019-05-14T16:00+02:00,6373,8294,811,1305,14942
2019-05-14T17:00+02:00,6393,8380,793,1213,14909
2019-05-14T18:00+02:00,6412,8647,765,975,14662
2019-05-14T19:00+02:00,6412,8869,759,868,14749
2019-05-14T20:00+02:00,6413,8463,740,775,14460
2019-05-14T21:00+02:00,6414,8196,728,807,14461
2019-05-14T22:00+02:00,6417,7674,719,895,13986
2019-05-14T23:00+02:00,6420,6746,683,930,13183
2019-05-15T00:00+02:00,6426,5873,644,925,12884
2019-05-15T01:00+02:00,6428,5496,645,866,12658
2019-05-15T02:00+02:00,6432,5515,645,819,12661
2019-05-15T03:00+02:00,6392,5619,644,737,12862
2019-05-15T04:00+02:00,6417,5929,648,673,12804
2019-05-15T05:00+02:00,6437,6647,652,559,13079
2019-05-15T06:00+02:00,6435,8308,692,452,14608
2019-05-15T07:00+02:00,6434,9438,708,333,15836
2019-05-15T08:00+02:00,6433,9571,730,301,15958
2019-05-15T09:00+02:00,6428,9128,780,299,15664
2019-05-15T10:00+02:00,6423,9172,760,289,15407
2019-05-15T11:00+02:00,6422,9130,773,332,15281
2019-05-15T12:00+02:00,6420,8890,777,367,15107
2019-05-15T13:00+02:00,6421,8730,767,437,14872
2019-05-15T14:00+02:00,6418,8513,770,493,14579
2019-05-15T15:00+02:00,6416,8070,765,573,14563
2019-05-15T16:00+02:00,6413,8083,741,682,14286
2019-05-15T17:00+02:00,6360,8051,730,755,14502
2019-05-15T18:00+02:00,6383,8234,716,724,14358
2019-05-15T19:00+02:00,6404,8233,707,737,14214
2019-05-15T20:00+02:00,6406,8128,691,781,14124
2019-05-15T21:00+02:00,6409,8088,687,918,14014
2019-05-15T22:00+02:00,6410,7479,685,1073,13732
2019-05-15T23:00+02:00,6416,6415,664,1218,13040
2019-05-16T00:00+02:00,6420,5979,687,1294,12644
2019-05-16T01:00+02:00,6423,5549,683,1258,12411
2019-05-16T02:00+02:00,6426,5510,693,1286,12313
2019-05-16T03:00+02:00,6385,5484,695,1342,12274
2019-05-16T04:00+02:00,6407,5882,693,1404,12318
2019-05-16T05:00+02:00,6430,6161,714,1405,12584
2019-05-16T06:00+02:00,6424,8479,740,1356,14137
2019-05-16T07:00+02:00,6417,8889,776,1282,15495
2019-05-16T08:00+02:00,6064,9124,836,1222,15932
2019-05-16T09:00+02:00,5902,9096,885,1261,15157
2019-05-16T10:00+02:00,5902,9053,862,1364,14708
2019-05-16T11:00+02:00,5900,8893,858,1568,14577
2019-05-16T12:00+02:00,5899,8626,868,1720,14411
2019-05-16T13:00+02:00,5896,8050,862,1814,14392
2019-05-16T14:00+02:00,5925,7897,845,1887,14186
2019-05-16T15:00+02:00,5926,7643,826,1927,14092
2019-05-16T16:00+02:00,5927,7538,768,1981,14403
2019-05-16T17:00+02:00,5943,7803,744,2033,14481
2019-05-16T18:00+02:00,6116,8387,739,2023,13991
2019-05-16T19:00+02:00,6276,8548,710,2011,14016
2019-05-16T20:00+02:00,6365,7820,706,2037,14102
2019-05-16T21:00+02:00,6386,7607,703,2093,13647
2019-05-16T22:00+02:00,6386,6809,690,2163,13144
2019-05-16T23:00+02:00,6396,6361,683,2195,12680
2019-05-17T00:00+02:00,6433,5601,580,2183,11951
2019-05-17T01:00+02:00,6434,5252,577,2103,11632
2019-05-17T02:00+02:00,6435,5058,593,2088,11743
2019-05-17T03:00+02:00,6391,4982,624,2102,11822
2019-05-17T04:00+02:00,6414,5576,621,2189,12014
2019-05-17T05:00+02:00,6439,5959,632,2122,12131
2019-05-17T06:00+02:00,6436,7595,655,1989,13761
2019-05-17T07:00+02:00,6436,8591,656,1892,15142
2019-05-17T08:00+02:00,6437,8798,663,1864,15266
2019-05-17T09:00+02:00,6437,8856,686,1885,15287
2019-05-17T10:00+02:00,6439,8856,727,2060,15179
2019-05-17T11:00+02:00,6438,8876,733,2254,14860
2019-05-17T12:00+02:00,6435,8700,722,2373,14597
2019-05-17T13:00+02:00,6432,8125,720,2506,14379
2019-05-17T14:00+02:00,6432,7752,710,2584,14089
2019-05-17T15:00+02:00,6432,7759,675,2622,13951
2019-05-17T16:00+02:00,6433,7463,665,2575,13776
2019-05-17T17:00+02:00,6429,8204,646,2466,13936
2019-05-17T18:00+02:00,6383,8066,643,2394,13819
2019-05-17T19:00+02:00,6411,7982,632,2354,13710
2019-05-17T20:00+02:00,6429,7479,631,2344,13541
2019-05-17T21:00+02:00,6429,7273,628,2405,13249
2019-05-17T22:00+02:00,6429,7065,617,2434,12685
2019-05-17T23:00+02:00,6431,6318,610,2460,12107
2019-05-18T00:00+02:00,6432,5279,668,2324,11463
2019-05-18T01:00+02:00,6436,5042,672,2203,11174
2019-05-18T02:00+02:00,6392,4976,657,2074,10993
2019-05-18T03:00+02:00,6415,4941,654,1961,10836
2019-05-18T04:00+02:00,6441,5007,654,1806,10704
2019-05-18T05:00+02:00,6444,5203,647,1657,10626
2019-05-18T06:00+02:00,6444,5850,658,1402,11029
2019-05-18T07:00+02:00,6444,6690,667,1139,11634
2019-05-18T08:00+02:00,6443,7525,672,948,12385
2019-05-18T09:00+02:00,6440,7700,689,858,12931
2019-05-18T10:00+02:00,6439,7681,704,790,13135
2019-05-18T11:00+02:00,6439,7503,709,764,12985
2019-05-18T12:00+02:00,6437,7257,705,784,12814
2019-05-18T13:00+02:00,6436,7096,712,860,12747
2019-05-18T14:00+02:00,6435,6908,719,866,12560
2019-05-18T15:00+02:00,6431,6880,712,838,12341
2019-05-18T16:00+02:00,6427,6976,703,815,12345
2019-05-18T17:00+02:00,6425,7202,674,827,12670
2019-05-18T18:00+02:00,6424,7799,664,858,12769
2019-05-18T19:00+02:00,6425,7787,651,887,12627
2019-05-18T20:00+02:00,6424,7776,639,929,12462
2019-05-18T21:00+02:00,6427,7622,624,1053,12221
2019-05-18T22:00+02:00,6430,7193,623,1213,12019
2019-05-18T23:00+02:00,6432,6582,620,1214,11432
2019-05-19T00:00+02:00,6385,6111,580,1068,11359
2019-05-19T01:00+02:00,6411,5267,576,927,10925
2019-05-19T02:00+02:00,6435,5055,576,854,10517
2019-05-19T03:00+02:00,6436,4889,583,810,10258
2019-05-19T04:00+02:00,6435,4884,576,790,10084
2019-05-19T05:00+02:00,6435,5116,591,711,9958
2019-05-19T06:00+02:00,6437,5189,610,613,10156
2019-05-19T07:00+02:00,6435,5538,616,564,10783
2019-05-19T08:00+02:00,6378,5909,595,487,11550
2019-05-19T09:00+02:00,6407,6152,626,402,12070
2019-05-19T10:00+02:00,6426,6461,650,327,12431
2019-05-19T11:00+02:00,6435,6667,669,293,12698
2019-05-19T12:00+02:00,6433,6779,669,322,12764
2019-05-19T13:00+02:00,6428,6649,672,377,12661
2019-05-19T14:00+02:00,6417,6496,676,431,12472
2019-05-19T15:00+02:00,6406,6525,664,515,12470
2019-05-19T16:00+02:00,6360,6592,645,607,12624
2019-05-19T17:00+02:00,6390,6893,623,656,12732
2019-05-19T18:00+02:00,6409,7440,594,661,12696
2019-05-19T19:00+02:00,6409,8051,578,713,12716
2019-05-19T20:00+02:00,6412,8052,565,820,12675
2019-05-19T21:00+02:00,6416,8158,569,871,12552
2019-05-19T22:00+02:00,6421,8008,603,895,12096
2019-05-19T23:00+02:00,6423,7044,607,964,11399
2019-05-20T00:00+02:00,6425,5573,602,956,11162
2019-05-20T01:00+02:00,6428,5067,612,941,10886
2019-05-20T02:00+02:00,6382,5022,624,895,10690
2019-05-20T03:00+02:00,6408,5441,667,834,10438
2019-05-20T04:00+02:00,6428,5649,658,819,10380
2019-05-20T05:00+02:00,6428,6218,683,875,10927
2019-05-20T06:00+02:00,6424,8141,685,765,12549
2019-05-20T07:00+02:00,6423,8880,702,693,14097
2019-05-20T08:00+02:00,6418,9032,672,653,14893
2019-05-20T09:00+02:00,6414,9030,682,613,14968
2019-05-20T10:00+02:00,6419,9099,681,578,15019
2019-05-20T11:00+02:00,6416,9080,674,524,14976
2019-05-20T12:00+02:00,6411,9021,674,513,14915
2019-05-20T13:00+02:00,6410,8920,671,496,14901
2019-05-20T14:00+02:00,6410,8928,613,465,14896
2019-05-20T15:00+02:00,6406,8751,621,425,14745
2019-05-20T16:00+02:00,6348,8711,591,403,14583
2019-05-20T17:00+02:00,6367,8852,587,421,14668
2019-05-20T18:00+02:00,6386,8878,591,423,14282
2019-05-20T19:00+02:00,6383,8875,587,480,14083
2019-05-20T20:00+02:00,6381,8595,541,552,13656
2019-05-20T21:00+02:00,6380,8318,547,675,13274
2019-05-20T22:00+02:00,6379,8130,534,746,12709
2019-05-20T23:00+02:00,6381,6908,534,758,11710
2019-05-21T00:00+02:00,6387,6081,509,797,11117
2019-05-21T01:00+02:00,6387,5502,510,842,10905
2019-05-21T02:00+02:00,6353,5267,507,841,10599
2019-05-21T03:00+02:00,6382,5242,545,886,10506
2019-05-21T04:00+02:00,6405,5595,554,884,10165
2019-05-21T05:00+02:00,6406,5924,557,856,10524
2019-05-21T06:00+02:00,6402,8266,632,732,12446
2019-05-21T07:00+02:00,6400,9191,606,662,14065
2019-05-21T08:00+02:00,6401,9520,592,573,14481
2019-05-21T09:00+02:00,6401,9555,646,547,14847
2019-05-21T10:00+02:00,6399,9445,661,556,14808
2019-05-21T11:00+02:00,6401,9267,636,561,14706
2019-05-21T12:00+02:00,6401,9265,624,578,14666
2019-05-21T13:00+02:00,6401,8928,603,630,14441
2019-05-21T14:00+02:00,6395,8742,599,667,14176
2019-05-21T15:00+02:00,6345,8623,587,674,14403
2019-05-21T16:00+02:00,6370,8612,564,711,14025
2019-05-21T17:00+02:00,6390,9008,549,742,14124
2019-05-21T18:00+02:00,6386,9249,539,782,14000
2019-05-21T19:00+02:00,6383,9046,509,794,13772
2019-05-21T20:00+02:00,6384,8863,483,852,13526
2019-05-21T21:00+02:00,6345,8656,494,993,13091
2019-05-21T22:00+02:00,6354,7805,487,1173,12358
2019-05-21T23:00+02:00,6387,6283,480,1271,11373
2019-05-22T00:00+02:00,6388,5618,442,1203,10782
2019-05-22T01:00+02:00,6388,5435,449,1121,10711
2019-05-22T02:00+02:00,6396,5304,449,1040,10452
2019-05-22T03:00+02:00,6372,5262,450,944,10537
2019-05-22T04:00+02:00,6357,5424,481,853,10280
2019-05-22T05:00+02:00,6388,5823,480,749,10616
2019-05-22T06:00+02:00,6388,7493,466,595,12251
2019-05-22T07:00+02:00,6381,8954,492,545,13981
2019-05-22T08:00+02:00,6277,9274,519,461,14647
2019-05-22T09:00+02:00,6335,9333,542,408,14515
2019-05-22T10:00+02:00,6287,9318,509,398,14693
2019-05-22T11:00+02:00,6202,9259,546,398,14721
2019-05-22T12:00+02:00,6128,8885,560,474,14731
2019-05-22T13:00+02:00,5997,7944,539,553,14646
2019-05-22T14:00+02:00,5981,7487,528,624,14163
2019-05-22T15:00+02:00,5932,7263,520,776,13796
2019-05-22T16:00+02:00,5987,7244,507,1027,13761
2019-05-22T17:00+02:00,6161,7907,493,1252,13629
2019-05-22T18:00+02:00,6163,8504,474,1421,13536
2019-05-22T19:00+02:00,6161,8479,480,1637,13717
2019-05-22T20:00+02:00,6162,8191,439,1923,13444
2019-05-22T21:00+02:00,6123,7904,438,1969,13154
2019-05-22T22:00+02:00,6133,7334,443,2211,12467
2019-05-22T23:00+02:00,6155,6582,444,2392,11728
2019-05-23T00:00+02:00,6170,5931,449,2514,11329
2019-05-23T01:00+02:00,6168,5620,423,2508,10925
2019-05-23T02:00+02:00,6168,5535,426,2464,10686
2019-05-23T03:00+02:00,6170,5541,425,2404,10737
2019-05-23T04:00+02:00,6165,5712,429,2332,10732
2019-05-23T05:00+02:00,6167,6120,436,2231,11376
2019-05-23T06:00+02:00,6165,8184,482,2016,13042
2019-05-23T07:00+02:00,6165,9155,496,1922,14418
2019-05-23T08:00+02:00,6116,9449,520,1855,14773
2019-05-23T09:00+02:00,6143,9054,542,1705,14942
2019-05-23T10:00+02:00,6162,8293,565,1660,14837
2019-05-23T11:00+02:00,6329,7841,586,1563,14815
2019-05-23T12:00+02:00,6378,7196,602,1505,14795
2019-05-23T13:00+02:00,6378,7199,603,1501,15002
2019-05-23T14:00+02:00,6379,7462,597,1432,14772
2019-05-23T15:00+02:00,6332,7598,586,1445,14871
2019-05-23T16:00+02:00,6354,8014,628,1401,14772
2019-05-23T17:00+02:00,6376,8942,608,1435,14791
2019-05-23T18:00+02:00,6376,9630,591,1392,14665
2019-05-23T19:00+02:00,6376,9403,565,1318,14398
2019-05-23T20:00+02:00,6374,9265,546,1319,14329
2019-05-23T21:00+02:00,6342,8587,535,1319,13873
2019-05-23T22:00+02:00,6324,8316,537,1344,13246
2019-05-23T23:00+02:00,6357,7559,528,1366,12379
2019-05-24T00:00+02:00,6367,6706,566,1383,11610
2019-05-24T01:00+02:00,6371,5805,575,1352,11300
2019-05-24T02:00+02:00,6375,5646,579,1412,11318
2019-05-24T03:00+02:00,6379,5768,580,1485,11405
2019-05-24T04:00+02:00,6331,5834,584,1397,11343
2019-05-24T05:00+02:00,6358,6696,594,1323,11875
2019-05-24T06:00+02:00,6378,8879,613,1119,13559
2019-05-24T07:00+02:00,6378,9671,644,1085,14991
2019-05-24T08:00+02:00,6375,9792,680,1152,15322
2019-05-24T09:00+02:00,6370,9829,696,1299,15215
2019-05-24T10:00+02:00,6369,9793,712,1462,15311
2019-05-24T11:00+02:00,6370,9132,732,1619,15049
2019-05-24T12:00+02:00,6320,8475,738,1754,14747
2019-05-24T13:00+02:00,6344,8071,735,1827,14533
2019-05-24T14:00+02:00,6368,7893,714,1775,14377
2019-05-24T15:00+02:00,6370,7821,693,1741,14144
2019-05-24T16:00+02:00,6368,7920,673,1529,13875
2019-05-24T17:00+02:00,6367,8532,671,1410,14036
2019-05-24T18:00+02:00,6316,9164,655,1336,14077
2019-05-24T19:00+02:00,6341,9390,631,1254,13985
2019-05-24T20:00+02:00,6370,9268,607,1186,13627
2019-05-24T21:00+02:00,6472,8990,605,1161,13201
2019-05-24T22:00+02:00,6566,8577,603,1170,12731
2019-05-24T23:00+02:00,6599,7971,597,1210,12103
2019-05-25T00:00+02:00,6605,6802,609,1320,11593
2019-05-25T01:00+02:00,6635,6253,603,1386,11512
2019-05-25T02:00+02:00,6659,5683,609,1408,11336
2019-05-25T03:00+02:00,6706,5520,605,1380,11248
2019-05-25T04:00+02:00,6764,5467,611,1329,10992
2019-05-25T05:00+02:00,6797,5504,609,1282,11049
2019-05-25T06:00+02:00,6786,6243,620,1201,11507
2019-05-25T07:00+02:00,6837,6788,623,1153,11939
2019-05-25T08:00+02:00,6869,7655,642,1097,12829
2019-05-25T09:00+02:00,6842,7943,665,976,13269
2019-05-25T10:00+02:00,6859,7719,685,908,13379
2019-05-25T11:00+02:00,6881,7434,699,860,13466
2019-05-25T12:00+02:00,6869,6908,700,848,13272
2019-05-25T13:00+02:00,6837,6703,692,845,13100
2019-05-25T14:00+02:00,6869,6309,682,874,12730
2019-05-25T15:00+02:00,6890,6274,684,890,12463
2019-05-25T16:00+02:00,6893,6363,672,984,12430
2019-05-25T17:00+02:00,6916,6806,683,1087,12663
2019-05-25T18:00+02:00,6943,7668,640,1186,12727
2019-05-25T19:00+02:00,6922,8035,620,1317,12677
2019-05-25T20:00+02:00,6975,7961,636,1521,12649
2019-05-25T21:00+02:00,7021,7769,652,1725,12478
2019-05-25T22:00+02:00,7047,7418,666,1903,12166
2019-05-25T23:00+02:00,7078,6980,652,2023,11896
2019-05-26T00:00+02:00,7097,6315,622,2109,11464
2019-05-26T01:00+02:00,7052,5596,628,2225,11123
2019-05-26T02:00+02:00,7077,5168,628,2317,11012
2019-05-26T03:00+02:00,7114,4843,635,2421,10850
2019-05-26T04:00+02:00,7146,4695,646,2525,10759
2019-05-26T05:00+02:00,7172,4670,660,2602,10812
2019-05-26T06:00+02:00,7205,4576,647,2715,11248
2019-05-26T07:00+02:00,7188,4658,659,2783,11738
2019-05-26T08:00+02:00,7244,4638,669,2896,12350
2019-05-26T09:00+02:00,7299,4762,693,2992,12816
2019-05-26T10:00+02:00,7326,4826,712,3132,13282
2019-05-26T11:00+02:00,7331,4920,723,3225,13511
2019-05-26T12:00+02:00,7333,4937,728,3355,13683
2019-05-26T13:00+02:00,7298,4936,734,3383,13642
2019-05-26T14:00+02:00,7333,4995,666,3221,13303
2019-05-26T15:00+02:00,7365,5163,659,2975,13055
2019-05-26T16:00+02:00,7373,5638,648,2704,13153
2019-05-26T17:00+02:00,7385,6205,631,2385,13430
2019-05-26T18:00+02:00,7399,6643,610,2020,13599
2019-05-26T19:00+02:00,7367,7197,590,1689,13850
2019-05-26T20:00+02:00,7407,7259,576,1431,13640
2019-05-26T21:00+02:00,7447,7117,581,1295,13436
2019-05-26T22:00+02:00,7456,7008,581,1255,13088
2019-05-26T23:00+02:00,7460,6311,581,1244,12512
2019-05-27T00:00+02:00,7461,5758,580,1123,12075
2019-05-27T01:00+02:00,7415,5582,572,1064,11958
2019-05-27T02:00+02:00,7441,5553,582,1045,11996
2019-05-27T03:00+02:00,7466,5569,580,978,11819
2019-05-27T04:00+02:00,7470,5987,580,907,11833
2019-05-27T05:00+02:00,7471,6336,580,782,12106
2019-05-27T06:00+02:00,7469,7958,584,708,13762
2019-05-27T07:00+02:00,7419,9697,613,701,15303
2019-05-27T08:00+02:00,7446,10089,636,688,15886
2019-05-27T09:00+02:00,7470,10268,598,716,15855
2019-05-27T10:00+02:00,7469,9603,716,703,15694
2019-05-27T11:00+02:00,7469,9315,751,838,15769
2019-05-27T12:00+02:00,7466,8741,693,1035,15783
2019-05-27T13:00+02:00,7415,8440,700,1169,15469
2019-05-27T14:00+02:00,7429,8264,690,1424,15445
2019-05-27T15:00+02:00,7431,8118,691,1499,15297
2019-05-27T16:00+02:00,7426,7978,690,1675,15111
2019-05-27T17:00+02:00,7423,8753,686,1668,15524
2019-05-27T18:00+02:00,7423,9171,656,1588,15404
2019-05-27T19:00+02:00,7378,9394,624,1455,15265
2019-05-27T20:00+02:00,7400,9367,598,1451,14964
2019-05-27T21:00+02:00,7424,9156,586,1430,14564
2019-05-27T22:00+02:00,7426,8620,584,1435,13923
2019-05-27T23:00+02:00,7430,7848,558,1431,13198
2019-05-28T00:00+02:00,7439,6428,548,1118,12699
2019-05-28T01:00+02:00,7399,6049,558,1082,12427
2019-05-28T02:00+02:00,7430,5959,551,1060,12289
2019-05-28T03:00+02:00,7458,5891,555,1068,12205
2019-05-28T04:00+02:00,7457,6189,555,1099,12118
2019-05-28T05:00+02:00,7451,7056,578,1027,12628
2019-05-28T06:00+02:00,7446,8723,611,978,14159
2019-05-28T07:00+02:00,7398,9902,631,989,15557
2019-05-28T08:00+02:00,7423,10046,671,969,15854
2019-05-28T09:00+02:00,7439,10133,659,1006,15824
2019-05-28T10:00+02:00,7438,10055,715,1057,15918
2019-05-28T11:00+02:00,7435,9903,754,1065,15623
2019-05-28T12:00+02:00,7432,9797,737,1045,15565
2019-05-28T13:00+02:00,7383,9714,736,1028,15424
2019-05-28T14:00+02:00,7408,9610,727,1048,15164
2019-05-28T15:00+02:00,7428,9180,727,956,14895
2019-05-28T16:00+02:00,7427,9210,717,1009,14773
2019-05-28T17:00+02:00,7425,9479,702,1105,14722
2019-05-28T18:00+02:00,7423,9465,687,1129,14501
2019-05-28T19:00+02:00,7376,9454,654,1217,14474
2019-05-28T20:00+02:00,7400,9139,644,1268,14538
2019-05-28T21:00+02:00,7422,8601,620,1322,14270
2019-05-28T22:00+02:00,7426,8080,621,1414,13665
2019-05-28T23:00+02:00,7429,7074,620,1570,13094
2019-05-29T00:00+02:00,7433,6210,640,2223,12451
2019-05-29T01:00+02:00,7389,5756,643,2343,12143
2019-05-29T02:00+02:00,7418,5652,644,2438,12245
2019-05-29T03:00+02:00,7443,5750,649,2479,12139
2019-05-29T04:00+02:00,7448,6143,631,2503,12229
2019-05-29T05:00+02:00,7448,6661,666,2468,12934
2019-05-29T06:00+02:00,7452,8073,696,2477,14607
2019-05-29T07:00+02:00,7455,9285,751,2621,15566
2019-05-29T08:00+02:00,7457,9483,742,2745,15307
2019-05-29T09:00+02:00,7411,9374,778,2976,15515
2019-05-29T10:00+02:00,7434,9199,801,3155,15792
2019-05-29T11:00+02:00,7457,9026,807,3340,15489
2019-05-29T12:00+02:00,7459,8784,813,3516,15359
2019-05-29T13:00+02:00,7461,8275,818,3764,15347
2019-05-29T14:00+02:00,7463,7851,787,3837,15352
2019-05-29T15:00+02:00,7412,7601,765,3752,14934
2019-05-29T16:00+02:00,7439,7612,744,3839,14785
2019-05-29T17:00+02:00,7460,8070,751,3931,15181
2019-05-29T18:00+02:00,7464,8258,721,3746,14986
2019-05-29T19:00+02:00,7468,8312,693,3475,14550
2019-05-29T20:00+02:00,7470,7743,649,3305,14367
2019-05-29T21:00+02:00,7424,7694,620,3360,14506
2019-05-29T22:00+02:00,7447,7088,595,3348,13924
2019-05-29T23:00+02:00,7451,6293,600,3342,13530
2019-05-30T00:00+02:00,7320,5875,598,3252,12849
2019-05-30T01:00+02:00,7319,5289,602,3182,12245
2019-05-30T02:00+02:00,7320,5065,569,3156,12045
2019-05-30T03:00+02:00,7276,4693,556,3305,11844
2019-05-30T04:00+02:00,7303,4906,552,3359,11649
2019-05-30T05:00+02:00,7326,5083,566,3222,11717
2019-05-30T06:00+02:00,7328,5592,589,3137,12127
2019-05-30T07:00+02:00,7324,6107,614,3098,12867
2019-05-30T08:00+02:00,7325,6257,638,3274,12813
2019-05-30T09:00+02:00,7279,5717,651,3794,13469
2019-05-30T10:00+02:00,7304,5083,642,4386,13814
2019-05-30T11:00+02:00,7328,4822,651,4669,13887
2019-05-30T12:00+02:00,7330,4646,663,4867,13994
2019-05-30T13:00+02:00,7327,3809,654,4971,13803
2019-05-30T14:00+02:00,7326,3869,662,5043,13805
2019-05-30T15:00+02:00,7279,4334,667,5032,13973
2019-05-30T16:00+02:00,7301,5614,682,5103,14141
2019-05-30T17:00+02:00,7321,6515,673,5039,14373
2019-05-30T18:00+02:00,7325,6735,668,4997,14382
2019-05-30T19:00+02:00,7324,6814,657,4817,14287
2019-05-30T20:00+02:00,7324,6432,617,4764,13968
2019-05-30T21:00+02:00,7275,6279,615,4599,13565
2019-05-30T22:00+02:00,7302,6141,602,4522,13071
2019-05-30T23:00+02:00,7323,5657,592,4489,12747
2019-05-31T00:00+02:00,7319,4664,572,4444,12289
2019-05-31T01:00+02:00,7318,3949,572,4119,12108
2019-05-31T02:00+02:00,7319,3910,568,3882,12285
2019-05-31T03:00+02:00,7269,3907,570,3661,11891
2019-05-31T04:00+02:00,7294,4203,565,3570,11469
2019-05-31T05:00+02:00,7322,5001,576,3585,11968
2019-05-31T06:00+02:00,7439,6578,619,3545,13235
2019-05-31T07:00+02:00,7463,7356,637,3569,14247
2019-05-31T08:00+02:00,7459,7671,632,3558,14893
2019-05-31T09:00+02:00,7406,7626,660,3546,15011
2019-05-31T10:00+02:00,7435,7429,688,3707,15055
2019-05-31T11:00+02:00,7453,7228,691,3745,14753
2019-05-31T12:00+02:00,7451,7124,698,3762,14472
2019-05-31T13:00+02:00,7441,6859,719,3834,14087
2019-05-31T14:00+02:00,7435,6754,710,3913,13924
2019-05-31T15:00+02:00,7378,6643,697,3943,13625
2019-05-31T16:00+02:00,7393,6728,682,3897,13471
2019-05-31T17:00+02:00,7410,6989,661,3882,13832
2019-05-31T18:00+02:00,7404,7012,636,3671,13652
2019-05-31T19:00+02:00,7405,7086,622,3300,13357
2019-05-31T20:00+02:00,7417,7240,599,3132,13356
2019-05-31T21:00+02:00,7431,7060,588,3030,12947
2019-05-31T22:00+02:00,7435,6974,557,3114,12808
2019-05-31T23:00+02:00,7438,6188,556,3070,12436
2019-06-01T00:00+02:00,7442,5617,533,3079,12074
2019-06-01T01:00+02:00,7441,5460,515,3013,11762
2019-06-01T02:00+02:00,7426,5257,513,2904,11592
2019-06-01T03:00+02:00,7403,5245,504,2712,11441
2019-06-01T04:00+02:00,7418,5297,513,2475,11217
2019-06-01T05:00+02:00,7424,5555,533,2325,11185
2019-06-01T06:00+02:00,7417,6050,528,2139,11232
2019-06-01T07:00+02:00,7407,6345,541,2123,11826
2019-06-01T08:00+02:00,7407,6607,545,2224,12456
2019-06-01T09:00+02:00,7411,6604,575,2421,13047
2019-06-01T10:00+02:00,7411,6601,602,2630,13409
2019-06-01T11:00+02:00,7411,6592,621,2836,13474
2019-06-01T12:00+02:00,7412,6573,627,3039,13374
2019-06-01T13:00+02:00,7413,6484,637,3309,13446
2019-06-01T14:00+02:00,7412,6363,636,3417,13373
2019-06-01T15:00+02:00,7410,6537,635,3330,13102
2019-06-01T16:00+02:00,7409,6663,626,3142,13087
2019-06-01T17:00+02:00,7408,6902,614,3106,13329
2019-06-01T18:00+02:00,7409,7194,596,2982,13163
2019-06-01T19:00+02:00,7408,7261,584,2846,13148
2019-06-01T20:00+02:00,7405,7239,566,2695,12978
2019-06-01T21:00+02:00,7408,7226,548,2608,12735
2019-06-01T22:00+02:00,7407,7022,528,2638,12594
2019-06-01T23:00+02:00,7408,6373,526,2708,11968
2019-06-02T00:00+02:00,7417,5972,524,2810,11686
2019-06-02T01:00+02:00,7491,5812,515,2867,11435
2019-06-02T02:00+02:00,7583,5397,518,2802,11089
2019-06-02T03:00+02:00,7585,5078,514,2715,10971
2019-06-02T04:00+02:00,7591,4928,517,2483,10510
2019-06-02T05:00+02:00,7696,5152,528,2196,10522
2019-06-02T06:00+02:00,7713,5796,543,1965,10926
2019-06-02T07:00+02:00,7741,6611,568,1801,11480
2019-06-02T08:00+02:00,7768,6853,587,1630,12045
2019-06-02T09:00+02:00,7762,7195,607,1516,12636
2019-06-02T10:00+02:00,7736,7237,622,1411,12769
2019-06-02T11:00+02:00,7632,7213,639,1370,12857
2019-06-02T12:00+02:00,7618,7088,634,1427,12882
2019-06-02T13:00+02:00,7615,6959,627,1474,12679
2019-06-02T14:00+02:00,7602,6727,620,1382,12436
2019-06-02T15:00+02:00,7593,6835,615,1257,12461
2019-06-02T16:00+02:00,7586,6942,602,1188,12565
2019-06-02T17:00+02:00,7595,7233,585,1026,12951
2019-06-02T18:00+02:00,7592,7545,561,802,13100
2019-06-02T19:00+02:00,7559,8259,552,613,13317
2019-06-02T20:00+02:00,7554,8330,544,628,13203
2019-06-02T21:00+02:00,7653,8255,532,811,12638
2019-06-02T22:00+02:00,7692,8118,507,1072,12202
2019-06-02T23:00+02:00,7653,7272,496,1413,11486
2019-06-03T00:00+02:00,7445,6220,466,1772,11178
2019-06-03T01:00+02:00,7119,6018,467,2150,11013
2019-06-03T02:00+02:00,6838,5916,462,2390,10750
2019-06-03T03:00+02:00,6807,5982,461,2504,10400
2019-06-03T04:00+02:00,6789,6415,471,2622,10602
2019-06-03T05:00+02:00,6784,6693,477,2717,11296
2019-06-03T06:00+02:00,6778,7791,508,2710,13033
2019-06-03T07:00+02:00,6772,8605,530,2719,14831
2019-06-03T08:00+02:00,6766,8814,562,2567,15202
2019-06-03T09:00+02:00,6762,8441,584,2496,15483
2019-06-03T10:00+02:00,6756,8515,603,2472,15629
2019-06-03T11:00+02:00,6746,8215,624,2496,15544
2019-06-03T12:00+02:00,6741,8139,634,2635,15464
2019-06-03T13:00+02:00,6736,8086,627,2811,15471
2019-06-03T14:00+02:00,6730,8045,615,2865,15418
2019-06-03T15:00+02:00,6739,8029,601,2865,14782
2019-06-03T16:00+02:00,6773,8091,586,2795,14727
2019-06-03T17:00+02:00,6773,8196,560,2675,15223
2019-06-03T18:00+02:00,6770,8187,541,2470,14979
2019-06-03T19:00+02:00,6770,8232,532,2376,14838
2019-06-03T20:00+02:00,6772,8067,521,2352,13993
2019-06-03T21:00+02:00,6772,7794,513,2415,14680
2019-06-03T22:00+02:00,6737,7496,511,2450,17817
2019-06-03T23:00+02:00,6716,6927,505,2398,17144
2019-06-04T00:00+02:00,6726,6464,503,2406,12006
2019-06-04T01:00+02:00,6734,5957,480,2309,11527
2019-06-04T02:00+02:00,6742,5632,463,2234,11331
2019-06-04T03:00+02:00,6753,5637,450,2231,11290
2019-06-04T04:00+02:00,6810,6097,451,2114,11034
2019-06-04T05:00+02:00,6931,6921,462,1875,11681
2019-06-04T06:00+02:00,7052,8272,471,1561,13073
2019-06-04T07:00+02:00,7163,8958,481,1369,14304
2019-06-04T08:00+02:00,7166,8726,504,1202,14919
2019-06-04T09:00+02:00,6905,8640,528,1173,15213
2019-06-04T10:00+02:00,6933,8797,540,1147,15341
2019-06-04T11:00+02:00,6958,8901,540,1076,15277
2019-06-04T12:00+02:00,7011,8710,505,1095,14709
2019-06-04T13:00+02:00,7237,8801,505,1099,14609
2019-06-04T14:00+02:00,7285,8786,491,1083,14456
2019-06-04T15:00+02:00,7478,8908,480,1015,14214
2019-06-04T16:00+02:00,7667,8839,478,948,14501
2019-06-04T17:00+02:00,7717,8875,448,866,14501
2019-06-04T18:00+02:00,7808,8974,415,757,14000
2019-06-04T19:00+02:00,7869,9140,396,635,13902
2019-06-04T20:00+02:00,7873,8983,372,644,13758
2019-06-04T21:00+02:00,7910,8504,362,716,13244
2019-06-04T22:00+02:00,7960,8114,362,803,12868
2019-06-04T23:00+02:00,7974,7442,367,887,12214
2019-06-05T00:00+02:00,7975,6738,344,881,11637
2019-06-05T01:00+02:00,7975,6368,342,956,11192
2019-06-05T02:00+02:00,7980,6033,343,984,10959
2019-06-05T03:00+02:00,7980,5947,340,1034,10878
2019-06-05T04:00+02:00,7995,6477,343,1132,10442
2019-06-05T05:00+02:00,8039,6835,351,1151,10828
2019-06-05T06:00+02:00,8085,7652,368,1164,12398
2019-06-05T07:00+02:00,8095,8216,388,1169,14075
2019-06-05T08:00+02:00,8111,8344,411,1138,14489
2019-06-05T09:00+02:00,8141,8192,441,1105,14591
2019-06-05T10:00+02:00,8167,8228,475,1077,14797
2019-06-05T11:00+02:00,8179,8173,498,1173,14910
2019-06-05T12:00+02:00,8219,8066,509,1302,14719
2019-06-05T13:00+02:00,8248,8145,553,1409,14665
2019-06-05T14:00+02:00,8243,8049,567,1426,14468
2019-06-05T15:00+02:00,8234,8054,577,1377,14154
2019-06-05T16:00+02:00,8237,8256,548,1346,13857
2019-06-05T17:00+02:00,8240,8256,548,1384,13964
2019-06-05T18:00+02:00,8246,8190,531,1433,13786
2019-06-05T19:00+02:00,8246,8173,509,1532,13616
2019-06-05T20:00+02:00,8243,8138,484,1639,13081
2019-06-05T21:00+02:00,8245,7998,412,1877,12580
2019-06-05T22:00+02:00,8247,7606,415,2086,12325
2019-06-05T23:00+02:00,8240,6661,455,2186,11638
2019-06-06T00:00+02:00,7983,5487,440,2141,10516
2019-06-06T01:00+02:00,7925,4647,425,2135,9973
2019-06-06T02:00+02:00,7925,4552,435,2182,9909
2019-06-06T03:00+02:00,7924,4583,448,2069,9654
2019-06-06T04:00+02:00,7926,5056,454,1887,9400
2019-06-06T05:00+02:00,7929,5383,456,1785,9837
2019-06-06T06:00+02:00,7930,6335,493,1493,10460
2019-06-06T07:00+02:00,7932,7025,518,1224,11371
2019-06-06T08:00+02:00,7934,7581,535,1115,12221
2019-06-06T09:00+02:00,7936,7895,574,1117,12680
2019-06-06T10:00+02:00,7934,8085,639,1259,13017
2019-06-06T11:00+02:00,7930,7971,663,1549,12767
2019-06-06T12:00+02:00,7924,7597,673,1863,12781
2019-06-06T13:00+02:00,7919,7362,665,2185,12557
2019-06-06T14:00+02:00,7908,7236,654,2343,12442
2019-06-06T15:00+02:00,7877,7253,637,2343,12293
2019-06-06T16:00+02:00,7869,7376,618,2307,12283
2019-06-06T17:00+02:00,7871,7564,590,2265,12481
2019-06-06T18:00+02:00,7889,7961,550,2251,12721
2019-06-06T19:00+02:00,7903,7952,539,2217,12608
2019-06-06T20:00+02:00,7914,7883,511,2117,12414
2019-06-06T21:00+02:00,7916,7583,502,2173,12070
2019-06-06T22:00+02:00,7897,7245,498,2276,11699
2019-06-06T23:00+02:00,7901,6806,509,2309,11058
2019-06-07T00:00+02:00,7927,6236,514,2211,10472
2019-06-07T01:00+02:00,7941,5661,513,2248,10200
2019-06-07T02:00+02:00,7962,5589,514,2140,10069
2019-06-07T03:00+02:00,7973,5638,511,1987,9794
2019-06-07T04:00+02:00,7975,6209,509,1895,9788
2019-06-07T05:00+02:00,8015,6622,507,1665,10269
2019-06-07T06:00+02:00,8269,7554,509,1432,11716
2019-06-07T07:00+02:00,8297,8085,531,1103,12986
2019-06-07T08:00+02:00,8300,8485,551,903,13453
2019-06-07T09:00+02:00,8309,8345,570,913,13412
2019-06-07T10:00+02:00,8324,8372,597,1133,13573
2019-06-07T11:00+02:00,8336,8276,600,1330,13700
2019-06-07T12:00+02:00,8337,8054,606,1564,13690
2019-06-07T13:00+02:00,8336,7838,620,1678,13510
2019-06-07T14:00+02:00,8332,7760,617,1737,13350
2019-06-07T15:00+02:00,8327,7882,613,1722,13309
2019-06-07T16:00+02:00,8322,7992,601,1635,13324
2019-06-07T17:00+02:00,8319,8077,586,1605,13410
2019-06-07T18:00+02:00,8319,8271,571,1461,12995
2019-06-07T19:00+02:00,8324,8188,539,1357,12839
2019-06-07T20:00+02:00,8328,8097,516,1321,12799
2019-06-07T21:00+02:00,8327,7724,505,1269,12262
2019-06-07T22:00+02:00,8326,7555,510,1248,11969
2019-06-07T23:00+02:00,8223,6988,490,1205,11550
2019-06-08T00:00+02:00,7702,6007,482,1199,10838
2019-06-08T01:00+02:00,7702,5804,479,1182,10443
2019-06-08T02:00+02:00,7704,5553,470,1072,9978
2019-06-08T03:00+02:00,7708,5256,473,1056,9743
2019-06-08T04:00+02:00,7715,5169,471,1067,9275
2019-06-08T05:00+02:00,7722,5221,478,1068,9440
2019-06-08T06:00+02:00,7726,5358,499,1091,10240
2019-06-08T07:00+02:00,7728,5768,516,960,10878
2019-06-08T08:00+02:00,7728,6145,538,842,11610
2019-06-08T09:00+02:00,7726,6447,570,910,12317
2019-06-08T10:00+02:00,7699,6444,584,1036,12443
2019-06-08T11:00+02:00,7715,6525,602,1244,12438
2019-06-08T12:00+02:00,7700,6337,620,1506,12246
2019-06-08T13:00+02:00,7693,6171,633,1716,12203
2019-06-08T14:00+02:00,7690,5998,636,1855,11924
2019-06-08T15:00+02:00,7696,5928,628,2026,12031
2019-06-08T16:00+02:00,7696,5860,603,2128,12284
2019-06-08T17:00+02:00,7697,5902,578,2098,12163
2019-06-08T18:00+02:00,7697,6265,561,2100,11899
2019-06-08T19:00+02:00,7698,6241,536,2036,11620
2019-06-08T20:00+02:00,7700,6105,512,2137,11479
2019-06-08T21:00+02:00,7703,5972,494,2348,11458
2019-06-08T22:00+02:00,7698,5621,505,2417,11032
2019-06-08T23:00+02:00,7697,5379,504,2521,10779
2019-06-09T00:00+02:00,7704,5231,495,2708,10504
2019-06-09T01:00+02:00,7710,4561,491,2817,10070
2019-06-09T02:00+02:00,7716,4315,490,2814,9875
2019-06-09T03:00+02:00,7727,3886,484,2820,9545
2019-06-09T04:00+02:00,7730,3749,487,2844,9158
2019-06-09T05:00+02:00,7729,3963,501,2857,9215
2019-06-09T06:00+02:00,7733,4465,534,2984,9853
2019-06-09T07:00+02:00,7733,4802,558,3172,10549
2019-06-09T08:00+02:00,7732,5613,587,3283,11053
2019-06-09T09:00+02:00,7735,5807,614,3445,11487
2019-06-09T10:00+02:00,7736,5800,638,3646,12180
2019-06-09T11:00+02:00,7736,6054,649,3808,12296
2019-06-09T12:00+02:00,7736,6276,647,3944,12311
2019-06-09T13:00+02:00,7735,6010,653,4073,12318
2019-06-09T14:00+02:00,7732,6149,652,4252,12333
2019-06-09T15:00+02:00,7724,6068,644,4222,12363
2019-06-09T16:00+02:00,7720,6104,621,4198,12525
2019-06-09T17:00+02:00,7719,6488,592,4006,12777
2019-06-09T18:00+02:00,7720,6845,557,3747,12870
2019-06-09T19:00+02:00,7720,7060,529,3386,12793
2019-06-09T20:00+02:00,7724,6959,503,3068,12594
2019-06-09T21:00+02:00,7726,6829,488,3108,12340
2019-06-09T22:00+02:00,7724,6507,476,3019,11852
2019-06-09T23:00+02:00,7718,5860,475,3074,11480
2019-06-10T00:00+02:00,7716,4877,453,2975,11024
2019-06-10T01:00+02:00,7712,4561,434,2947,10799
2019-06-10T02:00+02:00,7711,4569,438,2828,10763
2019-06-10T03:00+02:00,7716,4609,433,2692,10529
2019-06-10T04:00+02:00,7722,5145,435,2514,10464
2019-06-10T05:00+02:00,7774,6096,440,2352,11312
2019-06-10T06:00+02:00,8283,7243,464,2133,12911
2019-06-10T07:00+02:00,8355,7669,480,1983,13913
2019-06-10T08:00+02:00,8354,8075,488,1910,14491
2019-06-10T09:00+02:00,8333,7764,510,2106,14613
2019-06-10T10:00+02:00,8343,7815,554,2365,15016
2019-06-10T11:00+02:00,8348,7695,571,2381,14866
2019-06-10T12:00+02:00,8355,7603,585,2388,14788
2019-06-10T13:00+02:00,8364,7627,588,2466,14816
2019-06-10T14:00+02:00,8358,7636,574,2375,14679
2019-06-10T15:00+02:00,8352,7583,559,2325,14745
2019-06-10T16:00+02:00,8352,7656,542,2270,14539
2019-06-10T17:00+02:00,8353,7926,525,2234,14622
2019-06-10T18:00+02:00,8366,8215,510,2139,14339
2019-06-10T19:00+02:00,8378,8199,502,1940,14053
2019-06-10T20:00+02:00,8381,7801,497,1924,13784
2019-06-10T21:00+02:00,8385,7525,490,1821,13463
2019-06-10T22:00+02:00,8382,7311,493,1783,12990
2019-06-10T23:00+02:00,8381,7115,488,1838,12271
2019-06-11T00:00+02:00,8381,6407,516,1907,11391
2019-06-11T01:00+02:00,8382,6046,518,2007,11071
2019-06-11T02:00+02:00,8383,5873,507,2096,10846
2019-06-11T03:00+02:00,8388,5796,506,2144,10528
2019-06-11T04:00+02:00,8388,6293,509,2216,10462
2019-06-11T05:00+02:00,8389,6618,517,2228,11023
2019-06-11T06:00+02:00,8391,7474,527,2086,12738
2019-06-11T07:00+02:00,8391,8062,543,1922,14087
2019-06-11T08:00+02:00,8391,8578,574,1860,14720
2019-06-11T09:00+02:00,8398,8535,588,1883,15139
2019-06-11T10:00+02:00,8395,8507,608,1890,15276
2019-06-11T11:00+02:00,8393,8420,593,1922,15212
2019-06-11T12:00+02:00,8387,8248,590,2050,15191
2019-06-11T13:00+02:00,8390,8242,594,2166,15286
2019-06-11T14:00+02:00,8387,8198,600,2245,15061
2019-06-11T15:00+02:00,8387,8311,606,2371,14825
2019-06-11T16:00+02:00,8385,8195,591,2499,14674
2019-06-11T17:00+02:00,8386,7966,577,2667,14759
2019-06-11T18:00+02:00,8381,7774,567,2685,14429
2019-06-11T19:00+02:00,8380,7626,560,2705,14300
2019-06-11T20:00+02:00,8379,7528,549,2776,14118
2019-06-11T21:00+02:00,8376,7173,535,2893,13621
2019-06-11T22:00+02:00,8378,6712,515,3023,13168
2019-06-11T23:00+02:00,8375,6263,506,3201,12639
2019-06-12T00:00+02:00,8374,5377,495,3246,11707
2019-06-12T01:00+02:00,8377,4869,494,3305,11413
2019-06-12T02:00+02:00,8374,4818,500,3266,11336
2019-06-12T03:00+02:00,8374,4809,500,3168,11283
2019-06-12T04:00+02:00,8370,5337,485,3070,11280
2019-06-12T05:00+02:00,8363,6194,479,2987,11997
2019-06-12T06:00+02:00,8360,7141,485,3024,13529
2019-06-12T07:00+02:00,8353,7757,498,2964,14735
2019-06-12T08:00+02:00,8353,8070,524,2934,15263
2019-06-12T09:00+02:00,8351,8096,532,3009,15177
2019-06-12T10:00+02:00,8354,8104,564,3175,15596
2019-06-12T11:00+02:00,8353,8129,571,3199,15557
2019-06-12T12:00+02:00,8353,8179,598,3128,15636
2019-06-12T13:00+02:00,8350,8179,598,3088,15917
2019-06-12T14:00+02:00,8348,8074,600,3023,15713
2019-06-12T15:00+02:00,8349,7947,577,3047,15279
2019-06-12T16:00+02:00,8351,8011,520,3148,15193
2019-06-12T17:00+02:00,8351,8027,495,3194,15310
2019-06-12T18:00+02:00,8352,7828,466,3145,14794
2019-06-12T19:00+02:00,8354,7680,460,3109,14500
2019-06-12T20:00+02:00,8352,7493,442,3092,14167
2019-06-12T21:00+02:00,8353,7298,425,3099,13851
2019-06-12T22:00+02:00,8356,6931,416,3099,13034
2019-06-12T23:00+02:00,8355,6751,402,3019,12518
2019-06-13T00:00+02:00,8354,5846,387,2899,11887
2019-06-13T01:00+02:00,8353,5435,395,2723,11920
2019-06-13T02:00+02:00,8354,5487,401,2542,11663
2019-06-13T03:00+02:00,8355,5487,394,2387,11473
2019-06-13T04:00+02:00,8354,6019,391,2220,11348
2019-06-13T05:00+02:00,8352,6469,392,2087,11925
2019-06-13T06:00+02:00,8343,7284,413,1954,13573
2019-06-13T07:00+02:00,8327,7959,431,1808,14945
2019-06-13T08:00+02:00,8324,8341,454,1649,15337
2019-06-13T09:00+02:00,8319,8302,489,1643,15415
2019-06-13T10:00+02:00,8323,8046,460,1690,15276
2019-06-13T11:00+02:00,8322,7914,494,1800,15374
2019-06-13T12:00+02:00,8314,7652,495,1697,15246
2019-06-13T13:00+02:00,8309,7573,504,1713,15208
2019-06-13T14:00+02:00,8315,7491,495,1566,15114
2019-06-13T15:00+02:00,8316,7593,492,1478,15464
2019-06-13T16:00+02:00,8313,7847,484,1352,15312
2019-06-13T17:00+02:00,8313,8042,455,1126,15209
2019-06-13T18:00+02:00,8315,8042,438,949,14678
2019-06-13T19:00+02:00,8320,8047,421,835,14408
2019-06-13T20:00+02:00,8325,7795,434,825,14213
2019-06-13T21:00+02:00,8332,7603,412,905,13655
2019-06-13T22:00+02:00,8336,7496,405,879,13274
2019-06-13T23:00+02:00,8335,7220,418,915,12622
2019-06-14T00:00+02:00,8335,6443,421,902,11983
2019-06-14T01:00+02:00,8331,6008,418,857,11353
2019-06-14T02:00+02:00,8324,5949,411,900,11143
2019-06-14T03:00+02:00,8320,5895,398,855,10746
2019-06-14T04:00+02:00,8323,6030,393,827,10769
2019-06-14T05:00+02:00,8328,6549,391,762,11407
2019-06-14T06:00+02:00,8328,7541,406,654,12968
2019-06-14T07:00+02:00,8326,8072,439,566,14447
2019-06-14T08:00+02:00,8328,8536,463,468,14888
2019-06-14T09:00+02:00,8324,8621,511,385,14882
2019-06-14T10:00+02:00,8310,8654,548,358,14965
2019-06-14T11:00+02:00,8306,8694,651,450,15236
2019-06-14T12:00+02:00,8305,8415,598,294,14861
2019-06-14T13:00+02:00,8307,8363,587,295,14537
2019-06-14T14:00+02:00,8309,8244,589,320,14270
2019-06-14T15:00+02:00,8309,8149,561,373,14068
2019-06-14T16:00+02:00,8306,8112,550,401,13709
2019-06-14T17:00+02:00,8307,8148,531,423,13672
2019-06-14T18:00+02:00,8308,8031,504,419,13366
2019-06-14T19:00+02:00,8316,7921,488,420,13069
2019-06-14T20:00+02:00,8316,7642,468,473,12624
2019-06-14T21:00+02:00,8314,7372,471,602,12299
2019-06-14T22:00+02:00,8312,7184,467,766,12050
2019-06-14T23:00+02:00,8314,6663,451,948,11801
2019-06-15T00:00+02:00,8320,5791,483,1005,11039
2019-06-15T01:00+02:00,8325,5569,480,1132,10735
2019-06-15T02:00+02:00,8326,5460,478,1172,10489
2019-06-15T03:00+02:00,8327,5363,476,1160,10236
2019-06-15T04:00+02:00,8327,5252,475,1183,10022
2019-06-15T05:00+02:00,8326,5354,500,1075,10033
2019-06-15T06:00+02:00,8328,5901,517,909,10473
2019-06-15T07:00+02:00,8325,6669,541,774,11108
2019-06-15T08:00+02:00,8320,7116,535,748,11987
2019-06-15T09:00+02:00,8314,7416,559,746,12535
2019-06-15T10:00+02:00,8311,7533,579,718,12716
2019-06-15T11:00+02:00,8310,7322,593,705,12557
2019-06-15T12:00+02:00,8308,7117,585,747,12581
2019-06-15T13:00+02:00,8305,6739,599,768,12760
2019-06-15T14:00+02:00,8301,6699,588,841,12621
2019-06-15T15:00+02:00,8303,6714,560,957,12349
2019-06-15T16:00+02:00,8300,6884,532,976,12066
2019-06-15T17:00+02:00,8299,7054,523,1029,12346
2019-06-15T18:00+02:00,8298,7365,498,1133,12518
2019-06-15T19:00+02:00,8295,7295,476,1251,12361
2019-06-15T20:00+02:00,8282,7113,489,1313,12173
2019-06-15T21:00+02:00,8273,6857,494,1372,11977
2019-06-15T22:00+02:00,8267,6406,501,1525,11978
2019-06-15T23:00+02:00,8270,5819,507,1568,11700
2019-06-16T00:00+02:00,8275,5258,505,1454,11234
2019-06-16T01:00+02:00,8282,4960,508,1286,10774
2019-06-16T02:00+02:00,8287,4756,488,1177,10722
2019-06-16T03:00+02:00,8289,4609,487,1117,10486
2019-06-16T04:00+02:00,8293,4568,487,968,10192
2019-06-16T05:00+02:00,8294,4777,497,901,10192
2019-06-16T06:00+02:00,8294,5318,494,744,10447
2019-06-16T07:00+02:00,8290,5864,528,624,10940
2019-06-16T08:00+02:00,8287,6294,536,553,11481
2019-06-16T09:00+02:00,8280,6555,545,537,12051
2019-06-16T10:00+02:00,8254,6824,554,555,12577
2019-06-16T11:00+02:00,8238,6789,569,631,12800
2019-06-16T12:00+02:00,8233,6780,584,687,12768
2019-06-16T13:00+02:00,8233,6522,565,784,12702
2019-06-16T14:00+02:00,8230,6585,562,863,12720
2019-06-16T15:00+02:00,8228,6654,539,958,12564
2019-06-16T16:00+02:00,8222,6844,527,1067,12293
2019-06-16T17:00+02:00,8217,7134,516,1173,12673
2019-06-16T18:00+02:00,8221,7253,494,1261,12763
2019-06-16T19:00+02:00,8221,7342,487,1323,12867
2019-06-16T20:00+02:00,8222,7220,471,1426,12829
2019-06-16T21:00+02:00,8221,7024,458,1560,12423
2019-06-16T22:00+02:00,8227,6461,459,1644,12070
2019-06-16T23:00+02:00,8232,6026,444,1859,11581
2019-06-17T00:00+02:00,8234,5414,475,1790,11105
2019-06-17T01:00+02:00,8236,5031,473,1829,10918
2019-06-17T02:00+02:00,8241,4956,472,1817,10781
2019-06-17T03:00+02:00,8244,4799,468,1804,10630
2019-06-17T04:00+02:00,8249,5276,472,1686,10462
2019-06-17T05:00+02:00,8250,5887,476,1495,11013
2019-06-17T06:00+02:00,8251,7304,500,1339,12737
2019-06-17T07:00+02:00,8251,8146,523,1252,14218
2019-06-17T08:00+02:00,8247,8442,547,1208,14620
2019-06-17T09:00+02:00,8250,8501,579,1299,14691
2019-06-17T10:00+02:00,8255,8450,610,1407,14933
2019-06-17T11:00+02:00,8258,8309,619,1587,14961
2019-06-17T12:00+02:00,8258,8249,629,1751,15051
2019-06-17T13:00+02:00,8252,8248,636,1900,14945
2019-06-17T14:00+02:00,8254,8142,638,2044,14759
2019-06-17T15:00+02:00,8250,8060,630,2245,14849
2019-06-17T16:00+02:00,8242,7895,537,2192,14511
2019-06-17T17:00+02:00,8239,7972,532,2247,14492
2019-06-17T18:00+02:00,8236,8023,507,2158,14157
2019-06-17T19:00+02:00,8233,7967,511,1950,13794
2019-06-17T20:00+02:00,8226,7634,493,1959,13631
2019-06-17T21:00+02:00,8221,7305,474,1977,13329
2019-06-17T22:00+02:00,8228,6765,480,2116,12900
2019-06-17T23:00+02:00,8235,6480,475,2093,12170
2019-06-18T00:00+02:00,8238,5907,455,2050,11263
2019-06-18T01:00+02:00,8247,5178,443,1986,11092
2019-06-18T02:00+02:00,8254,5100,449,1987,11116
2019-06-18T03:00+02:00,8253,5096,454,1833,10729
2019-06-18T04:00+02:00,8255,5645,442,1836,10665
2019-06-18T05:00+02:00,8252,6162,457,1711,11143
2019-06-18T06:00+02:00,8246,7398,486,1572,12466
2019-06-18T07:00+02:00,8241,8045,510,1522,13937
2019-06-18T08:00+02:00,8239,8367,534,1552,14222
2019-06-18T09:00+02:00,8238,8185,560,1871,14511
2019-06-18T10:00+02:00,8237,8177,564,2080,14959
2019-06-18T11:00+02:00,8236,8049,577,2256,15011
2019-06-18T12:00+02:00,8235,8237,582,2392,14756
2019-06-18T13:00+02:00,8227,8101,592,2531,14612
2019-06-18T14:00+02:00,8222,7999,585,2643,14499
2019-06-18T15:00+02:00,8226,7855,590,2725,14543
2019-06-18T16:00+02:00,8231,7684,568,2577,14225
2019-06-18T17:00+02:00,8232,7759,544,2491,14414
2019-06-18T18:00+02:00,8235,7877,521,2252,14157
2019-06-18T19:00+02:00,8238,7833,501,2014,13931
2019-06-18T20:00+02:00,8235,7594,490,1992,13924
2019-06-18T21:00+02:00,8234,7211,483,1985,13391
2019-06-18T22:00+02:00,8236,6834,474,1940,12740
2019-06-18T23:00+02:00,8238,6330,470,1901,11822
2019-06-19T00:00+02:00,8241,5777,479,1880,11047
2019-06-19T01:00+02:00,8230,5002,482,1915,10724
2019-06-19T02:00+02:00,8229,4972,476,1868,10624
2019-06-19T03:00+02:00,8227,5002,480,1759,10498
2019-06-19T04:00+02:00,8221,5773,466,1555,10757
2019-06-19T05:00+02:00,8220,6217,478,1290,11492
2019-06-19T06:00+02:00,8221,7181,485,976,13012
2019-06-19T07:00+02:00,8219,8112,495,721,14353
2019-06-19T08:00+02:00,8216,8578,526,615,14989
2019-06-19T09:00+02:00,8214,8723,532,584,14999
2019-06-19T10:00+02:00,8211,8835,550,592,15172
2019-06-19T11:00+02:00,8202,8818,576,640,15267
2019-06-19T12:00+02:00,8197,8789,590,664,15192
2019-06-19T13:00+02:00,8194,8763,599,676,15048
2019-06-19T14:00+02:00,8186,8831,599,687,15032
2019-06-19T15:00+02:00,8176,8522,586,702,14893
2019-06-19T16:00+02:00,8175,8256,565,721,14674
2019-06-19T17:00+02:00,8174,8528,546,709,14668
2019-06-19T18:00+02:00,8173,8691,502,661,14436
2019-06-19T19:00+02:00,8178,8349,491,652,14198
2019-06-19T20:00+02:00,8187,8144,470,721,13912
2019-06-19T21:00+02:00,8193,7711,465,868,13314
2019-06-19T22:00+02:00,8195,7375,469,1067,12545
2019-06-19T23:00+02:00,8197,6902,469,1096,11655
2019-06-20T00:00+02:00,8196,6390,450,1196,11028
2019-06-20T01:00+02:00,8199,6049,455,1267,10616
2019-06-20T02:00+02:00,8199,5841,460,1329,10554
2019-06-20T03:00+02:00,8197,5561,443,1287,10363
2019-06-20T04:00+02:00,8194,5825,441,1270,10337
2019-06-20T05:00+02:00,8192,6358,445,1248,10907
2019-06-20T06:00+02:00,8191,7475,462,1194,12379
2019-06-20T07:00+02:00,8189,8727,476,1235,14074
2019-06-20T08:00+02:00,8185,8844,500,1293,14836
2019-06-20T09:00+02:00,8184,8829,502,1490,15347
2019-06-20T10:00+02:00,8182,8771,540,1589,15517
2019-06-20T11:00+02:00,8181,8703,556,1719,15276
2019-06-20T12:00+02:00,8172,8674,563,1865,15199
2019-06-20T13:00+02:00,7511,8560,557,1998,15567
2019-06-20T14:00+02:00,7468,8385,566,2071,15221
2019-06-20T15:00+02:00,7610,8248,546,2070,13862
2019-06-20T16:00+02:00,7930,8470,515,2077,13725
2019-06-20T17:00+02:00,7974,8336,489,2081,13627
2019-06-20T18:00+02:00,7977,8436,461,2059,13654
2019-06-20T19:00+02:00,7977,8049,450,1968,13445
2019-06-20T20:00+02:00,7976,7772,451,1949,13248
2019-06-20T21:00+02:00,7984,7640,440,1999,12832
2019-06-20T22:00+02:00,7988,7086,436,2067,12257
2019-06-20T23:00+02:00,7994,6420,431,2079,11532
2019-06-21T00:00+02:00,8001,5558,417,2046,10787
2019-06-21T01:00+02:00,8030,5139,422,2083,10375
2019-06-21T02:00+02:00,8035,4736,436,2065,10098
2019-06-21T03:00+02:00,8069,4619,450,1915,9700
2019-06-21T04:00+02:00,8078,5088,467,1822,9793
2019-06-21T05:00+02:00,8084,5369,479,1655,9828
2019-06-21T06:00+02:00,8085,6144,488,1482,10275
2019-06-21T07:00+02:00,8084,6693,511,1396,10816
2019-06-21T08:00+02:00,8079,7108,544,1422,11516
2019-06-21T09:00+02:00,8075,7502,562,1431,11928
2019-06-21T10:00+02:00,8072,7711,582,1538,12347
2019-06-21T11:00+02:00,8100,7806,600,1671,12482
2019-06-21T12:00+02:00,8097,7729,618,1816,12374
2019-06-21T13:00+02:00,8123,7477,622,1954,12048
2019-06-21T14:00+02:00,8127,7313,622,2090,11883
2019-06-21T15:00+02:00,8160,7063,618,2173,11628
2019-06-21T16:00+02:00,8165,6927,605,2236,11421
2019-06-21T17:00+02:00,8179,6882,583,2264,11515
2019-06-21T18:00+02:00,8182,6827,555,2353,11328
2019-06-21T19:00+02:00,8186,6702,523,2372,11136
2019-06-21T20:00+02:00,8189,6595,495,2342,10816
2019-06-21T21:00+02:00,8192,6552,489,2418,10749
2019-06-21T22:00+02:00,8196,6187,494,2588,10826
2019-06-21T23:00+02:00,8200,5709,496,2752,10691
2019-06-22T00:00+02:00,8202,4530,512,2867,10460
2019-06-22T01:00+02:00,8201,4236,513,3082,10355
2019-06-22T02:00+02:00,8202,4095,515,3133,10060
2019-06-22T03:00+02:00,8209,3919,519,3180,9614
2019-06-22T04:00+02:00,8212,3675,519,3264,9460
2019-06-22T05:00+02:00,8216,3812,529,3266,9721
2019-06-22T06:00+02:00,8215,4024,549,3273,9760
2019-06-22T07:00+02:00,8212,4295,563,3326,10024
2019-06-22T08:00+02:00,8212,5129,602,3296,10375
2019-06-22T09:00+02:00,8211,5659,627,3251,10950
2019-06-22T10:00+02:00,8210,5886,654,3427,11427
2019-06-22T11:00+02:00,8209,5947,668,3470,11571
2019-06-22T12:00+02:00,8207,5970,664,3550,11641
2019-06-22T13:00+02:00,8198,5917,664,3641,11519
2019-06-22T14:00+02:00,8205,5786,658,3656,11491
2019-06-22T15:00+02:00,8204,5637,642,3667,11350
2019-06-22T16:00+02:00,8190,5674,615,3639,11623
2019-06-22T17:00+02:00,8158,5693,579,3479,11817
2019-06-22T18:00+02:00,8163,5879,542,3218,11923
2019-06-22T19:00+02:00,8187,5962,512,3004,11668
2019-06-22T20:00+02:00,8193,6002,491,2851,11617
2019-06-22T21:00+02:00,8194,5837,469,2782,11609
2019-06-22T22:00+02:00,8196,5697,467,2746,11285
2019-06-22T23:00+02:00,8197,5466,474,2668,11093
2019-06-23T00:00+02:00,8198,4928,472,2722,10780
2019-06-23T01:00+02:00,8199,4581,468,2642,10402
2019-06-23T02:00+02:00,8202,4450,465,2600,10305
2019-06-23T03:00+02:00,8204,4381,462,2468,10173
2019-06-23T04:00+02:00,8206,4373,465,2291,9988
2019-06-23T05:00+02:00,8206,4465,469,2055,9975
2019-06-23T06:00+02:00,8206,4750,497,1716,10168
2019-06-23T07:00+02:00,8206,5081,517,1469,10419
2019-06-23T08:00+02:00,8204,5469,547,1308,10924
2019-06-23T09:00+02:00,8201,5951,573,1335,11165
2019-06-23T10:00+02:00,8193,6270,605,1415,11507
2019-06-23T11:00+02:00,8188,6235,620,1520,11803
2019-06-23T12:00+02:00,8179,6264,628,1528,11913
2019-06-23T13:00+02:00,8169,6287,618,1441,11967
2019-06-23T14:00+02:00,8163,6331,616,1396,11764
2019-06-23T15:00+02:00,8159,6534,578,1267,11690
2019-06-23T16:00+02:00,8159,6807,559,1309,11868
2019-06-23T17:00+02:00,8156,7214,561,1236,11864
2019-06-23T18:00+02:00,8150,7421,525,1198,12176
2019-06-23T19:00+02:00,8148,7609,499,1194,12307
2019-06-23T20:00+02:00,8154,7567,480,1124,12081
2019-06-23T21:00+02:00,8158,7511,475,1175,11952
2019-06-23T22:00+02:00,8156,7367,464,1330,11557
2019-06-23T23:00+02:00,8159,6997,476,1347,11286
2019-06-24T00:00+02:00,8159,5806,468,1493,10655
2019-06-24T01:00+02:00,8163,5583,461,1528,10368
2019-06-24T02:00+02:00,8167,5438,438,1664,10489
2019-06-24T03:00+02:00,8171,5403,447,1702,10426
2019-06-24T04:00+02:00,8174,5505,455,1627,10340
2019-06-24T05:00+02:00,8175,5708,474,1407,10778
2019-06-24T06:00+02:00,8174,6899,491,1257,12426
2019-06-24T07:00+02:00,8174,8366,511,1050,13962
2019-06-24T08:00+02:00,8172,8572,546,897,14482
2019-06-24T09:00+02:00,8171,8615,564,821,14691
2019-06-24T10:00+02:00,8169,8219,586,655,14913
2019-06-24T11:00+02:00,8170,8000,594,601,14699
2019-06-24T12:00+02:00,8166,7836,573,629,14552
2019-06-24T13:00+02:00,8150,7989,571,642,14756
2019-06-24T14:00+02:00,8124,7837,564,694,14773
2019-06-24T15:00+02:00,8103,7638,557,699,14854
2019-06-24T16:00+02:00,8100,7643,540,735,14689
2019-06-24T17:00+02:00,8105,8430,495,727,14640
2019-06-24T18:00+02:00,8111,8256,469,664,14103
2019-06-24T19:00+02:00,8113,7943,444,706,13754
2019-06-24T20:00+02:00,8113,7390,424,769,13410
2019-06-24T21:00+02:00,8110,6920,417,932,12910
2019-06-24T22:00+02:00,8110,6737,411,1128,12432
2019-06-24T23:00+02:00,8114,6209,411,1309,11638
2019-06-25T00:00+02:00,8119,5633,407,1452,11122
2019-06-25T01:00+02:00,8123,5189,412,1548,10886
2019-06-25T02:00+02:00,8127,5138,416,1609,10762
2019-06-25T03:00+02:00,8134,5109,417,1520,10550
2019-06-25T04:00+02:00,8135,5517,417,1444,10532
2019-06-25T05:00+02:00,8131,5895,420,1251,11309
2019-06-25T06:00+02:00,8124,6875,414,960,12838
2019-06-25T07:00+02:00,8122,7643,435,710,14104
2019-06-25T08:00+02:00,8121,7995,455,582,14740
2019-06-25T09:00+02:00,8116,7875,476,547,14811
2019-06-25T10:00+02:00,8108,8001,484,506,14992
2019-06-25T11:00+02:00,8101,7991,492,504,15034
2019-06-25T12:00+02:00,8095,8086,499,534,15264
2019-06-25T13:00+02:00,8095,8084,493,551,15228
2019-06-25T14:00+02:00,8100,8102,484,551,15061
2019-06-25T15:00+02:00,8105,8117,470,573,14838
2019-06-25T16:00+02:00,8111,7943,453,567,14463
2019-06-25T17:00+02:00,8112,7924,416,604,14467
2019-06-25T18:00+02:00,8108,7882,415,614,14097
2019-06-25T19:00+02:00,8108,7737,407,654,13860
2019-06-25T20:00+02:00,8102,7745,391,724,13568
2019-06-25T21:00+02:00,8105,7584,389,767,13091
2019-06-25T22:00+02:00,8103,7329,389,927,12649
2019-06-25T23:00+02:00,8103,6908,380,988,11921
2019-06-26T00:00+02:00,8101,6077,330,974,11257
2019-06-26T01:00+02:00,8100,5376,333,989,11026
2019-06-26T02:00+02:00,8098,5374,336,894,10961
2019-06-26T03:00+02:00,8099,5408,335,768,10783
2019-06-26T04:00+02:00,8103,5917,331,650,10662
2019-06-26T05:00+02:00,8103,6266,333,505,11116
2019-06-26T06:00+02:00,8102,7810,362,371,12530
2019-06-26T07:00+02:00,8100,8696,371,272,13971
2019-06-26T08:00+02:00,8102,9108,399,263,14709
2019-06-26T09:00+02:00,8103,9216,413,270,14893
2019-06-26T10:00+02:00,8104,9150,432,292,15150
2019-06-26T11:00+02:00,8099,8804,448,362,15176
2019-06-26T12:00+02:00,8092,8694,476,501,15189
2019-06-26T13:00+02:00,8079,8641,494,656,15343
2019-06-26T14:00+02:00,8069,8333,510,862,15169
2019-06-26T15:00+02:00,8068,8100,510,1098,15050
2019-06-26T16:00+02:00,8069,8016,482,1396,14475
2019-06-26T17:00+02:00,8064,7868,454,1633,14342
2019-06-26T18:00+02:00,8062,7743,441,1944,14246
2019-06-26T19:00+02:00,8066,7545,437,2180,14044
2019-06-26T20:00+02:00,8079,7313,424,2351,13791
2019-06-26T21:00+02:00,8084,7054,418,2542,13346
2019-06-26T22:00+02:00,8087,6682,400,2877,13106
2019-06-26T23:00+02:00,8090,5720,401,3095,12283
2019-06-27T00:00+02:00,8090,5103,386,3068,11460
2019-06-27T01:00+02:00,8087,4300,380,3207,11106
2019-06-27T02:00+02:00,8081,4209,378,3307,10976
2019-06-27T03:00+02:00,8079,4205,384,3321,10848
2019-06-27T04:00+02:00,8083,4693,387,3291,10797
2019-06-27T05:00+02:00,8086,5120,396,3283,11312
2019-06-27T06:00+02:00,8086,6710,424,3137,12529
2019-06-27T07:00+02:00,8090,7399,426,3264,13870
2019-06-27T08:00+02:00,7671,7641,462,3202,14896
2019-06-27T09:00+02:00,7327,7953,523,3225,15417
2019-06-27T10:00+02:00,7310,8062,527,3181,15214
2019-06-27T11:00+02:00,7423,8103,538,3271,15286
2019-06-27T12:00+02:00,7476,8020,507,3416,15406
2019-06-27T13:00+02:00,7472,7837,523,3446,15471
2019-06-27T14:00+02:00,7625,7777,503,3395,15054
2019-06-27T15:00+02:00,7738,7716,501,3442,14855
2019-06-27T16:00+02:00,7734,7770,466,3386,14605
2019-06-27T17:00+02:00,7733,7798,423,3274,14394
2019-06-27T18:00+02:00,7732,7904,335,3145,14096
2019-06-27T19:00+02:00,7748,7902,323,3050,13867
2019-06-27T20:00+02:00,7863,7596,302,2855,13637
2019-06-27T21:00+02:00,7966,7297,331,2785,13388
2019-06-27T22:00+02:00,7985,6929,332,2753,13010
2019-06-27T23:00+02:00,8050,6565,335,2669,12353
2019-06-28T00:00+02:00,8067,5657,299,2595,11273
2019-06-28T01:00+02:00,8106,4813,300,2533,10799
2019-06-28T02:00+02:00,8122,4703,307,2484,10867
2019-06-28T03:00+02:00,8124,4682,304,2420,10818
2019-06-28T04:00+02:00,8117,5137,304,2259,10699
2019-06-28T05:00+02:00,8112,5943,308,2127,11422
2019-06-28T06:00+02:00,8104,7734,334,1933,13017
2019-06-28T07:00+02:00,8089,8272,361,1796,14242
2019-06-28T08:00+02:00,8086,8741,378,1697,14672
2019-06-28T09:00+02:00,8084,9147,409,1684,14850
2019-06-28T10:00+02:00,8086,9140,440,1643,14875
2019-06-28T11:00+02:00,8087,9034,463,1674,14661
2019-06-28T12:00+02:00,8084,8695,463,1706,14541
2019-06-28T13:00+02:00,8080,8442,474,1829,14231
2019-06-28T14:00+02:00,8072,8214,486,1949,14153
2019-06-28T15:00+02:00,8065,8139,486,2114,14315
2019-06-28T16:00+02:00,8057,8051,459,2145,14104
2019-06-28T17:00+02:00,8053,8109,427,1967,13951
2019-06-28T18:00+02:00,8049,7886,393,1776,13604
2019-06-28T19:00+02:00,8051,7800,368,1580,13309
2019-06-28T20:00+02:00,8056,7547,344,1546,12826
2019-06-28T21:00+02:00,8055,7347,327,1568,12138
2019-06-28T22:00+02:00,8051,7047,330,1804,11867
2019-06-28T23:00+02:00,8047,6618,327,2154,11648
2019-06-29T00:00+02:00,8045,5511,328,2265,10852
2019-06-29T01:00+02:00,8045,4970,323,2514,10477
2019-06-29T02:00+02:00,8046,4770,321,2664,10365
2019-06-29T03:00+02:00,8050,4671,320,2770,10242
2019-06-29T04:00+02:00,8050,4615,325,2802,10041
2019-06-29T05:00+02:00,8046,4695,345,2869,10237
2019-06-29T06:00+02:00,8039,5622,362,2827,10629
2019-06-29T07:00+02:00,8024,6308,383,2826,11071
2019-06-29T08:00+02:00,8020,6712,406,2910,11950
2019-06-29T09:00+02:00,8016,7105,436,3006,12510
2019-06-29T10:00+02:00,8015,7176,479,3195,12959
2019-06-29T11:00+02:00,8018,7176,495,3194,12954
2019-06-29T12:00+02:00,8014,7082,511,3295,12727
2019-06-29T13:00+02:00,8003,6756,510,3375,12375
2019-06-29T14:00+02:00,7994,6622,508,3423,12282
2019-06-29T15:00+02:00,7994,6684,491,3484,12288
2019-06-29T16:00+02:00,7990,6743,469,3443,12557
2019-06-29T17:00+02:00,7987,6768,398,3364,12716
2019-06-29T18:00+02:00,7989,6763,377,3213,12398
2019-06-29T19:00+02:00,7988,6841,332,3083,12342
2019-06-29T20:00+02:00,7988,6809,306,2936,12226
2019-06-29T21:00+02:00,7989,6687,305,2805,12184
2019-06-29T22:00+02:00,7991,6300,310,2720,11832
2019-06-29T23:00+02:00,7997,6025,310,2562,11346
2019-06-30T00:00+02:00,7998,5576,303,2517,10846
2019-06-30T01:00+02:00,7987,5373,299,2349,10184
2019-06-30T02:00+02:00,7979,5100,290,2112,10143
2019-06-30T03:00+02:00,7986,4841,284,2002,10138
2019-06-30T04:00+02:00,7996,4669,287,1737,9807
2019-06-30T05:00+02:00,8001,4494,291,1401,9727
2019-06-30T06:00+02:00,8008,4701,316,1109,10279
2019-06-30T07:00+02:00,8012,4906,338,823,10662
2019-06-30T08:00+02:00,8013,5186,364,712,11314
2019-06-30T09:00+02:00,8014,5566,401,717,11851
2019-06-30T10:00+02:00,8018,5694,431,832,12225
2019-06-30T11:00+02:00,8018,5850,455,1148,12450
2019-06-30T12:00+02:00,8020,5985,484,1618,12494
2019-06-30T13:00+02:00,8021,5441,499,2105,12247
2019-06-30T14:00+02:00,8019,4992,505,2685,12201
2019-06-30T15:00+02:00,8016,4193,499,3169,12058
2019-06-30T16:00+02:00,8005,3808,487,3692,12198
2019-06-30T17:00+02:00,7812,4631,463,4338,12765
2019-06-30T18:00+02:00,7749,5775,430,4726,12900
2019-06-30T19:00+02:00,7562,5947,399,4881,12661
2019-06-30T20:00+02:00,7174,6254,375,4976,12743
2019-06-30T21:00+02:00,6992,6001,353,4959,12539
2019-06-30T22:00+02:00,6983,5499,346,4877,12176
2019-06-30T23:00+02:00,6991,4655,344,4816,11771
2019-07-01T00:00+02:00,6995,4112,356,4791,11170
2019-07-01T01:00+02:00,6997,4043,356,4679,11128
2019-07-01T02:00+02:00,7000,3959,357,4559,11135
2019-07-01T03:00+02:00,7003,4031,355,4026,10845
2019-07-01T04:00+02:00,7006,4303,355,3846,10826
2019-07-01T05:00+02:00,7013,5407,364,3666,11190
2019-07-01T06:00+02:00,7010,6968,382,3629,12708
2019-07-01T07:00+02:00,7013,7859,405,3654,13940
2019-07-01T08:00+02:00,7016,8154,433,3663,14416
2019-07-01T09:00+02:00,7016,8175,455,3756,14862
2019-07-01T10:00+02:00,7013,7980,478,3915,15039
2019-07-01T11:00+02:00,7016,8111,491,4071,15190
2019-07-01T12:00+02:00,7010,8012,497,4026,15254
2019-07-01T13:00+02:00,7005,7648,498,4021,15032
2019-07-01T14:00+02:00,7003,7421,480,3982,14888
2019-07-01T15:00+02:00,7002,7319,471,3938,14807
2019-07-01T16:00+02:00,7001,7298,451,3805,14543
2019-07-01T17:00+02:00,7003,7213,426,3764,14779
2019-07-01T18:00+02:00,7006,7334,403,3634,14761
2019-07-01T19:00+02:00,7009,7373,378,3465,14100
2019-07-01T20:00+02:00,7011,7373,359,3427,13727
2019-07-01T21:00+02:00,7015,7160,348,3517,13371
2019-07-01T22:00+02:00,7015,6908,347,3722,12948
2019-07-01T23:00+02:00,7016,6611,347,3802,12276
2019-07-02T00:00+02:00,7017,4898,344,3953,11385
2019-07-02T01:00+02:00,7021,4173,338,4099,11067
2019-07-02T02:00+02:00,7026,3947,337,4149,10992
2019-07-02T03:00+02:00,7031,3960,348,4136,11011
2019-07-02T04:00+02:00,7031,3981,350,4098,10958
2019-07-02T05:00+02:00,7030,4644,358,3999,11534
2019-07-02T06:00+02:00,7030,5726,376,3963,12858
2019-07-02T07:00+02:00,7035,6694,363,3968,13953
2019-07-02T08:00+02:00,7034,6910,378,3889,14507
2019-07-02T09:00+02:00,7032,6996,385,3837,14994
2019-07-02T10:00+02:00,7033,7050,390,3670,15348
2019-07-02T11:00+02:00,7034,7123,409,3417,15339
2019-07-02T12:00+02:00,7036,7212,415,3245,15190
2019-07-02T13:00+02:00,7042,7202,420,3013,14951
2019-07-02T14:00+02:00,7049,7190,415,2920,14954
2019-07-02T15:00+02:00,7062,7248,407,2811,14463
2019-07-02T16:00+02:00,7076,7194,396,2826,14089
2019-07-02T17:00+02:00,7081,7200,377,2836,14345
2019-07-02T18:00+02:00,7078,7243,362,2695,14062
2019-07-02T19:00+02:00,7072,7393,345,2444,13852
2019-07-02T20:00+02:00,7061,7448,331,2294,13721
2019-07-02T21:00+02:00,7051,7271,320,2277,13568
2019-07-02T22:00+02:00,7048,6894,310,2354,13153
2019-07-02T23:00+02:00,7049,6272,315,2410,12574
2019-07-03T00:00+02:00,7049,5092,326,2505,11805
2019-07-03T01:00+02:00,7052,4529,314,2617,11302
2019-07-03T02:00+02:00,7056,4320,312,2599,10898
2019-07-03T03:00+02:00,7062,4308,304,2664,10844
2019-07-03T04:00+02:00,7070,4385,317,2656,10879
2019-07-03T05:00+02:00,7078,5328,329,2515,11550
2019-07-03T06:00+02:00,7083,6724,345,2315,13041
2019-07-03T07:00+02:00,7087,7900,365,2155,14094
2019-07-03T08:00+02:00,7094,8285,388,2059,14459
2019-07-03T09:00+02:00,7091,8565,414,2089,14810
2019-07-03T10:00+02:00,7094,8558,432,2057,14813
2019-07-03T11:00+02:00,7085,8430,447,2109,14880
2019-07-03T12:00+02:00,7075,8214,450,2154,14858
2019-07-03T13:00+02:00,7071,8078,456,2229,14517
2019-07-03T14:00+02:00,7074,7959,461,2313,14314
2019-07-03T15:00+02:00,7069,7935,465,2407,14331
2019-07-03T16:00+02:00,7069,7551,453,2416,14141
2019-07-03T17:00+02:00,7066,7611,457,2347,14225
2019-07-03T18:00+02:00,7068,7443,439,2210,13981
2019-07-03T19:00+02:00,7069,7629,405,2136,13578
2019-07-03T20:00+02:00,7069,7529,398,2140,13601
2019-07-03T21:00+02:00,7066,7017,397,2149,13449
2019-07-03T22:00+02:00,7065,6887,395,2218,13033
2019-07-03T23:00+02:00,7063,6261,414,2317,12260
2019-07-04T00:00+02:00,7060,5490,393,2296,11273
2019-07-04T01:00+02:00,7062,4869,394,2456,11194
2019-07-04T02:00+02:00,6949,4869,392,2511,11226
2019-07-04T03:00+02:00,6845,4869,386,2391,11214
2019-07-04T04:00+02:00,6802,4923,377,2300,11054
2019-07-04T05:00+02:00,6714,5947,385,2130,11546
2019-07-04T06:00+02:00,6658,7125,401,2131,13138
2019-07-04T07:00+02:00,6656,8261,433,2178,14188
2019-07-04T08:00+02:00,6652,8661,484,2176,14493
2019-07-04T09:00+02:00,6620,8715,490,2290,14619
2019-07-04T10:00+02:00,6594,8624,508,2440,14848
2019-07-04T11:00+02:00,6609,8325,476,2540,15100
2019-07-04T12:00+02:00,6617,8119,475,2557,14964
2019-07-04T13:00+02:00,6654,7861,477,2570,14870
2019-07-04T14:00+02:00,6669,7720,466,2621,14749
2019-07-04T15:00+02:00,6693,7752,451,2633,14759
2019-07-04T16:00+02:00,6686,7737,445,2682,14686
2019-07-04T17:00+02:00,6671,7881,449,2655,14797
2019-07-04T18:00+02:00,6693,7786,429,2615,14703
2019-07-04T19:00+02:00,6699,7701,408,2553,14573
2019-07-04T20:00+02:00,6704,7491,400,2576,14286
2019-07-04T21:00+02:00,6705,7180,397,2592,13507
2019-07-04T22:00+02:00,6691,6845,389,2798,13189
2019-07-04T23:00+02:00,6697,6091,384,2967,12561
2019-07-05T00:00+02:00,6699,5330,388,3225,11701
2019-07-05T01:00+02:00,6706,4885,372,3353,11429
2019-07-05T02:00+02:00,6710,4858,361,3384,11323
2019-07-05T03:00+02:00,6701,4863,369,3411,11317
2019-07-05T04:00+02:00,6704,4931,382,3395,11103
2019-07-05T05:00+02:00,6714,5631,388,3278,11567
2019-07-05T06:00+02:00,6722,7592,408,3167,13140
2019-07-05T07:00+02:00,6728,8239,431,3003,14305
2019-07-05T08:00+02:00,6727,8702,468,2906,14550
2019-07-05T09:00+02:00,6723,8913,500,2772,14478
2019-07-05T10:00+02:00,6722,8900,507,2829,14568
2019-07-05T11:00+02:00,6721,8916,538,2857,14439
2019-07-05T12:00+02:00,6718,8904,554,2975,14427
2019-07-05T13:00+02:00,6716,8728,564,2973,14291
2019-07-05T14:00+02:00,6717,8530,576,2902,14109
2019-07-05T15:00+02:00,6714,8510,544,2822,13897
2019-07-05T16:00+02:00,6691,8747,518,2665,13780
2019-07-05T17:00+02:00,6671,8983,500,2450,13860
2019-07-05T18:00+02:00,6670,8974,467,2196,13622
2019-07-05T19:00+02:00,6680,8944,441,1982,13309
2019-07-05T20:00+02:00,6797,8809,414,1929,13070
2019-07-05T21:00+02:00,6807,8558,392,2053,12548
2019-07-05T22:00+02:00,6805,8221,364,2212,12126
2019-07-05T23:00+02:00,6795,7613,374,2328,11682
2019-07-06T00:00+02:00,6798,6260,387,2509,11302
2019-07-06T01:00+02:00,6905,5900,405,2552,10951
2019-07-06T02:00+02:00,6913,5452,389,2414,10583
2019-07-06T03:00+02:00,6913,5312,391,2264,10597
2019-07-06T04:00+02:00,6907,5406,387,2133,10428
2019-07-06T05:00+02:00,6899,5700,374,1910,10455
2019-07-06T06:00+02:00,6891,6194,402,1611,10739
2019-07-06T07:00+02:00,6891,7083,423,1381,11114
2019-07-06T08:00+02:00,6888,7393,460,1145,11835
2019-07-06T09:00+02:00,6888,7504,475,1037,12469
2019-07-06T10:00+02:00,6947,7369,488,978,12703
2019-07-06T11:00+02:00,6961,7072,495,925,12800
2019-07-06T12:00+02:00,6960,6799,495,886,12754
2019-07-06T13:00+02:00,6958,6325,496,978,12550
2019-07-06T14:00+02:00,6958,5992,477,928,12253
2019-07-06T15:00+02:00,6957,5988,470,956,12146
2019-07-06T16:00+02:00,6957,6125,458,1031,12012
2019-07-06T17:00+02:00,6953,6485,454,1073,12150
2019-07-06T18:00+02:00,6945,7279,429,1105,12169
2019-07-06T19:00+02:00,6940,7622,405,1165,12248
2019-07-06T20:00+02:00,6942,7458,403,1112,12129
2019-07-06T21:00+02:00,6957,7254,389,1153,11847
2019-07-06T22:00+02:00,6969,7194,371,1202,11693
2019-07-06T23:00+02:00,6969,6495,386,1263,11196
2019-07-07T00:00+02:00,6967,5109,391,1263,10676
2019-07-07T01:00+02:00,6963,4047,379,1368,10445
2019-07-07T02:00+02:00,6968,3772,383,1442,10197
2019-07-07T03:00+02:00,6965,3697,379,1436,10006
2019-07-07T04:00+02:00,6961,3679,385,1458,9882
2019-07-07T05:00+02:00,6959,3714,391,1386,9757
2019-07-07T06:00+02:00,6966,4023,410,1281,10087
2019-07-07T07:00+02:00,6971,4452,420,1231,10612
2019-07-07T08:00+02:00,6980,4862,433,1180,11011
2019-07-07T09:00+02:00,6990,5665,464,1101,11627
2019-07-07T10:00+02:00,7002,5948,487,1067,11935
2019-07-07T11:00+02:00,7009,6056,509,1080,12143
2019-07-07T12:00+02:00,7021,5907,517,1047,12138
2019-07-07T13:00+02:00,7027,5708,525,1073,12230
2019-07-07T14:00+02:00,7036,5566,534,1125,12068
2019-07-07T15:00+02:00,7042,5554,520,1146,11990
2019-07-07T16:00+02:00,7038,5774,502,1218,12104
2019-07-07T17:00+02:00,7035,6545,471,1245,12279
2019-07-07T18:00+02:00,7035,7212,439,1258,12561
2019-07-07T19:00+02:00,7034,7772,407,1313,12526
2019-07-07T20:00+02:00,7034,7733,389,1397,12274
2019-07-07T21:00+02:00,7034,7672,381,1612,12153
2019-07-07T22:00+02:00,7034,7581,376,1896,11973
2019-07-07T23:00+02:00,7033,7043,378,2086,11535
2019-07-08T00:00+02:00,7035,5147,403,2370,10962
2019-07-08T01:00+02:00,7038,4640,407,2517,10823
2019-07-08T02:00+02:00,7039,4563,389,2565,10751
2019-07-08T03:00+02:00,7041,4515,380,2584,10634
2019-07-08T04:00+02:00,7039,4615,403,2523,10579
2019-07-08T05:00+02:00,7035,5657,395,2426,10632
2019-07-08T06:00+02:00,7033,6847,407,2371,11841
2019-07-08T07:00+02:00,7031,7441,433,2313,13039
2019-07-08T08:00+02:00,7022,7829,453,2281,13777
2019-07-08T09:00+02:00,7013,8363,478,2280,14160
2019-07-08T10:00+02:00,7017,8361,497,2350,14542
2019-07-08T11:00+02:00,7019,8295,515,2383,14625
2019-07-08T12:00+02:00,7024,8273,522,2304,14532
2019-07-08T13:00+02:00,7024,8253,527,2299,14286
2019-07-08T14:00+02:00,7024,8281,520,2226,14140
2019-07-08T15:00+02:00,7024,8225,504,2178,14010
2019-07-08T16:00+02:00,7019,8269,476,2171,13962
2019-07-08T17:00+02:00,7017,8312,466,1984,13933
2019-07-08T18:00+02:00,7019,8141,451,1834,13605
2019-07-08T19:00+02:00,7017,8134,425,1702,13501
2019-07-08T20:00+02:00,7018,8129,417,1640,13314
2019-07-08T21:00+02:00,7020,8102,413,1735,13032
2019-07-08T22:00+02:00,7022,7651,418,1860,12490
2019-07-08T23:00+02:00,7025,7035,429,2002,11753
2019-07-09T00:00+02:00,7026,6359,421,2149,11088
2019-07-09T01:00+02:00,7030,5470,425,2137,10540
2019-07-09T02:00+02:00,7030,5244,426,2092,10472
2019-07-09T03:00+02:00,7029,5199,426,2049,10519
2019-07-09T04:00+02:00,7028,5271,434,1973,10465
2019-07-09T05:00+02:00,7027,6639,390,1787,10737
2019-07-09T06:00+02:00,7024,7746,401,1606,12007
2019-07-09T07:00+02:00,7023,8248,395,1471,13141
2019-07-09T08:00+02:00,7020,8454,445,1463,13797
2019-07-09T09:00+02:00,7022,8535,438,1582,13848
2019-07-09T10:00+02:00,7020,8489,469,1782,14172
2019-07-09T11:00+02:00,7015,8220,491,1899,14296
2019-07-09T12:00+02:00,7012,8113,488,1915,14519
2019-07-09T13:00+02:00,7012,8069,503,1847,14259
2019-07-09T14:00+02:00,7012,7854,507,1641,13879
2019-07-09T15:00+02:00,7011,7989,499,1490,13726
2019-07-09T16:00+02:00,7006,8079,527,1333,13533
2019-07-09T17:00+02:00,7005,8731,526,1203,13789
2019-07-09T18:00+02:00,7005,9241,500,1052,13779
2019-07-09T19:00+02:00,7007,9475,482,876,13648
2019-07-09T20:00+02:00,7009,9406,473,821,13436
2019-07-09T21:00+02:00,7011,9101,450,901,13109
2019-07-09T22:00+02:00,7014,8809,393,909,12751
2019-07-09T23:00+02:00,7016,8146,404,994,12196
2019-07-10T00:00+02:00,7013,7691,400,1118,11681
2019-07-10T01:00+02:00,7014,7041,386,1361,11167
2019-07-10T02:00+02:00,7017,6302,361,1558,10913
2019-07-10T03:00+02:00,7021,6167,347,1606,10623
2019-07-10T04:00+02:00,7022,6271,361,1620,10467
2019-07-10T05:00+02:00,7022,6915,377,1496,10677
2019-07-10T06:00+02:00,7020,8158,401,1215,11601
2019-07-10T07:00+02:00,7013,8876,411,999,13098
2019-07-10T08:00+02:00,7009,9129,477,890,13663
2019-07-10T09:00+02:00,7005,9353,543,857,14040
2019-07-10T10:00+02:00,6996,9357,537,882,14013
2019-07-10T11:00+02:00,6992,9320,549,922,13873
2019-07-10T12:00+02:00,6988,9124,580,1008,13617
2019-07-10T13:00+02:00,6985,8969,597,1050,13632
2019-07-10T14:00+02:00,6980,8927,596,1041,13507
2019-07-10T15:00+02:00,6978,8854,598,986,13242
2019-07-10T16:00+02:00,6970,9069,585,920,13231
2019-07-10T17:00+02:00,6969,9159,539,835,13434
2019-07-10T18:00+02:00,6968,9260,513,814,13391
2019-07-10T19:00+02:00,6966,9279,484,725,13091
2019-07-10T20:00+02:00,6966,9283,458,694,12928
2019-07-10T21:00+02:00,6971,9230,448,707,12621
2019-07-10T22:00+02:00,6974,9013,445,708,12383
2019-07-10T23:00+02:00,6979,8441,449,711,11667
2019-07-11T00:00+02:00,6978,7853,439,686,10807
2019-07-11T01:00+02:00,6980,7591,435,680,10579
2019-07-11T02:00+02:00,6981,7401,443,707,10372
2019-07-11T03:00+02:00,6986,7278,450,686,10243
2019-07-11T04:00+02:00,6991,7325,454,667,10164
2019-07-11T05:00+02:00,6989,7924,439,592,10598
2019-07-11T06:00+02:00,6985,9045,464,459,11416
2019-07-11T07:00+02:00,6982,9247,489,346,12418
2019-07-11T08:00+02:00,6978,9692,522,314,13288
2019-07-11T09:00+02:00,6947,9689,565,274,13711
2019-07-11T10:00+02:00,6937,9562,607,229,13807
2019-07-11T11:00+02:00,6903,9552,587,216,13864
2019-07-11T12:00+02:00,6938,9617,597,237,13678
2019-07-11T13:00+02:00,6958,9649,596,243,13548
2019-07-11T14:00+02:00,6955,9593,593,272,13467
2019-07-11T15:00+02:00,6946,9469,592,308,13520
2019-07-11T16:00+02:00,6941,9534,568,321,13393
2019-07-11T17:00+02:00,6945,9484,537,346,13311
2019-07-11T18:00+02:00,6948,9429,507,340,12996
2019-07-11T19:00+02:00,6948,9403,479,404,12825
2019-07-11T20:00+02:00,6954,9370,455,425,12537
2019-07-11T21:00+02:00,6956,9391,453,462,12155
2019-07-11T22:00+02:00,6955,9193,443,554,12015
2019-07-11T23:00+02:00,6958,8720,444,589,11556
2019-07-12T00:00+02:00,6961,7400,441,547,10803
2019-07-12T01:00+02:00,6963,6335,438,549,10249
2019-07-12T02:00+02:00,6961,6118,443,526,10152
2019-07-12T03:00+02:00,6962,6070,449,464,10117
2019-07-12T04:00+02:00,6962,6834,445,411,10178
2019-07-12T05:00+02:00,6962,7511,451,341,10425
2019-07-12T06:00+02:00,6962,8549,469,274,11484
2019-07-12T07:00+02:00,6961,9336,490,184,12382
2019-07-12T08:00+02:00,6958,9684,518,173,13072
2019-07-12T09:00+02:00,6956,9831,550,156,13565
2019-07-12T10:00+02:00,6955,9850,559,171,13635
2019-07-12T11:00+02:00,6952,9829,572,203,13536
2019-07-12T12:00+02:00,6952,9722,574,258,13505
2019-07-12T13:00+02:00,6946,9668,576,280,13310
2019-07-12T14:00+02:00,6944,9615,572,308,13180
2019-07-12T15:00+02:00,6937,9419,538,331,12848
2019-07-12T16:00+02:00,6930,9386,522,320,12696
2019-07-12T17:00+02:00,6931,9138,508,335,12838
2019-07-12T18:00+02:00,6928,9028,492,337,12612
2019-07-12T19:00+02:00,6926,8909,472,329,12250
2019-07-12T20:00+02:00,6925,8864,461,337,11823
2019-07-12T21:00+02:00,6923,8923,459,366,11602
2019-07-12T22:00+02:00,6923,8638,458,438,11494
2019-07-12T23:00+02:00,6925,8029,457,489,11114
2019-07-13T00:00+02:00,6922,7196,461,459,10564
2019-07-13T01:00+02:00,6920,6109,461,446,10143
2019-07-13T02:00+02:00,6923,5478,461,452,9939
2019-07-13T03:00+02:00,6925,5288,461,426,9704
2019-07-13T04:00+02:00,6925,5285,455,396,9486
2019-07-13T05:00+02:00,6926,5752,454,353,9471
2019-07-13T06:00+02:00,6925,6673,469,263,9758
2019-07-13T07:00+02:00,6923,7920,487,205,10379
2019-07-13T08:00+02:00,6921,8583,506,160,11054
2019-07-13T09:00+02:00,6916,8956,518,161,11377
2019-07-13T10:00+02:00,6908,8898,554,200,11748
2019-07-13T11:00+02:00,6895,8800,584,235,11947
2019-07-13T12:00+02:00,6894,8397,589,259,11799
2019-07-13T13:00+02:00,6890,6974,595,285,11384
2019-07-13T14:00+02:00,6884,6739,581,315,11084
2019-07-13T15:00+02:00,6878,6534,569,376,11098
2019-07-13T16:00+02:00,6876,6465,541,435,11285
2019-07-13T17:00+02:00,6855,6935,514,403,11507
2019-07-13T18:00+02:00,6850,7861,484,371,11757
2019-07-13T19:00+02:00,6853,8379,456,384,11612
2019-07-13T20:00+02:00,6854,8405,437,413,11431
2019-07-13T21:00+02:00,6859,8298,436,467,11028
2019-07-13T22:00+02:00,6860,8179,437,522,10988
2019-07-13T23:00+02:00,6863,7617,442,568,10721
2019-07-14T00:00+02:00,6880,5739,437,583,10106
2019-07-14T01:00+02:00,6887,4778,447,643,9784
2019-07-14T02:00+02:00,6892,4352,454,650,9493
2019-07-14T03:00+02:00,6900,3937,447,679,9250
2019-07-14T04:00+02:00,6901,3738,458,772,9150
2019-07-14T05:00+02:00,6901,3733,458,652,9065
2019-07-14T06:00+02:00,6898,4131,470,521,9296
2019-07-14T07:00+02:00,6894,4827,490,408,9794
2019-07-14T08:00+02:00,6889,5752,529,338,10470
2019-07-14T09:00+02:00,6885,6385,565,305,10998
2019-07-14T10:00+02:00,6884,6771,592,267,11476
2019-07-14T11:00+02:00,6882,6702,608,241,11550
2019-07-14T12:00+02:00,6881,6887,617,298,11651
2019-07-14T13:00+02:00,6874,6204,604,312,11268
2019-07-14T14:00+02:00,6858,5984,599,337,11159
2019-07-14T15:00+02:00,6854,6179,587,412,11236
2019-07-14T16:00+02:00,6850,6234,568,460,11282
2019-07-14T17:00+02:00,6846,6552,531,543,11427
2019-07-14T18:00+02:00,6839,7857,499,600,11522
2019-07-14T19:00+02:00,6833,8371,475,710,11668
2019-07-14T20:00+02:00,6829,8371,442,801,11585
2019-07-14T21:00+02:00,6828,8352,432,935,11403
2019-07-14T22:00+02:00,6830,8183,449,1100,11202
2019-07-14T23:00+02:00,6834,7404,464,1203,10684
2019-07-15T00:00+02:00,6845,5968,465,1304,9980
2019-07-15T01:00+02:00,6860,4688,466,1343,9691
2019-07-15T02:00+02:00,6859,4565,461,1280,9578
2019-07-15T03:00+02:00,6863,4349,454,1234,9153
2019-07-15T04:00+02:00,6865,4495,440,1229,8967
2019-07-15T05:00+02:00,6859,6335,441,1195,9414
2019-07-15T06:00+02:00,6862,7483,448,1174,10485
2019-07-15T07:00+02:00,6865,8555,473,1153,11615
2019-07-15T08:00+02:00,6868,9422,489,1119,12600
2019-07-15T09:00+02:00,6869,9925,504,1104,13087
2019-07-15T10:00+02:00,6867,9974,522,1061,13231
2019-07-15T11:00+02:00,6868,9979,539,1103,13297
2019-07-15T12:00+02:00,6870,9778,548,1206,13448
2019-07-15T13:00+02:00,6870,9677,564,1225,13478
2019-07-15T14:00+02:00,6871,9794,573,1363,13457
2019-07-15T15:00+02:00,6867,9496,579,1431,13200
2019-07-15T16:00+02:00,6858,9598,566,1507,13185
2019-07-15T17:00+02:00,6851,9325,546,1489,13240
2019-07-15T18:00+02:00,6858,9131,517,1385,13156
2019-07-15T19:00+02:00,6868,9153,490,1300,12885
2019-07-15T20:00+02:00,6877,9076,462,1247,12342
2019-07-15T21:00+02:00,6883,8818,450,1250,11983
2019-07-15T22:00+02:00,6882,8445,445,1288,11678
2019-07-15T23:00+02:00,6884,7564,452,1380,10825
2019-07-16T00:00+02:00,6887,6212,449,1594,10096
2019-07-16T01:00+02:00,6887,4790,455,1771,9683
2019-07-16T02:00+02:00,6890,4471,447,2031,9712
2019-07-16T03:00+02:00,6892,4460,437,2184,9642
2019-07-16T04:00+02:00,6894,4385,425,2318,9423
2019-07-16T05:00+02:00,6893,5312,437,2398,9690
2019-07-16T06:00+02:00,6887,7372,454,2296,10824
2019-07-16T07:00+02:00,6882,8612,473,2312,11664
2019-07-16T08:00+02:00,6877,9167,505,2359,12355
2019-07-16T09:00+02:00,6871,9287,522,2449,12930
2019-07-16T10:00+02:00,6874,9299,606,2444,13197
2019-07-16T11:00+02:00,6870,9176,572,2444,13369
2019-07-16T12:00+02:00,6865,9297,572,2490,13563
2019-07-16T13:00+02:00,6858,9298,561,2441,13286
2019-07-16T14:00+02:00,6854,9200,561,2346,13036
2019-07-16T15:00+02:00,6852,9100,555,2272,12746
2019-07-16T16:00+02:00,6852,8992,544,2214,12644
2019-07-16T17:00+02:00,6851,9007,513,2141,12847
2019-07-16T18:00+02:00,6851,8941,493,2021,12572
2019-07-16T19:00+02:00,6850,8852,484,1763,12525
2019-07-16T20:00+02:00,6852,8854,469,1490,12153
2019-07-16T21:00+02:00,6854,8523,455,1312,11709
2019-07-16T22:00+02:00,6854,8184,453,1211,11514
2019-07-16T23:00+02:00,6855,7774,456,1140,11054
2019-07-17T00:00+02:00,6858,6777,439,1031,10517
2019-07-17T01:00+02:00,6862,6038,422,976,10031
2019-07-17T02:00+02:00,6866,5836,433,896,9904
2019-07-17T03:00+02:00,6870,5779,433,864,9790
2019-07-17T04:00+02:00,6873,5886,434,827,9655
2019-07-17T05:00+02:00,6877,7000,440,704,9993
2019-07-17T06:00+02:00,6873,8357,453,534,10917
2019-07-17T07:00+02:00,6866,9271,478,418,11985
2019-07-17T08:00+02:00,6856,9585,496,329,12515
2019-07-17T09:00+02:00,6846,9626,526,256,12874
2019-07-17T10:00+02:00,6833,9619,541,218,13061
2019-07-17T11:00+02:00,6826,9560,547,214,12902
2019-07-17T12:00+02:00,6820,9486,557,208,12890
2019-07-17T13:00+02:00,6819,9469,553,230,12774
2019-07-17T14:00+02:00,6819,9392,555,244,12651
2019-07-17T15:00+02:00,6823,9413,545,311,12668
2019-07-17T16:00+02:00,6824,9368,532,329,12598
2019-07-17T17:00+02:00,6823,9284,510,308,12634
2019-07-17T18:00+02:00,6823,9354,484,333,12559
2019-07-17T19:00+02:00,7068,9233,460,326,12041
2019-07-17T20:00+02:00,7289,9050,443,387,11622
2019-07-17T21:00+02:00,7400,8184,419,432,11434
2019-07-17T22:00+02:00,7451,7751,414,478,11437
2019-07-17T23:00+02:00,7553,7190,414,512,10804
2019-07-18T00:00+02:00,7514,6801,413,516,10471
2019-07-18T01:00+02:00,7551,5779,426,503,10257
2019-07-18T02:00+02:00,7608,5469,419,479,10009
2019-07-18T03:00+02:00,7416,5467,420,429,10115
2019-07-18T04:00+02:00,7215,5411,420,394,10052
2019-07-18T05:00+02:00,7242,6445,430,359,9946
2019-07-18T06:00+02:00,7216,7955,452,294,10831
2019-07-18T07:00+02:00,7158,8958,475,265,11789
2019-07-18T08:00+02:00,7137,9051,509,231,12496
2019-07-18T09:00+02:00,7136,8842,554,246,12712
2019-07-18T10:00+02:00,7132,8841,562,296,12997
2019-07-18T11:00+02:00,7129,8733,589,350,13033
2019-07-18T12:00+02:00,7094,8433,582,365,12870
2019-07-18T13:00+02:00,7048,8381,598,410,12818
2019-07-18T14:00+02:00,7020,8334,594,474,12813
2019-07-18T15:00+02:00,7012,8329,579,517,12793
2019-07-18T16:00+02:00,7008,8104,556,550,12748
2019-07-18T17:00+02:00,7003,8379,537,579,12907
2019-07-18T18:00+02:00,6999,8530,509,608,12738
2019-07-18T19:00+02:00,6999,8526,480,624,12549
2019-07-18T20:00+02:00,7002,8427,458,703,12216
2019-07-18T21:00+02:00,7003,8137,431,835,11772
2019-07-18T22:00+02:00,7005,7756,432,1003,11538
2019-07-18T23:00+02:00,7010,7117,433,1096,10928
2019-07-19T00:00+02:00,7014,6048,428,1105,10355
2019-07-19T01:00+02:00,7018,5394,429,1066,9926
2019-07-19T02:00+02:00,7022,5345,432,999,9876
2019-07-19T03:00+02:00,7046,5170,433,951,9836
2019-07-19T04:00+02:00,7050,5377,434,918,9753
2019-07-19T05:00+02:00,7079,6250,437,794,9877
2019-07-19T06:00+02:00,7081,8218,450,648,10794
2019-07-19T07:00+02:00,7082,8816,474,569,11771
2019-07-19T08:00+02:00,7080,8967,509,510,12712
2019-07-19T09:00+02:00,7095,8902,529,521,12938
2019-07-19T10:00+02:00,7110,8917,545,551,13157
2019-07-19T11:00+02:00,7123,8834,573,608,13135
2019-07-19T12:00+02:00,7137,8803,576,650,12974
2019-07-19T13:00+02:00,7146,8817,572,703,12944
2019-07-19T14:00+02:00,7148,8797,565,761,12904
2019-07-19T15:00+02:00,7136,8660,534,715,12739
2019-07-19T16:00+02:00,7132,8742,499,696,12574
2019-07-19T17:00+02:00,7144,8753,476,658,12689
2019-07-19T18:00+02:00,7169,8707,453,645,12509
2019-07-19T19:00+02:00,7171,8658,439,626,12078
2019-07-19T20:00+02:00,7169,8585,434,680,11632
2019-07-19T21:00+02:00,7169,8237,434,855,11329
2019-07-19T22:00+02:00,7168,7808,433,923,11160
2019-07-19T23:00+02:00,7169,6991,431,1000,10624
2019-07-20T00:00+02:00,7174,5791,432,1007,10279
2019-07-20T01:00+02:00,7177,4383,429,952,9908
2019-07-20T02:00+02:00,7177,3893,429,854,9560
2019-07-20T03:00+02:00,7183,3674,429,697,9381
2019-07-20T04:00+02:00,7186,3620,428,658,9310
2019-07-20T05:00+02:00,7190,3658,434,580,9310
2019-07-20T06:00+02:00,7194,3811,444,433,9553
2019-07-20T07:00+02:00,7193,4380,474,318,10060
2019-07-20T08:00+02:00,7195,4982,504,261,10664
2019-07-20T09:00+02:00,7195,5065,534,297,11234
2019-07-20T10:00+02:00,7190,4810,538,344,11308
2019-07-20T11:00+02:00,7187,4707,557,457,11283
2019-07-20T12:00+02:00,7172,4433,561,586,11199
2019-07-20T13:00+02:00,7160,4297,558,756,11140
2019-07-20T14:00+02:00,7161,4257,560,875,11054
2019-07-20T15:00+02:00,7158,4235,546,982,10966
2019-07-20T16:00+02:00,7158,4247,509,1032,10927
2019-07-20T17:00+02:00,7156,4482,477,1092,11000
2019-07-20T18:00+02:00,7156,5728,455,1126,11307
2019-07-20T19:00+02:00,7042,6475,432,1247,11516
2019-07-20T20:00+02:00,6935,6623,413,1395,11208
2019-07-20T21:00+02:00,6897,6559,414,1681,10910
2019-07-20T22:00+02:00,6809,6553,412,2059,10729
2019-07-20T23:00+02:00,6671,4686,408,2151,10309
2019-07-21T00:00+02:00,6584,3576,412,2259,9859
2019-07-21T01:00+02:00,6577,2934,419,2271,9575
2019-07-21T02:00+02:00,6568,2742,414,2176,9305
2019-07-21T03:00+02:00,6450,2658,417,2010,9212
2019-07-21T04:00+02:00,6336,2628,418,1896,9110
2019-07-21T05:00+02:00,6232,2674,426,1691,9000
2019-07-21T06:00+02:00,6246,2828,428,1386,8938
2019-07-21T07:00+02:00,6245,3042,449,1182,9355
2019-07-21T08:00+02:00,6244,3364,465,1183,10133
2019-07-21T09:00+02:00,6251,3688,492,1218,10795
2019-07-21T10:00+02:00,6269,3692,511,1360,11102
2019-07-21T11:00+02:00,6269,3814,516,1531,11338
2019-07-21T12:00+02:00,6263,3782,524,1730,11388
2019-07-21T13:00+02:00,6270,3457,533,1957,11321
2019-07-21T14:00+02:00,6266,3473,524,2065,11216
2019-07-21T15:00+02:00,6257,3500,516,2104,11142
2019-07-21T16:00+02:00,6254,3539,503,2145,11102
2019-07-21T17:00+02:00,6257,3971,486,2160,11346
2019-07-21T18:00+02:00,6258,5359,464,2077,11578
2019-07-21T19:00+02:00,6258,6916,447,1986,11653
2019-07-21T20:00+02:00,6259,7379,430,1960,11663
2019-07-21T21:00+02:00,6260,7343,421,1891,11357
2019-07-21T22:00+02:00,6262,7029,423,1907,11130
2019-07-21T23:00+02:00,6264,6303,429,1965,10420
2019-07-22T00:00+02:00,6265,4367,448,1989,9781
2019-07-22T01:00+02:00,6264,3145,449,1942,9485
2019-07-22T02:00+02:00,6266,3130,455,1917,9434
2019-07-22T03:00+02:00,6267,3097,450,1864,9509
2019-07-22T04:00+02:00,6270,3211,448,1738,9508
2019-07-22T05:00+02:00,6270,4049,457,1531,9410
2019-07-22T06:00+02:00,6270,5702,464,1292,10330
2019-07-22T07:00+02:00,6270,6598,484,1171,11298
2019-07-22T08:00+02:00,6272,7113,509,1128,12070
2019-07-22T09:00+02:00,6271,7275,528,1176,12440
2019-07-22T10:00+02:00,6273,7350,539,1264,12613
2019-07-22T11:00+02:00,6274,7256,549,1370,12551
2019-07-22T12:00+02:00,6274,6844,553,1450,12638
2019-07-22T13:00+02:00,6270,6490,559,1483,12742
2019-07-22T14:00+02:00,6269,6439,555,1512,12774
2019-07-22T15:00+02:00,6268,6587,543,1465,12761
2019-07-22T16:00+02:00,6264,6982,511,1459,12685
2019-07-22T17:00+02:00,6265,7094,499,1303,12578
2019-07-22T18:00+02:00,6269,8011,487,1170,12646
2019-07-22T19:00+02:00,6270,8077,463,1095,12458
2019-07-22T20:00+02:00,6270,7910,459,1069,12112
2019-07-22T21:00+02:00,6268,7622,435,1065,11676
2019-07-22T22:00+02:00,6263,7262,429,1115,11486
2019-07-22T23:00+02:00,6262,6779,421,1182,10850
2019-07-23T00:00+02:00,6260,5918,412,1134,10213
2019-07-23T01:00+02:00,6259,5398,423,1129,9999
2019-07-23T02:00+02:00,6260,4908,414,1070,9808
2019-07-23T03:00+02:00,6260,4762,411,985,9681
2019-07-23T04:00+02:00,6258,4858,409,866,9514
2019-07-23T05:00+02:00,6258,5899,413,729,9667
2019-07-23T06:00+02:00,6258,6359,423,568,10377
2019-07-23T07:00+02:00,6257,6804,432,472,11274
2019-07-23T08:00+02:00,6252,7109,452,454,11979
2019-07-23T09:00+02:00,6248,7296,478,442,12471
2019-07-23T10:00+02:00,6246,7462,497,460,12829
2019-07-23T11:00+02:00,6247,7465,496,517,12885
2019-07-23T12:00+02:00,6240,7439,510,606,12938
2019-07-23T13:00+02:00,6240,7257,514,646,12840
2019-07-23T14:00+02:00,6240,7302,521,619,12768
2019-07-23T15:00+02:00,6239,7265,527,584,12690
2019-07-23T16:00+02:00,6233,7221,512,549,12604
2019-07-23T17:00+02:00,6225,7228,487,478,12510
2019-07-23T18:00+02:00,6221,7531,464,383,12487
2019-07-23T19:00+02:00,6234,7525,443,329,12217
2019-07-23T20:00+02:00,6240,7507,421,352,11937
2019-07-23T21:00+02:00,6230,7441,408,396,11682
2019-07-23T22:00+02:00,6221,7172,404,483,11443
2019-07-23T23:00+02:00,6220,6837,404,518,10861
2019-07-24T00:00+02:00,6222,6005,413,483,10273
2019-07-24T01:00+02:00,6213,5059,413,481,9902
2019-07-24T02:00+02:00,6213,4765,412,444,9787
2019-07-24T03:00+02:00,6213,4693,412,391,9709
2019-07-24T04:00+02:00,6216,4892,412,318,9540
2019-07-24T05:00+02:00,6216,5696,418,247,9457
2019-07-24T06:00+02:00,6215,6243,439,188,10222
2019-07-24T07:00+02:00,6227,6954,465,176,11214
2019-07-24T08:00+02:00,6231,7272,495,142,12033
2019-07-24T09:00+02:00,6232,7394,531,159,12565
2019-07-24T10:00+02:00,6219,7630,557,174,12930
2019-07-24T11:00+02:00,6211,7632,574,184,13003
2019-07-24T12:00+02:00,6192,7570,585,230,13071
2019-07-24T13:00+02:00,6185,7378,587,258,12729
2019-07-24T14:00+02:00,6176,7415,579,288,12735
2019-07-24T15:00+02:00,6168,7384,563,309,12725
2019-07-24T16:00+02:00,6165,7338,539,315,12714
2019-07-24T17:00+02:00,6162,7278,512,326,12745
2019-07-24T18:00+02:00,6160,7427,485,337,12608
2019-07-24T19:00+02:00,6164,7633,458,308,12168
2019-07-24T20:00+02:00,6165,7493,437,375,11913
2019-07-24T21:00+02:00,6166,7228,425,485,11646
2019-07-24T22:00+02:00,6166,7221,433,580,11487
2019-07-24T23:00+02:00,6164,6682,432,684,10887
2019-07-25T00:00+02:00,6166,6108,418,664,10103
2019-07-25T01:00+02:00,6246,5447,418,732,9644
2019-07-25T02:00+02:00,6323,5077,421,776,9348
2019-07-25T03:00+02:00,6505,4791,431,747,9137
2019-07-25T04:00+02:00,6672,4918,433,691,9050
2019-07-25T05:00+02:00,6699,5833,444,580,9490
2019-07-25T06:00+02:00,6721,5991,456,416,10239
2019-07-25T07:00+02:00,6722,6938,483,223,11247
2019-07-25T08:00+02:00,6722,7131,525,163,12210
2019-07-25T09:00+02:00,6728,7338,557,171,12890
2019-07-25T10:00+02:00,6957,7532,580,174,12871
2019-07-25T11:00+02:00,6984,7459,600,220,12653
2019-07-25T12:00+02:00,6974,7216,602,278,12909
2019-07-25T13:00+02:00,6964,7082,595,340,12906
2019-07-25T14:00+02:00,6955,7046,595,388,12805
2019-07-25T15:00+02:00,6941,6849,582,403,12796
2019-07-25T16:00+02:00,6928,7180,550,419,12577
2019-07-25T17:00+02:00,6922,7208,529,420,12800
2019-07-25T18:00+02:00,6920,7368,504,452,12856
2019-07-25T19:00+02:00,6918,7372,466,477,12584
2019-07-25T20:00+02:00,6914,7278,444,538,12198
2019-07-25T21:00+02:00,6906,7101,429,690,11795
2019-07-25T22:00+02:00,6905,6995,354,869,11469
2019-07-25T23:00+02:00,6911,6517,358,1001,10891
2019-07-26T00:00+02:00,6919,5404,396,1010,10437
2019-07-26T01:00+02:00,6921,4573,400,991,10124
2019-07-26T02:00+02:00,6923,4405,413,875,9831
2019-07-26T03:00+02:00,6920,4265,423,767,9672
2019-07-26T04:00+02:00,6921,4286,429,689,9633
2019-07-26T05:00+02:00,6923,5234,434,575,9750
2019-07-26T06:00+02:00,6929,5572,460,411,10416
2019-07-26T07:00+02:00,6930,6247,499,269,11405
2019-07-26T08:00+02:00,6928,6778,531,239,12299
2019-07-26T09:00+02:00,6928,7134,548,231,12785
2019-07-26T10:00+02:00,6925,7214,572,229,12916
2019-07-26T11:00+02:00,6921,7307,602,278,12921
2019-07-26T12:00+02:00,6909,6692,609,368,12703
2019-07-26T13:00+02:00,6896,6216,604,471,12569
2019-07-26T14:00+02:00,6966,5969,598,548,12483
2019-07-26T15:00+02:00,6977,5978,607,599,12380
2019-07-26T16:00+02:00,6972,6180,550,669,12421
2019-07-26T17:00+02:00,6983,6318,523,741,12456
2019-07-26T18:00+02:00,6993,6844,492,798,12545
2019-07-26T19:00+02:00,6999,6688,463,922,12279
2019-07-26T20:00+02:00,7007,6445,437,1088,11935
2019-07-26T21:00+02:00,7011,6303,431,1254,11516
2019-07-26T22:00+02:00,7016,6164,433,1400,11414
2019-07-26T23:00+02:00,7019,5004,452,1468,10738
2019-07-27T00:00+02:00,7016,4166,461,1361,10175
2019-07-27T01:00+02:00,7008,3381,458,1303,9698
2019-07-27T02:00+02:00,7000,2896,454,1226,9615
2019-07-27T03:00+02:00,6994,2691,458,1116,9426
2019-07-27T04:00+02:00,6995,2622,451,1102,9313
2019-07-27T05:00+02:00,6994,2650,459,1019,9256
2019-07-27T06:00+02:00,6995,2667,485,929,9515
2019-07-27T07:00+02:00,7001,3174,509,863,10142
2019-07-27T08:00+02:00,7010,3784,540,876,10876
2019-07-27T09:00+02:00,7012,4099,567,1004,11421
2019-07-27T10:00+02:00,7015,4008,597,1251,11424
2019-07-27T11:00+02:00,7022,3687,620,1455,11339
2019-07-27T12:00+02:00,7024,3236,634,1590,11444
2019-07-27T13:00+02:00,7020,3165,627,1677,11465
2019-07-27T14:00+02:00,6980,3151,630,1709,11491
2019-07-27T15:00+02:00,6977,3148,607,1749,11458
2019-07-27T16:00+02:00,6996,3194,574,1745,11471
2019-07-27T17:00+02:00,6995,3319,537,1763,11586
2019-07-27T18:00+02:00,6977,4488,501,1674,11656
2019-07-27T19:00+02:00,6968,4838,475,1598,11648
2019-07-27T20:00+02:00,6963,4495,450,1586,11395
2019-07-27T21:00+02:00,6962,4324,446,1647,11367
2019-07-27T22:00+02:00,6814,4168,448,1668,11324
2019-07-27T23:00+02:00,6711,3012,448,1660,10929
2019-07-28T00:00+02:00,6645,2421,451,1739,10418
2019-07-28T01:00+02:00,6553,2267,443,1737,10199
2019-07-28T02:00+02:00,6490,2375,439,1763,9637
2019-07-28T03:00+02:00,6359,2408,434,1818,9481
2019-07-28T04:00+02:00,6283,2407,429,1965,9370
2019-07-28T05:00+02:00,6187,2439,431,1923,9204
2019-07-28T06:00+02:00,6059,2545,454,1859,9579
2019-07-28T07:00+02:00,6036,2758,483,1791,10192
2019-07-28T08:00+02:00,6017,2938,518,1789,10850
2019-07-28T09:00+02:00,6019,3563,535,1748,11480
2019-07-28T10:00+02:00,6049,3916,559,1793,11838
2019-07-28T11:00+02:00,6049,3884,583,1924,11820
2019-07-28T12:00+02:00,6047,3940,591,2062,11675
2019-07-28T13:00+02:00,6044,3910,591,2203,11424
2019-07-28T14:00+02:00,6045,3944,589,2258,11292
2019-07-28T15:00+02:00,6043,3992,573,2260,11333
2019-07-28T16:00+02:00,6042,4476,546,2225,11572
2019-07-28T17:00+02:00,6042,5134,509,2102,11681
2019-07-28T18:00+02:00,6038,6123,482,1913,11926
2019-07-28T19:00+02:00,6022,6365,462,1767,11947
2019-07-28T20:00+02:00,6014,6391,430,1739,11862
2019-07-28T21:00+02:00,6009,6367,429,1892,11754
2019-07-28T22:00+02:00,6007,6035,426,1957,11298
2019-07-28T23:00+02:00,6014,4694,429,2053,10611
2019-07-29T00:00+02:00,6027,3069,448,1946,9695
2019-07-29T01:00+02:00,6033,2853,447,1886,9417
2019-07-29T02:00+02:00,6037,2781,447,1802,9341
2019-07-29T03:00+02:00,6049,2757,443,1670,9306
2019-07-29T04:00+02:00,6051,2823,443,1564,8989
2019-07-29T05:00+02:00,6052,3458,445,1465,8961
2019-07-29T06:00+02:00,6051,6034,457,1279,10200
2019-07-29T07:00+02:00,6051,7008,478,1004,11485
2019-07-29T08:00+02:00,6053,7929,508,843,12480
2019-07-29T09:00+02:00,6053,8155,533,790,12947
2019-07-29T10:00+02:00,6073,8185,558,777,13307
2019-07-29T11:00+02:00,6074,8314,574,759,13424
2019-07-29T12:00+02:00,6070,8308,590,767,13442
2019-07-29T13:00+02:00,6068,8315,603,801,13416
2019-07-29T14:00+02:00,6061,8276,587,860,13315
2019-07-29T15:00+02:00,6054,8238,579,923,13082
2019-07-29T16:00+02:00,6043,8142,562,978,12879
2019-07-29T17:00+02:00,6036,8136,535,1139,12922
2019-07-29T18:00+02:00,6039,7763,510,1198,12714
2019-07-29T19:00+02:00,6045,7527,478,1360,12309
2019-07-29T20:00+02:00,6050,7353,440,1453,12057
2019-07-29T21:00+02:00,6059,7039,422,1678,12028
2019-07-29T22:00+02:00,6065,6611,414,1760,11310
2019-07-29T23:00+02:00,6071,6110,430,1968,10752
2019-07-30T00:00+02:00,6074,4529,386,2134,10060
2019-07-30T01:00+02:00,6077,3070,395,2193,9566
2019-07-30T02:00+02:00,6079,3032,401,2174,9452
2019-07-30T03:00+02:00,6081,2972,403,2261,9348
2019-07-30T04:00+02:00,6083,2982,406,2346,9367
2019-07-30T05:00+02:00,6083,4199,413,2383,9509
2019-07-30T06:00+02:00,6079,5859,420,2454,10458
2019-07-30T07:00+02:00,6080,6698,434,2493,11382
2019-07-30T08:00+02:00,6082,6981,455,2447,12126
2019-07-30T09:00+02:00,6085,7175,485,2404,12496
2019-07-30T10:00+02:00,6084,7192,479,2538,13124
2019-07-30T11:00+02:00,6081,7240,493,2463,13236
2019-07-30T12:00+02:00,6083,7176,506,2464,13189
2019-07-30T13:00+02:00,6084,6881,506,2400,13269
2019-07-30T14:00+02:00,6088,6640,528,2350,13201
2019-07-30T15:00+02:00,6091,6609,527,2279,13103
2019-07-30T16:00+02:00,6094,6602,533,2169,12840
2019-07-30T17:00+02:00,6098,6821,495,2049,12755
2019-07-30T18:00+02:00,6097,7273,453,1958,12647
2019-07-30T19:00+02:00,6098,7293,430,1896,12462
2019-07-30T20:00+02:00,6096,7100,403,1904,12110
2019-07-30T21:00+02:00,6093,6576,393,1862,11844
2019-07-30T22:00+02:00,6089,6256,385,1973,11521
2019-07-30T23:00+02:00,6084,4978,374,2003,10386
2019-07-31T00:00+02:00,6084,3666,371,2019,9732
2019-07-31T01:00+02:00,6089,2779,378,2144,9722
2019-07-31T02:00+02:00,6093,2692,376,2120,9534
2019-07-31T03:00+02:00,6097,2571,378,2123,9327
2019-07-31T04:00+02:00,6102,2594,368,2108,9327
2019-07-31T05:00+02:00,6106,3580,365,2051,9387
2019-07-31T06:00+02:00,6106,5886,379,1820,10598
2019-07-31T07:00+02:00,6103,7223,403,1554,11731
2019-07-31T08:00+02:00,6103,8113,422,1343,12527
2019-07-31T09:00+02:00,6107,8421,435,1264,13071
2019-07-31T10:00+02:00,6107,8715,456,1081,13449
2019-07-31T11:00+02:00,6105,8758,460,919,13436
2019-07-31T12:00+02:00,6104,8715,472,823,13533
2019-07-31T13:00+02:00,6102,8662,479,697,13370
2019-07-31T14:00+02:00,6104,8636,484,590,13181
2019-07-31T15:00+02:00,6105,8589,478,525,13022
2019-07-31T16:00+02:00,6107,8574,446,440,12822
2019-07-31T17:00+02:00,6109,8737,429,417,12980
2019-07-31T18:00+02:00,6110,8698,407,392,12875
2019-07-31T19:00+02:00,6113,8580,383,360,12581
2019-07-31T20:00+02:00,6115,8520,362,337,12282
2019-07-31T21:00+02:00,6115,8249,351,359,12154
2019-07-31T22:00+02:00,6112,8024,361,370,11977
2019-07-31T23:00+02:00,6113,6306,365,366,11121
2019-08-01T00:00+02:00,6121,3839,368,327,10266
2019-08-01T01:00+02:00,6124,2884,370,340,10171
2019-08-01T02:00+02:00,6123,2747,363,360,9992
2019-08-01T03:00+02:00,6124,2725,359,373,9969
2019-08-01T04:00+02:00,6123,2719,348,406,9919
2019-08-01T05:00+02:00,6123,3849,350,423,9945
2019-08-01T06:00+02:00,6121,6761,360,377,10949
2019-08-01T07:00+02:00,6119,8268,371,329,11956
2019-08-01T08:00+02:00,6116,8540,429,290,12787
2019-08-01T09:00+02:00,6103,8409,472,226,12948
2019-08-01T10:00+02:00,6090,7953,469,228,12999
2019-08-01T11:00+02:00,6079,7711,498,220,13129
2019-08-01T12:00+02:00,6083,7818,499,249,13049
2019-08-01T13:00+02:00,6086,7558,498,254,13073
2019-08-01T14:00+02:00,6086,7374,497,318,12992
2019-08-01T15:00+02:00,6081,7307,497,326,12880
2019-08-01T16:00+02:00,6075,7870,468,372,12766
2019-08-01T17:00+02:00,6078,8515,441,411,12879
2019-08-01T18:00+02:00,6085,8603,412,426,12717
2019-08-01T19:00+02:00,6092,8495,399,469,12442
2019-08-01T20:00+02:00,6091,8231,383,554,12029
2019-08-01T21:00+02:00,6092,7661,379,774,11804
2019-08-01T22:00+02:00,6091,6645,380,1032,11506
2019-08-01T23:00+02:00,6093,5504,385,1234,10866
2019-08-02T00:00+02:00,6107,3924,395,1372,10134
2019-08-02T01:00+02:00,6105,2956,395,1457,9820
2019-08-02T02:00+02:00,6111,2850,396,1532,9746
2019-08-02T03:00+02:00,6112,2831,391,1615,9751
2019-08-02T04:00+02:00,6112,2837,389,1609,9593
2019-08-02T05:00+02:00,6111,4412,391,1531,9602
2019-08-02T06:00+02:00,6112,6472,405,1245,10468
2019-08-02T07:00+02:00,6112,7586,412,956,11318
2019-08-02T08:00+02:00,6113,8447,451,770,12457
2019-08-02T09:00+02:00,6113,8643,422,686,12911
2019-08-02T10:00+02:00,6114,8554,453,634,13273
2019-08-02T11:00+02:00,6113,8602,473,537,13144
2019-08-02T12:00+02:00,6111,8329,486,460,13044
2019-08-02T13:00+02:00,6109,7751,487,462,12791
2019-08-02T14:00+02:00,6103,7205,547,453,12606
2019-08-02T15:00+02:00,6100,7160,535,461,12378
2019-08-02T16:00+02:00,6098,7549,504,467,12321
2019-08-02T17:00+02:00,6095,7921,479,478,12438
2019-08-02T18:00+02:00,6095,8123,444,476,12315
2019-08-02T19:00+02:00,6098,7957,407,522,12131
2019-08-02T20:00+02:00,6100,7725,383,543,11943
2019-08-02T21:00+02:00,6104,7273,378,600,11664
2019-08-02T22:00+02:00,6107,6588,378,660,11390
2019-08-02T23:00+02:00,6108,5189,380,726,10817
2019-08-03T00:00+02:00,6113,3297,376,679,10199
2019-08-03T01:00+02:00,6118,2919,374,672,10027
2019-08-03T02:00+02:00,6121,2714,371,614,9808
2019-08-03T03:00+02:00,6124,2586,373,558,9522
2019-08-03T04:00+02:00,6130,2472,376,585,9224
2019-08-03T05:00+02:00,6127,2704,377,546,9242
2019-08-03T06:00+02:00,6125,2997,392,479,9533
2019-08-03T07:00+02:00,6124,3678,410,384,10054
2019-08-03T08:00+02:00,6123,3915,438,315,10761
2019-08-03T09:00+02:00,6121,4261,476,254,11281
2019-08-03T10:00+02:00,6120,4381,505,255,11557
2019-08-03T11:00+02:00,6117,4346,538,266,11711
2019-08-03T12:00+02:00,6113,4450,549,289,11734
2019-08-03T13:00+02:00,6111,4270,555,299,11489
2019-08-03T14:00+02:00,6109,4083,563,338,11351
2019-08-03T15:00+02:00,6106,4074,551,368,11243
2019-08-03T16:00+02:00,6104,4108,534,439,11386
2019-08-03T17:00+02:00,6104,4225,500,437,11540
2019-08-03T18:00+02:00,6103,4905,463,393,11528
2019-08-03T19:00+02:00,6100,5470,430,391,11488
2019-08-03T20:00+02:00,6098,5482,403,417,11263
2019-08-03T21:00+02:00,6097,5289,388,469,11274
2019-08-03T22:00+02:00,6100,5202,388,445,11056
2019-08-03T23:00+02:00,6102,4199,380,428,10428
2019-08-04T00:00+02:00,6104,2616,380,444,9929
2019-08-04T01:00+02:00,6107,2320,382,450,9717
2019-08-04T02:00+02:00,6108,2228,374,432,9592
2019-08-04T03:00+02:00,6109,2226,375,404,9456
2019-08-04T04:00+02:00,6112,2234,374,387,9395
2019-08-04T05:00+02:00,6112,2263,374,360,9255
2019-08-04T06:00+02:00,6113,2383,383,312,9387
2019-08-04T07:00+02:00,6111,2617,406,240,9826
2019-08-04T08:00+02:00,6109,2939,436,213,10402
2019-08-04T09:00+02:00,6108,3487,459,184,11147
2019-08-04T10:00+02:00,6108,3795,475,174,11514
2019-08-04T11:00+02:00,6107,3838,510,178,11654
2019-08-04T12:00+02:00,6104,3858,512,204,11643
2019-08-04T13:00+02:00,6102,3506,516,244,11559
2019-08-04T14:00+02:00,6100,3328,507,286,11503
2019-08-04T15:00+02:00,6101,3278,503,316,11415
2019-08-04T16:00+02:00,6100,3392,483,339,11467
2019-08-04T17:00+02:00,6097,3846,460,383,11696
2019-08-04T18:00+02:00,6091,4693,425,389,11736
2019-08-04T19:00+02:00,6088,5557,399,427,11734
2019-08-04T20:00+02:00,6087,6025,380,480,11778
2019-08-04T21:00+02:00,6082,5973,374,589,11628
2019-08-04T22:00+02:00,6083,5326,377,691,11246
2019-08-04T23:00+02:00,6086,4638,378,825,10743
2019-08-05T00:00+02:00,6090,3256,382,814,9976
2019-08-05T01:00+02:00,6096,2816,384,819,9739
2019-08-05T02:00+02:00,6100,2791,378,787,9810
2019-08-05T03:00+02:00,6105,2805,383,733,9853
2019-08-05T04:00+02:00,6107,2875,388,631,9865
2019-08-05T05:00+02:00,6109,3812,384,477,10009
2019-08-05T06:00+02:00,6109,7115,398,336,11424
2019-08-05T07:00+02:00,6107,8421,417,263,12800
2019-08-05T08:00+02:00,6110,9172,453,214,13681
2019-08-05T09:00+02:00,6112,9224,481,198,13911
2019-08-05T10:00+02:00,6108,9184,502,203,14051
2019-08-05T11:00+02:00,6103,9110,518,243,14233
2019-08-05T12:00+02:00,6099,8688,521,267,14218
2019-08-05T13:00+02:00,6096,8130,522,299,14054
2019-08-05T14:00+02:00,6086,7733,512,326,13879
2019-08-05T15:00+02:00,6083,7675,512,370,13789
2019-08-05T16:00+02:00,6080,7842,496,387,13566
2019-08-05T17:00+02:00,6077,8549,465,410,13654
2019-08-05T18:00+02:00,6085,8675,445,415,13444
2019-08-05T19:00+02:00,6088,8487,426,420,13180
2019-08-05T20:00+02:00,6092,8213,416,465,12756
2019-08-05T21:00+02:00,6093,7984,414,498,12632
2019-08-05T22:00+02:00,6093,7157,408,564,12054
2019-08-05T23:00+02:00,6085,5361,405,574,11043
2019-08-06T00:00+02:00,6081,3820,395,537,10444
2019-08-06T01:00+02:00,6088,2857,389,530,10148
2019-08-06T02:00+02:00,6104,2810,382,540,10030
2019-08-06T03:00+02:00,6109,2782,383,511,10079
2019-08-06T04:00+02:00,6112,2788,393,472,9954
2019-08-06T05:00+02:00,6111,3953,386,447,10117
2019-08-06T06:00+02:00,6110,6034,387,397,11262
2019-08-06T07:00+02:00,6106,7794,422,425,12838
2019-08-06T08:00+02:00,6106,8310,451,413,13761
2019-08-06T09:00+02:00,6106,8492,460,430,13902
2019-08-06T10:00+02:00,6106,8000,482,464,13914
2019-08-06T11:00+02:00,6102,7647,494,522,14105
2019-08-06T12:00+02:00,6090,6170,506,598,13886
2019-08-06T13:00+02:00,6072,6044,502,716,13843
2019-08-06T14:00+02:00,6062,5893,497,798,13508
2019-08-06T15:00+02:00,6064,5685,498,870,13474
2019-08-06T16:00+02:00,6065,5920,485,986,13286
2019-08-06T17:00+02:00,6070,7251,462,1016,13359
2019-08-06T18:00+02:00,6074,7766,444,1052,13240
2019-08-06T19:00+02:00,6079,7727,422,1039,12971
2019-08-06T20:00+02:00,6082,7469,416,1110,12747
2019-08-06T21:00+02:00,6083,7243,395,1255,12557
2019-08-06T22:00+02:00,6083,6087,412,1373,11837
2019-08-06T23:00+02:00,6085,5043,409,1449,11208
2019-08-07T00:00+02:00,6087,3777,428,1429,10789
2019-08-07T01:00+02:00,6089,2756,434,1414,10230
2019-08-07T02:00+02:00,6091,2700,431,1270,9962
2019-08-07T03:00+02:00,6092,2659,425,1261,10175
2019-08-07T04:00+02:00,6092,2922,426,1199,10293
2019-08-07T05:00+02:00,6092,3869,427,1048,10591
2019-08-07T06:00+02:00,6090,5519,436,877,11581
2019-08-07T07:00+02:00,6085,7863,457,750,13117
2019-08-07T08:00+02:00,6085,8373,487,694,13648
2019-08-07T09:00+02:00,6087,8598,502,696,13980
2019-08-07T10:00+02:00,6085,8552,519,663,14277
2019-08-07T11:00+02:00,6090,8492,532,706,14210
2019-08-07T12:00+02:00,6086,7940,532,747,14163
2019-08-07T13:00+02:00,6081,7214,531,809,14036
2019-08-07T14:00+02:00,6073,6512,530,892,13875
2019-08-07T15:00+02:00,6069,6575,513,903,13901
2019-08-07T16:00+02:00,6069,6847,501,884,13624
2019-08-07T17:00+02:00,6067,7742,478,842,13560
2019-08-07T18:00+02:00,6069,7993,455,799,13457
2019-08-07T19:00+02:00,6077,7929,432,791,13171
2019-08-07T20:00+02:00,6075,7770,409,800,12903
2019-08-07T21:00+02:00,6074,7372,399,820,12700
2019-08-07T22:00+02:00,6077,6046,389,873,12031
2019-08-07T23:00+02:00,6081,4895,385,875,11373
2019-08-08T00:00+02:00,6080,3167,368,833,10703
2019-08-08T01:00+02:00,6080,2569,369,768,10351
2019-08-08T02:00+02:00,6083,2513,361,741,10293
2019-08-08T03:00+02:00,6083,2456,359,680,10119
2019-08-08T04:00+02:00,6082,2550,355,654,10139
2019-08-08T05:00+02:00,6078,3386,352,624,10254
2019-08-08T06:00+02:00,6071,5013,361,574,11569
2019-08-08T07:00+02:00,6069,7654,381,506,13085
2019-08-08T08:00+02:00,6068,7141,403,492,13872
2019-08-08T09:00+02:00,6070,6881,377,476,13840
2019-08-08T10:00+02:00,6072,6894,382,474,14166
2019-08-08T11:00+02:00,6063,6655,382,514,14181
2019-08-08T12:00+02:00,6059,6439,425,545,14184
2019-08-08T13:00+02:00,6056,6341,437,615,14187
2019-08-08T14:00+02:00,6053,5911,419,686,13852
2019-08-08T15:00+02:00,6057,5741,438,716,13651
2019-08-08T16:00+02:00,6058,5596,470,762,13329
2019-08-08T17:00+02:00,6055,5683,434,778,13373
2019-08-08T18:00+02:00,6060,6367,412,787,13166
2019-08-08T19:00+02:00,6063,7621,396,699,13169
2019-08-08T20:00+02:00,6061,8010,368,705,13064
2019-08-08T21:00+02:00,6058,8027,362,712,12911
2019-08-08T22:00+02:00,6059,7206,379,806,12149
2019-08-08T23:00+02:00,6062,5340,376,833,11287
2019-08-09T00:00+02:00,6056,3441,393,825,10769
2019-08-09T01:00+02:00,6053,2768,400,838,10535
2019-08-09T02:00+02:00,6059,2655,399,790,10422
2019-08-09T03:00+02:00,6074,2650,392,751,10414
2019-08-09T04:00+02:00,6081,2803,391,689,10360
2019-08-09T05:00+02:00,6083,3915,385,629,10484
2019-08-09T06:00+02:00,6082,6994,392,524,11975
2019-08-09T07:00+02:00,6075,8757,424,448,13409
2019-08-09T08:00+02:00,6075,9246,445,344,14219
2019-08-09T09:00+02:00,6080,8822,473,272,14126
2019-08-09T10:00+02:00,6082,7810,465,211,14133
2019-08-09T11:00+02:00,6082,7615,490,194,14176
2019-08-09T12:00+02:00,6074,7346,530,171,14172
2019-08-09T13:00+02:00,6057,7055,520,153,13815
2019-08-09T14:00+02:00,6047,6595,517,150,13554
2019-08-09T15:00+02:00,6038,6348,514,148,13307
2019-08-09T16:00+02:00,6027,6179,485,146,13066
2019-08-09T17:00+02:00,6027,7107,458,149,13124
2019-08-09T18:00+02:00,6034,8042,438,165,13070
2019-08-09T19:00+02:00,6048,7805,407,222,12732
2019-08-09T20:00+02:00,6052,6658,397,324,12272
2019-08-09T21:00+02:00,6057,5758,394,475,12071
2019-08-09T22:00+02:00,6060,4587,394,739,9522
2019-08-09T23:00+02:00,6062,3185,391,971,10685
2019-08-10T00:00+02:00,6064,2314,378,1145,10192
2019-08-10T01:00+02:00,6059,2010,384,1329,9899
2019-08-10T02:00+02:00,6055,1926,381,1512,9731
2019-08-10T03:00+02:00,6053,1892,384,1689,9644
2019-08-10T04:00+02:00,6052,1881,383,1863,9456
2019-08-10T05:00+02:00,6051,1872,384,2039,9318
2019-08-10T06:00+02:00,6051,1945,403,2122,9642
2019-08-10T07:00+02:00,6050,2109,414,2161,10314
2019-08-10T08:00+02:00,6050,2545,435,2253,11351
2019-08-10T09:00+02:00,6050,2936,468,2297,12151
2019-08-10T10:00+02:00,6050,2946,494,2381,12571
2019-08-10T11:00+02:00,6047,2993,518,2485,12789
2019-08-10T12:00+02:00,6046,2898,515,2651,12632
2019-08-10T13:00+02:00,6043,2910,521,2758,12534
2019-08-10T14:00+02:00,6041,2785,521,2838,12384
2019-08-10T15:00+02:00,6042,2761,513,2797,12431
2019-08-10T16:00+02:00,6039,2722,493,2741,12549
2019-08-10T17:00+02:00,6037,2782,473,2733,12718
2019-08-10T18:00+02:00,6038,3181,447,2712,12585
2019-08-10T19:00+02:00,6038,3896,429,2626,12310
2019-08-10T20:00+02:00,6035,3758,422,2748,11989
2019-08-10T21:00+02:00,6034,3454,426,2859,11737
2019-08-10T22:00+02:00,6034,3285,429,2938,11076
2019-08-10T23:00+02:00,6034,1918,432,3091,10621
2019-08-11T00:00+02:00,6031,1784,450,3035,10335
2019-08-11T01:00+02:00,6029,1885,448,3034,10014
2019-08-11T02:00+02:00,6030,1860,444,3015,9965
2019-08-11T03:00+02:00,6031,1848,449,3032,9910
2019-08-11T04:00+02:00,6031,1841,451,2890,9866
2019-08-11T05:00+02:00,6032,1757,456,2893,9698
2019-08-11T06:00+02:00,6031,1668,461,2922,9693
2019-08-11T07:00+02:00,6029,1697,483,2967,10022
2019-08-11T08:00+02:00,6028,1832,502,3141,10775
2019-08-11T09:00+02:00,6027,2006,526,3234,11474
2019-08-11T10:00+02:00,6026,2131,546,3411,12061
2019-08-11T11:00+02:00,6025,2194,561,3511,12114
2019-08-11T12:00+02:00,6026,2453,568,3598,12133
2019-08-11T13:00+02:00,6027,2489,567,3693,12078
2019-08-11T14:00+02:00,6028,2625,564,3803,12157
2019-08-11T15:00+02:00,6025,2653,554,3842,12214
2019-08-11T16:00+02:00,6022,2691,523,3739,12139
2019-08-11T17:00+02:00,6021,2992,507,3494,12230
2019-08-11T18:00+02:00,6021,4035,471,3306,12386
2019-08-11T19:00+02:00,6023,5035,452,3016,12411
2019-08-11T20:00+02:00,6030,5257,440,2818,12287
2019-08-11T21:00+02:00,6033,5310,438,2723,12389
2019-08-11T22:00+02:00,6037,5188,435,2667,11734
2019-08-11T23:00+02:00,6038,3869,420,2615,10951
2019-08-12T00:00+02:00,6036,2280,422,2550,10394
2019-08-12T01:00+02:00,6041,1991,411,2546,10364
2019-08-12T02:00+02:00,6043,1926,410,2432,10207
2019-08-12T03:00+02:00,6046,1903,409,2367,10044
2019-08-12T04:00+02:00,6046,2221,410,2411,10092
2019-08-12T05:00+02:00,6048,3835,415,2340,10609
2019-08-12T06:00+02:00,6044,5847,415,2295,12111
2019-08-12T07:00+02:00,6039,7290,429,2278,13533
2019-08-12T08:00+02:00,6031,7350,446,2305,14106
2019-08-12T09:00+02:00,6031,6631,475,2359,14058
2019-08-12T10:00+02:00,6036,6288,499,2400,14323
2019-08-12T11:00+02:00,6038,6235,540,2444,14367
2019-08-12T12:00+02:00,6034,5928,550,2521,14518
2019-08-12T13:00+02:00,6031,6005,544,2615,14610
2019-08-12T14:00+02:00,6030,5995,541,2717,14463
2019-08-12T15:00+02:00,6026,6222,537,2744,14076
2019-08-12T16:00+02:00,6022,6968,514,2807,13937
2019-08-12T17:00+02:00,6018,7642,504,2772,14116
2019-08-12T18:00+02:00,6014,7599,478,2652,13957
2019-08-12T19:00+02:00,6016,7433,447,2519,13703
2019-08-12T20:00+02:00,6017,7389,426,2429,13588
2019-08-12T21:00+02:00,6018,7344,417,2380,13528
2019-08-12T22:00+02:00,6023,6686,414,2272,12475
2019-08-12T23:00+02:00,6028,5331,416,2176,11622
2019-08-13T00:00+02:00,6033,3726,390,2058,10852
2019-08-13T01:00+02:00,6036,2619,393,1968,10745
2019-08-13T02:00+02:00,6038,2520,375,1904,10567
2019-08-13T03:00+02:00,6041,2479,380,1769,10485
2019-08-13T04:00+02:00,6044,2872,358,1660,10533
2019-08-13T05:00+02:00,6044,4568,351,1569,10793
2019-08-13T06:00+02:00,6042,6796,352,1550,12106
2019-08-13T07:00+02:00,6043,7481,378,1470,13486
2019-08-13T08:00+02:00,6044,7932,405,1469,14291
2019-08-13T09:00+02:00,6051,7857,426,1468,14284
2019-08-13T10:00+02:00,6048,7241,443,1429,14290
2019-08-13T11:00+02:00,6038,6377,464,1479,14324
2019-08-13T12:00+02:00,6035,5947,472,1550,14424
2019-08-13T13:00+02:00,6033,5777,472,1570,14122
2019-08-13T14:00+02:00,6022,5584,470,1664,13973
2019-08-13T15:00+02:00,6022,5344,470,1778,14069
2019-08-13T16:00+02:00,6045,5367,457,1947,13916
2019-08-13T17:00+02:00,6158,5411,439,1927,13824
2019-08-13T18:00+02:00,6229,6911,408,1913,13946
2019-08-13T19:00+02:00,6379,7180,384,1882,13662
2019-08-13T20:00+02:00,6385,7027,368,1842,13433
2019-08-13T21:00+02:00,6342,6883,364,1913,13411
2019-08-13T22:00+02:00,6343,6108,374,1946,12270
2019-08-13T23:00+02:00,6348,5305,382,2039,11424
2019-08-14T00:00+02:00,6345,3058,394,2109,10670
2019-08-14T01:00+02:00,6340,2542,393,2165,10407
2019-08-14T02:00+02:00,6331,2466,396,2157,10251
2019-08-14T03:00+02:00,6403,2485,395,2163,10098
2019-08-14T04:00+02:00,6526,2489,394,2147,9917
2019-08-14T05:00+02:00,6588,3098,393,2128,10214
2019-08-14T06:00+02:00,6576,5373,400,2028,11889
2019-08-14T07:00+02:00,6568,6994,414,2028,13553
2019-08-14T08:00+02:00,6563,7394,437,2017,14145
2019-08-14T09:00+02:00,6559,6812,462,2021,13958
2019-08-14T10:00+02:00,6579,5983,489,1988,13976
2019-08-14T11:00+02:00,6631,5570,519,1987,14149
2019-08-14T12:00+02:00,6675,5382,535,1990,14393
2019-08-14T13:00+02:00,6706,5311,522,1945,14160
2019-08-14T14:00+02:00,6707,5132,510,1964,14058
2019-08-14T15:00+02:00,6709,5094,497,2054,13890
2019-08-14T16:00+02:00,6712,5198,480,2078,13721
2019-08-14T17:00+02:00,6714,6748,468,2015,14109
2019-08-14T18:00+02:00,6717,7013,448,1902,13858
2019-08-14T19:00+02:00,6724,7022,421,1820,13743
2019-08-14T20:00+02:00,6766,6912,412,1746,13529
2019-08-14T21:00+02:00,6789,6683,408,1746,13275
2019-08-14T22:00+02:00,6813,6221,412,1796,12270
2019-08-14T23:00+02:00,6835,4751,411,1961,11577
2019-08-15T00:00+02:00,6863,3348,396,2136,10943
2019-08-15T01:00+02:00,6886,2373,393,2137,10673
2019-08-15T02:00+02:00,6910,2109,387,2165,10594
2019-08-15T03:00+02:00,6919,2076,379,2121,10617
2019-08-15T04:00+02:00,6917,2154,370,2038,10709
2019-08-15T05:00+02:00,6926,2814,364,1892,10868
2019-08-15T06:00+02:00,6932,3907,376,1824,12336
2019-08-15T07:00+02:00,6922,5186,390,1663,13639
2019-08-15T08:00+02:00,6914,5987,440,1555,14488
2019-08-15T09:00+02:00,6909,6073,477,1560,14471
2019-08-15T10:00+02:00,6905,6141,484,1541,14684
2019-08-15T11:00+02:00,6899,6049,508,1544,14595
2019-08-15T12:00+02:00,6894,5905,531,1541,14613
2019-08-15T13:00+02:00,6887,5877,558,1553,14484
2019-08-15T14:00+02:00,6885,6098,547,1569,14359
2019-08-15T15:00+02:00,6877,6023,537,1565,14337
2019-08-15T16:00+02:00,6872,6090,523,1494,14149
2019-08-15T17:00+02:00,6894,6137,509,1416,14164
2019-08-15T18:00+02:00,6898,7065,468,1298,14021
2019-08-15T19:00+02:00,6896,7453,437,1239,13960
2019-08-15T20:00+02:00,6896,7476,424,1294,13906
2019-08-15T21:00+02:00,6897,6672,422,1362,13236
2019-08-15T22:00+02:00,6879,6117,410,1415,12358
2019-08-15T23:00+02:00,6885,4274,416,1466,11642
2019-08-16T00:00+02:00,6901,3296,434,1320,10941
2019-08-16T01:00+02:00,6903,2623,432,1272,10735
2019-08-16T02:00+02:00,6902,2486,434,1177,10670
2019-08-16T03:00+02:00,6903,2484,430,1105,10781
2019-08-16T04:00+02:00,6905,2628,425,1083,10805
2019-08-16T05:00+02:00,6902,3353,440,965,11015
2019-08-16T06:00+02:00,6900,5513,428,857,12196
2019-08-16T07:00+02:00,6888,7819,439,742,13666
2019-08-16T08:00+02:00,6879,8622,464,705,14326
2019-08-16T09:00+02:00,6880,8734,486,739,14557
2019-08-16T10:00+02:00,6908,8030,517,776,14652
2019-08-16T11:00+02:00,6909,7149,534,1006,14614
2019-08-16T12:00+02:00,6909,6451,555,1153,14448
2019-08-16T13:00+02:00,6907,5948,573,1264,14148
2019-08-16T14:00+02:00,6926,5573,574,1390,13835
2019-08-16T15:00+02:00,6928,5325,566,1400,13548
2019-08-16T16:00+02:00,6917,5371,542,1474,13460
2019-08-16T17:00+02:00,6912,6919,518,1442,13755
2019-08-16T18:00+02:00,6925,7455,488,1473,13560
2019-08-16T19:00+02:00,6932,7308,470,1441,13078
2019-08-16T20:00+02:00,6930,7063,454,1598,12842
2019-08-16T21:00+02:00,6934,6671,457,1768,12693
2019-08-16T22:00+02:00,6947,4911,452,1853,11989
2019-08-16T23:00+02:00,6962,3362,453,1845,11235
2019-08-17T00:00+02:00,6966,2293,436,1748,10653
2019-08-17T01:00+02:00,6968,2008,431,1661,10411
2019-08-17T02:00+02:00,6974,1918,428,1690,10232
2019-08-17T03:00+02:00,6989,1892,425,1773,10027
2019-08-17T04:00+02:00,6988,1873,422,1866,10127
2019-08-17T05:00+02:00,6988,1874,424,2013,10020
2019-08-17T06:00+02:00,6993,1984,425,2028,10114
2019-08-17T07:00+02:00,7010,2263,444,2086,10781
2019-08-17T08:00+02:00,7011,2670,463,2246,11825
2019-08-17T09:00+02:00,7008,3094,478,2509,12597
2019-08-17T10:00+02:00,7006,3155,507,2769,12942
2019-08-17T11:00+02:00,7029,2997,526,3131,13210
2019-08-17T12:00+02:00,7025,2770,524,3371,13163
2019-08-17T13:00+02:00,7021,2617,529,3504,12951
2019-08-17T14:00+02:00,7026,2511,521,3639,12923
2019-08-17T15:00+02:00,7047,2574,524,3695,12828
2019-08-17T16:00+02:00,7048,2588,502,3721,12755
2019-08-17T17:00+02:00,7044,3091,486,3639,12869
2019-08-17T18:00+02:00,7042,3551,474,3622,12632
2019-08-17T19:00+02:00,7045,4769,460,3631,12660
2019-08-17T20:00+02:00,7046,4789,461,3736,12440
2019-08-17T21:00+02:00,7046,4721,464,3736,12133
2019-08-17T22:00+02:00,7046,4181,456,3701,11528
2019-08-17T23:00+02:00,7047,2884,459,3696,11081
2019-08-18T00:00+02:00,7047,1941,481,3510,10751
2019-08-18T01:00+02:00,7050,1791,485,3341,10383
2019-08-18T02:00+02:00,7051,1750,466,3146,10209
2019-08-18T03:00+02:00,7049,1720,457,3016,10129
2019-08-18T04:00+02:00,7049,1718,448,2828,10052
2019-08-18T05:00+02:00,7049,1719,437,2676,9961
2019-08-18T06:00+02:00,7050,1938,437,2442,10010
2019-08-18T07:00+02:00,7050,2082,446,2246,10404
2019-08-18T08:00+02:00,7050,2335,463,2119,11092
2019-08-18T09:00+02:00,7049,2888,474,1937,11751
2019-08-18T10:00+02:00,7047,3238,493,1843,12279
2019-08-18T11:00+02:00,7046,3285,495,1833,12560
2019-08-18T12:00+02:00,7044,2980,510,1899,12529
2019-08-18T13:00+02:00,7043,2952,511,1882,12501
2019-08-18T14:00+02:00,7041,2989,512,1909,12465
2019-08-18T15:00+02:00,7035,3033,508,1802,12390
2019-08-18T16:00+02:00,7032,3314,494,1781,12728
2019-08-18T17:00+02:00,7030,3792,475,1744,13116
2019-08-18T18:00+02:00,7029,4679,464,1688,13202
2019-08-18T19:00+02:00,7034,5338,452,1685,13307
2019-08-18T20:00+02:00,7136,5528,452,1713,12961
2019-08-18T21:00+02:00,7178,5398,457,1840,12609
2019-08-18T22:00+02:00,7164,4785,474,1765,12144
2019-08-18T23:00+02:00,7157,3418,477,1715,11554
2019-08-19T00:00+02:00,7154,2051,462,1688,10896
2019-08-19T01:00+02:00,7158,1937,448,1627,10560
2019-08-19T02:00+02:00,7155,1998,440,1601,10496
2019-08-19T03:00+02:00,7158,1997,448,1657,10589
2019-08-19T04:00+02:00,7162,1991,436,1771,10699
2019-08-19T05:00+02:00,7163,2819,438,1776,11032
2019-08-19T06:00+02:00,7163,4904,444,1826,12460
2019-08-19T07:00+02:00,7164,7249,467,1812,14029
2019-08-19T08:00+02:00,7174,7710,499,1906,14702
2019-08-19T09:00+02:00,7183,7249,527,2101,14669
2019-08-19T10:00+02:00,7185,6799,554,2325,14613
2019-08-19T11:00+02:00,7180,6357,562,2452,14578
2019-08-19T12:00+02:00,7184,5757,567,2765,14710
2019-08-19T13:00+02:00,7181,5585,576,3043,14597
2019-08-19T14:00+02:00,7198,5235,546,3293,14508
2019-08-19T15:00+02:00,7240,5101,567,3338,14119
2019-08-19T16:00+02:00,7324,4904,532,3455,13805
2019-08-19T17:00+02:00,7343,5407,525,3671,14127
2019-08-19T18:00+02:00,7341,6266,510,3446,13971
2019-08-19T19:00+02:00,7341,6485,480,3460,14134
2019-08-19T20:00+02:00,7428,6465,462,3373,13560
2019-08-19T21:00+02:00,7460,5941,453,3451,12957
2019-08-19T22:00+02:00,7458,5004,454,3600,12146
2019-08-19T23:00+02:00,7450,3732,443,3713,11472
2019-08-20T00:00+02:00,7378,2658,453,3595,11013
2019-08-20T01:00+02:00,7382,2090,450,3351,10610
2019-08-20T02:00+02:00,7437,2087,462,3165,10571
2019-08-20T03:00+02:00,7403,2072,446,2998,10666
2019-08-20T04:00+02:00,7415,2152,452,2797,10782
2019-08-20T05:00+02:00,7503,3005,460,2599,10991
2019-08-20T06:00+02:00,7510,5473,479,2299,12469
2019-08-20T07:00+02:00,7501,6997,506,1996,14033
2019-08-20T08:00+02:00,7514,7455,525,1898,14720
2019-08-20T09:00+02:00,7514,7466,559,1844,14605
2019-08-20T10:00+02:00,7541,7448,577,1856,14486
2019-08-20T11:00+02:00,7551,7427,597,1886,14282
2019-08-20T12:00+02:00,7552,7071,612,2015,14202
2019-08-20T13:00+02:00,7546,6900,608,2116,14160
2019-08-20T14:00+02:00,7551,6934,606,2188,14171
2019-08-20T15:00+02:00,7554,6920,584,2142,14225
2019-08-20T16:00+02:00,7549,6769,592,2190,14096
2019-08-20T17:00+02:00,7543,6916,566,2138,14384
2019-08-20T18:00+02:00,7535,6724,538,1991,14032
2019-08-20T19:00+02:00,7533,6637,494,1952,13913
2019-08-20T20:00+02:00,7385,6472,474,2094,13680
2019-08-20T21:00+02:00,7271,5946,476,2258,13512
2019-08-20T22:00+02:00,7270,5348,465,2377,12526
2019-08-20T23:00+02:00,7274,4057,458,2339,11620
2019-08-21T00:00+02:00,7290,3209,439,2207,11183
2019-08-21T01:00+02:00,7298,2674,446,2072,10869
2019-08-21T02:00+02:00,7299,2649,444,1948,10742
2019-08-21T03:00+02:00,7293,2634,440,1794,10912
2019-08-21T04:00+02:00,7187,2675,445,1642,11036
2019-08-21T05:00+02:00,7134,3708,445,1439,11250
2019-08-21T06:00+02:00,7090,6286,460,1272,12675
2019-08-21T07:00+02:00,7043,8044,488,1167,14296
2019-08-21T08:00+02:00,7045,8440,511,1100,14991
2019-08-21T09:00+02:00,7041,8446,535,1021,14841
2019-08-21T10:00+02:00,7040,8082,573,1024,14713
2019-08-21T11:00+02:00,7036,7626,585,1050,14684
2019-08-21T12:00+02:00,7036,7166,559,1200,14566
2019-08-21T13:00+02:00,7035,6789,562,1356,14297
2019-08-21T14:00+02:00,7033,6414,560,1505,14221
2019-08-21T15:00+02:00,7032,6316,554,1678,14195
2019-08-21T16:00+02:00,7031,6583,528,1778,14092
2019-08-21T17:00+02:00,7027,7613,538,1739,14271
2019-08-21T18:00+02:00,7022,7657,514,1771,14112
2019-08-21T19:00+02:00,7020,7627,490,1719,13940
2019-08-21T20:00+02:00,7021,7636,480,1755,13942
2019-08-21T21:00+02:00,7023,6801,475,1865,13279
2019-08-21T22:00+02:00,7030,6045,472,2006,12349
2019-08-21T23:00+02:00,7034,4624,461,2179,11535
2019-08-22T00:00+02:00,7037,3344,459,2125,10944
2019-08-22T01:00+02:00,7037,2555,450,2120,10803
2019-08-22T02:00+02:00,7037,2513,451,2024,10891
2019-08-22T03:00+02:00,7041,2518,442,1935,10780
2019-08-22T04:00+02:00,7194,2618,440,1851,10665
2019-08-22T05:00+02:00,7296,3547,438,1764,11232
2019-08-22T06:00+02:00,7400,5915,444,1562,12680
2019-08-22T07:00+02:00,7399,8050,462,1292,14194
2019-08-22T08:00+02:00,7398,8134,471,1094,14737
2019-08-22T09:00+02:00,7397,7404,523,1046,14759
2019-08-22T10:00+02:00,7394,6551,527,1115,14479
2019-08-22T11:00+02:00,7387,6275,551,1301,14417
2019-08-22T12:00+02:00,7470,5945,548,1534,14209
2019-08-22T13:00+02:00,7544,5743,558,1914,14343
2019-08-22T14:00+02:00,7542,5494,568,2135,14566
2019-08-22T15:00+02:00,7538,5404,565,2273,14388
2019-08-22T16:00+02:00,7535,5377,538,2306,14193
2019-08-22T17:00+02:00,7531,6298,534,2354,14557
2019-08-22T18:00+02:00,7535,6838,509,2390,14429
2019-08-22T19:00+02:00,7539,6803,501,2501,14086
2019-08-22T20:00+02:00,7546,6652,496,2571,13731
2019-08-22T21:00+02:00,7548,6418,497,2648,13461
2019-08-22T22:00+02:00,7550,5240,506,2691,12713
2019-08-22T23:00+02:00,7551,3672,495,2717,12011
2019-08-23T00:00+02:00,7550,2760,523,2609,11469
2019-08-23T01:00+02:00,7549,2127,524,2405,11259
2019-08-23T02:00+02:00,7549,1982,444,2270,10888
2019-08-23T03:00+02:00,7549,1987,440,2164,10798
2019-08-23T04:00+02:00,7549,2106,505,2102,10844
2019-08-23T05:00+02:00,7549,3151,496,2139,11145
2019-08-23T06:00+02:00,7547,5816,496,2179,12488
2019-08-23T07:00+02:00,7545,6889,502,2228,13897
2019-08-23T08:00+02:00,7540,7204,521,2233,14520
2019-08-23T09:00+02:00,7542,6659,545,2254,14808
2019-08-23T10:00+02:00,7555,6438,559,2395,15041
2019-08-23T11:00+02:00,7551,5806,571,2446,15018
2019-08-23T12:00+02:00,7564,5514,585,2483,14747
2019-08-23T13:00+02:00,7570,5120,591,2564,14410
2019-08-23T14:00+02:00,7570,4990,584,2596,14060
2019-08-23T15:00+02:00,7568,4914,576,2596,13821
2019-08-23T16:00+02:00,7566,5123,555,2620,13800
2019-08-23T17:00+02:00,7575,6143,541,2553,14085
2019-08-23T18:00+02:00,7595,6474,505,2390,13636
2019-08-23T19:00+02:00,7618,6407,483,2315,13372
2019-08-23T20:00+02:00,7641,6256,474,2367,13124
2019-08-23T21:00+02:00,7666,5910,476,2414,12747
2019-08-23T22:00+02:00,7689,4721,484,2455,11852
2019-08-23T23:00+02:00,7712,3419,489,2559,11083
2019-08-24T00:00+02:00,7732,2486,471,2563,9740
2019-08-24T01:00+02:00,7752,2081,473,2493,10786
2019-08-24T02:00+02:00,7753,2050,465,2292,10562
2019-08-24T03:00+02:00,7752,2020,460,2091,10422
2019-08-24T04:00+02:00,7757,2008,454,1935,10408
2019-08-24T05:00+02:00,7778,1880,456,1707,10328
2019-08-24T06:00+02:00,7780,2030,462,1377,10419
2019-08-24T07:00+02:00,7778,3002,473,991,11146
2019-08-24T08:00+02:00,7778,3872,497,690,12054
2019-08-24T09:00+02:00,7795,4246,515,507,12557
2019-08-24T10:00+02:00,7788,4569,539,330,12810
2019-08-24T11:00+02:00,7779,4511,551,237,12779
2019-08-24T12:00+02:00,7776,4205,564,170,12544
2019-08-24T13:00+02:00,7788,3983,572,205,12468
2019-08-24T14:00+02:00,7784,3976,571,198,12331
2019-08-24T15:00+02:00,7776,3913,554,199,12157
2019-08-24T16:00+02:00,7766,4128,528,217,12194
2019-08-24T17:00+02:00,7748,4886,513,248,12326
2019-08-24T18:00+02:00,7729,5869,491,310,12345
2019-08-24T19:00+02:00,7763,6464,466,421,12282
2019-08-24T20:00+02:00,7777,6394,458,614,12209
2019-08-24T21:00+02:00,7803,5535,443,914,12027
2019-08-24T22:00+02:00,7806,4364,431,1182,11349
2019-08-24T23:00+02:00,7810,2546,433,1377,10773
2019-08-25T00:00+02:00,7813,1902,450,1488,10406
2019-08-25T01:00+02:00,7824,1757,451,1570,10066
2019-08-25T02:00+02:00,7827,1733,451,1616,9868
2019-08-25T03:00+02:00,7828,1737,450,1656,9981
2019-08-25T04:00+02:00,7829,1735,447,1684,10087
2019-08-25T05:00+02:00,7832,1810,448,1683,9853
2019-08-25T06:00+02:00,7834,1815,454,1573,9651
2019-08-25T07:00+02:00,7834,1959,477,1400,10055
2019-08-25T08:00+02:00,7833,2071,507,1236,10898
2019-08-25T09:00+02:00,7826,2365,539,1135,11808
2019-08-25T10:00+02:00,7817,2562,582,1302,12435
2019-08-25T11:00+02:00,7811,2595,603,1380,12506
2019-08-25T12:00+02:00,7804,2549,620,1481,12672
2019-08-25T13:00+02:00,7793,2317,619,1699,12671
2019-08-25T14:00+02:00,7785,2406,607,1727,12721
2019-08-25T15:00+02:00,7783,2445,597,1638,12446
2019-08-25T16:00+02:00,7779,2762,572,1699,12496
2019-08-25T17:00+02:00,7775,3353,532,1785,12639
2019-08-25T18:00+02:00,7773,4702,501,1958,12871
2019-08-25T19:00+02:00,7778,5088,476,2151,12976
2019-08-25T20:00+02:00,7777,4972,471,2249,13234
2019-08-25T21:00+02:00,7783,4609,471,2304,12926
2019-08-25T22:00+02:00,7789,4282,475,2291,11862
2019-08-25T23:00+02:00,7795,2922,473,2365,11068
2019-08-26T00:00+02:00,7797,2476,461,2388,10690
2019-08-26T01:00+02:00,7801,2277,459,2277,10572
2019-08-26T02:00+02:00,7804,2220,455,2140,10491
2019-08-26T03:00+02:00,7368,2213,449,2024,11046
2019-08-26T04:00+02:00,7264,2337,438,1883,11348
2019-08-26T05:00+02:00,7252,3608,446,1659,11983
2019-08-26T06:00+02:00,7248,5987,453,1530,13108
2019-08-26T07:00+02:00,7242,7322,471,1352,14211
2019-08-26T08:00+02:00,7240,8109,510,1127,15180
2019-08-26T09:00+02:00,7240,8588,447,1029,15297
2019-08-26T10:00+02:00,7239,8665,470,879,15560
2019-08-26T11:00+02:00,7236,8623,490,713,15305
2019-08-26T12:00+02:00,7232,8639,510,669,15105
2019-08-26T13:00+02:00,7231,7958,505,660,15073
2019-08-26T14:00+02:00,7222,7940,501,667,15152
2019-08-26T15:00+02:00,7215,7910,481,655,15050
2019-08-26T16:00+02:00,7209,8500,474,602,14882
2019-08-26T17:00+02:00,7199,8520,510,550,14982
2019-08-26T18:00+02:00,7202,8481,475,559,14594
2019-08-26T19:00+02:00,7204,8447,439,658,14210
2019-08-26T20:00+02:00,7207,8206,441,767,13956
2019-08-26T21:00+02:00,7206,7793,439,934,13482
2019-08-26T22:00+02:00,7204,6993,432,1132,12539
2019-08-26T23:00+02:00,7204,5267,427,1184,11535
2019-08-27T00:00+02:00,7195,4052,397,1201,10771
2019-08-27T01:00+02:00,7231,2999,377,1187,10404
2019-08-27T02:00+02:00,7236,2779,372,1219,10416
2019-08-27T03:00+02:00,7235,2776,381,1242,10400
2019-08-27T04:00+02:00,7231,2932,376,1326,10500
2019-08-27T05:00+02:00,7229,4534,384,1346,11118
2019-08-27T06:00+02:00,7225,6774,390,1286,12170
2019-08-27T07:00+02:00,7227,8152,420,1181,13441
2019-08-27T08:00+02:00,7224,8750,451,1068,14317
2019-08-27T09:00+02:00,7223,8810,492,989,14973
2019-08-27T10:00+02:00,7211,8965,521,884,15250
2019-08-27T11:00+02:00,7210,8914,548,676,15094
2019-08-27T12:00+02:00,7209,7928,568,763,14924
2019-08-27T13:00+02:00,7200,7683,566,819,14763
2019-08-27T14:00+02:00,7186,7687,580,865,14854
2019-08-27T15:00+02:00,7173,8299,548,908,15351
2019-08-27T16:00+02:00,7178,8219,523,893,14974
2019-08-27T17:00+02:00,7177,8226,496,910,15187
2019-08-27T18:00+02:00,7182,7951,453,1027,14928
2019-08-27T19:00+02:00,7186,7931,423,1216,14449
2019-08-27T20:00+02:00,7185,7913,393,1480,13969
2019-08-27T21:00+02:00,7101,7289,376,1629,13408
2019-08-27T22:00+02:00,6930,5970,370,1798,12271
2019-08-27T23:00+02:00,6757,4536,370,1856,11590
2019-08-28T00:00+02:00,6635,3906,365,1793,11113
2019-08-28T01:00+02:00,6545,3346,366,1643,10651
2019-08-28T02:00+02:00,6485,2984,374,1545,10596
2019-08-28T03:00+02:00,6487,3030,377,1399,10706
2019-08-28T04:00+02:00,6488,3462,376,1325,10880
2019-08-28T05:00+02:00,6489,5163,379,1258,11385
2019-08-28T06:00+02:00,6488,7307,388,1203,12609
2019-08-28T07:00+02:00,6487,8878,407,1097,14109
2019-08-28T08:00+02:00,6482,9390,452,986,14558
2019-08-28T09:00+02:00,6480,9512,457,927,14998
2019-08-28T10:00+02:00,6480,9453,492,871,15139
2019-08-28T11:00+02:00,6475,9313,506,962,15176
2019-08-28T12:00+02:00,6470,8827,512,1102,14965
2019-08-28T13:00+02:00,6469,8545,510,1386,14841
2019-08-28T14:00+02:00,6466,8429,505,1641,15025
2019-08-28T15:00+02:00,6466,8535,482,1673,14858
2019-08-28T16:00+02:00,6467,8531,466,1643,14603
2019-08-28T17:00+02:00,6463,8406,446,1757,14609
2019-08-28T18:00+02:00,6459,8040,438,1871,14429
2019-08-28T19:00+02:00,6455,7730,377,2019,13968
2019-08-28T20:00+02:00,6461,7623,390,2216,13693
2019-08-28T21:00+02:00,6466,6937,365,2402,13137
2019-08-28T22:00+02:00,6471,5603,357,2539,12243
2019-08-28T23:00+02:00,6473,4580,344,2503,11300
2019-08-29T00:00+02:00,6473,3464,358,2391,10521
2019-08-29T01:00+02:00,6475,2708,349,2400,10200
2019-08-29T02:00+02:00,6472,2589,341,2361,10244
2019-08-29T03:00+02:00,6473,2587,337,2396,10540
2019-08-29T04:00+02:00,6476,2638,342,2171,10796
2019-08-29T05:00+02:00,6476,3782,340,1993,11146
2019-08-29T06:00+02:00,6474,6577,336,1812,12762
2019-08-29T07:00+02:00,6472,8149,351,1652,14293
2019-08-29T08:00+02:00,6466,8528,375,1544,14938
2019-08-29T09:00+02:00,6538,8573,414,1518,15085
2019-08-29T10:00+02:00,6681,8491,432,1642,15400
2019-08-29T11:00+02:00,6692,8271,439,1832,15656
2019-08-29T12:00+02:00,6689,7984,445,1913,15492
2019-08-29T13:00+02:00,6687,7362,440,2173,15796
2019-08-29T14:00+02:00,6685,6979,414,2359,15631
2019-08-29T15:00+02:00,6684,6535,330,2374,15380
2019-08-29T16:00+02:00,6684,6361,313,2418,14768
2019-08-29T17:00+02:00,6686,7059,287,2501,14963
2019-08-29T18:00+02:00,6686,7015,256,2587,14318
2019-08-29T19:00+02:00,6687,6854,261,2625,14324
2019-08-29T20:00+02:00,6685,6794,328,2819,14574
2019-08-29T21:00+02:00,6694,6358,338,2742,13585
2019-08-29T22:00+02:00,6700,4855,338,2717,12776
2019-08-29T23:00+02:00,6700,3880,336,2716,11809
2019-08-30T00:00+02:00,6696,3497,353,2618,11303
2019-08-30T01:00+02:00,6699,2616,351,2546,11012
2019-08-30T02:00+02:00,6635,2588,349,2457,11026
2019-08-30T03:00+02:00,6445,2584,345,2371,11049
2019-08-30T04:00+02:00,6263,2758,367,2118,10998
2019-08-30T05:00+02:00,6219,4321,367,2031,11894
2019-08-30T06:00+02:00,5952,6795,347,1879,13543
2019-08-30T07:00+02:00,5922,8390,347,1685,14408
2019-08-30T08:00+02:00,5927,8747,381,1497,14795
2019-08-30T09:00+02:00,5636,8775,414,1530,15307
2019-08-30T10:00+02:00,5549,8829,439,1604,15572
2019-08-30T11:00+02:00,5574,7653,438,1723,14891
2019-08-30T12:00+02:00,5597,6717,449,1921,14465
2019-08-30T13:00+02:00,5621,6412,425,2167,14411
2019-08-30T14:00+02:00,5650,6072,408,2323,14020
2019-08-30T15:00+02:00,5670,5916,404,2235,13832
2019-08-30T16:00+02:00,5688,6237,431,2340,13986
2019-08-30T17:00+02:00,5706,7866,432,2168,14064
2019-08-30T18:00+02:00,5728,7787,414,2119,13832
2019-08-30T19:00+02:00,5751,7641,398,2148,13398
2019-08-30T20:00+02:00,5773,7419,401,2261,13130
2019-08-30T21:00+02:00,5796,6882,404,2561,12339
2019-08-30T22:00+02:00,5802,5737,399,2946,11722
2019-08-30T23:00+02:00,5801,4421,392,3138,11028
2019-08-31T00:00+02:00,5806,3798,403,3121,10783
2019-08-31T01:00+02:00,5813,2428,401,3287,10331
2019-08-31T02:00+02:00,5834,2340,404,3261,10198
2019-08-31T03:00+02:00,5837,2327,406,3273,10198
2019-08-31T04:00+02:00,5842,2351,402,3146,10087
2019-08-31T05:00+02:00,5849,2326,399,2939,10163
2019-08-31T06:00+02:00,5847,2587,397,2885,10366
2019-08-31T07:00+02:00,5840,3210,412,2584,10957
2019-08-31T08:00+02:00,5837,3951,432,2317,11812
2019-08-31T09:00+02:00,5845,4502,463,2146,12621
2019-08-31T10:00+02:00,5852,4501,495,2010,12949
2019-08-31T11:00+02:00,5852,4589,525,1945,13126
2019-08-31T12:00+02:00,5849,4307,546,1790,12867
2019-08-31T13:00+02:00,5850,4059,556,1902,12765
2019-08-31T14:00+02:00,5850,3976,550,1854,12539
2019-08-31T15:00+02:00,5849,4048,537,1770,12371
2019-08-31T16:00+02:00,5849,4153,505,1859,12538
2019-08-31T17:00+02:00,5851,4806,474,1808,12563
2019-08-31T18:00+02:00,5849,6444,447,1762,12883
2019-08-31T19:00+02:00,5853,6914,425,1964,12646
2019-08-31T20:00+02:00,5856,6767,400,2160,12482
2019-08-31T21:00+02:00,5861,6251,401,2459,11941
2019-08-31T22:00+02:00,5868,4831,431,2786,11307
2019-08-31T23:00+02:00,5870,3132,406,3015,10609
2019-09-01T00:00+02:00,5875,1932,392,3121,10263
2019-09-01T01:00+02:00,5874,1857,419,3173,9971
2019-09-01T02:00+02:00,5876,1832,419,3213,9652
2019-09-01T03:00+02:00,5877,1816,391,3291,9744
2019-09-01T04:00+02:00,5877,1778,392,3326,9618
2019-09-01T05:00+02:00,5878,1858,391,3305,9538
2019-09-01T06:00+02:00,5874,2016,394,3139,9747
2019-09-01T07:00+02:00,5873,2179,407,3230,10859
2019-09-01T08:00+02:00,5858,2466,432,2968,11573
2019-09-01T09:00+02:00,5842,3053,461,3029,12399
2019-09-01T10:00+02:00,5842,3246,487,3154,12875
2019-09-01T11:00+02:00,5845,3314,505,3420,12982
2019-09-01T12:00+02:00,5845,3281,510,3714,13096
2019-09-01T13:00+02:00,5842,3101,508,3945,13240
2019-09-01T14:00+02:00,5840,2822,505,3971,13209
2019-09-01T15:00+02:00,5833,2862,489,3825,13221
2019-09-01T16:00+02:00,5830,2987,459,3666,13145
2019-09-01T17:00+02:00,5832,3116,432,3476,13424
2019-09-01T18:00+02:00,5838,3863,409,3352,13340
2019-09-01T19:00+02:00,5845,4991,389,3058,12979
2019-09-01T20:00+02:00,5851,6093,371,3067,13337
2019-09-01T21:00+02:00,5855,5591,367,2992,12933
2019-09-01T22:00+02:00,5860,4561,366,3057,12347
2019-09-01T23:00+02:00,5861,3301,381,2924,11709
2019-09-02T00:00+02:00,5865,2344,406,2707,11286
2019-09-02T01:00+02:00,5868,2088,406,2578,10918
2019-09-02T02:00+02:00,5870,2069,404,2356,10847
2019-09-02T03:00+02:00,5875,2095,407,2206,10686
2019-09-02T04:00+02:00,5879,2173,409,2088,10674
2019-09-02T05:00+02:00,5883,3180,415,2070,11370
2019-09-02T06:00+02:00,5886,6094,414,2019,12866
2019-09-02T07:00+02:00,5888,8379,416,1778,14187
2019-09-02T08:00+02:00,5891,8784,454,1650,14678
2019-09-02T09:00+02:00,5897,8890,475,1648,14792
2019-09-02T10:00+02:00,5901,8915,493,1741,14892
2019-09-02T11:00+02:00,5903,8792,498,1794,15096
2019-09-02T12:00+02:00,5902,8024,513,1892,14879
2019-09-02T13:00+02:00,5906,7416,507,1967,14794
2019-09-02T14:00+02:00,5908,7277,523,2099,14623
2019-09-02T15:00+02:00,5907,7282,520,2148,14713
2019-09-02T16:00+02:00,5905,7304,506,2206,14499
2019-09-02T17:00+02:00,5904,8596,490,2177,14781
2019-09-02T18:00+02:00,5911,8762,466,2075,14569
2019-09-02T19:00+02:00,5916,8717,436,2018,14526
2019-09-02T20:00+02:00,5918,8524,443,2066,14706
2019-09-02T21:00+02:00,5922,7959,428,2060,13778
2019-09-02T22:00+02:00,5925,7043,402,2113,12749
2019-09-02T23:00+02:00,5927,4674,396,2230,11898
2019-09-03T00:00+02:00,5927,3805,409,2159,11759
2019-09-03T01:00+02:00,5930,3178,413,1917,11208
2019-09-03T02:00+02:00,5931,3126,405,1775,11125
2019-09-03T03:00+02:00,5932,3203,405,1824,11177
2019-09-03T04:00+02:00,5933,3560,400,1843,11199
2019-09-03T05:00+02:00,5931,4324,410,1943,11668
2019-09-03T06:00+02:00,5933,6338,413,2024,12977
2019-09-03T07:00+02:00,5926,8406,440,2045,14362
2019-09-03T08:00+02:00,5924,8775,457,2009,14940
2019-09-03T09:00+02:00,5921,8435,482,2199,15383
2019-09-03T10:00+02:00,5919,8235,505,2372,15390
2019-09-03T11:00+02:00,5914,7786,526,2508,15456
2019-09-03T12:00+02:00,5823,7660,546,2478,15164
2019-09-03T13:00+02:00,5902,7399,526,2496,15131
2019-09-03T14:00+02:00,5908,7310,537,2487,14951
2019-09-03T15:00+02:00,5907,7340,507,2342,14906
2019-09-03T16:00+02:00,5906,7228,487,2210,14689
2019-09-03T17:00+02:00,5903,7958,454,2134,14619
2019-09-03T18:00+02:00,5902,8835,451,2052,14507
2019-09-03T19:00+02:00,5905,8833,446,1986,14164
2019-09-03T20:00+02:00,5907,8706,442,2113,14258
2019-09-03T21:00+02:00,5910,8035,457,2342,13737
2019-09-03T22:00+02:00,5911,7100,459,2442,12744
2019-09-03T23:00+02:00,5913,5013,443,2545,11830
2019-09-04T00:00+02:00,5914,3880,449,2539,11115
2019-09-04T01:00+02:00,5914,3182,451,2575,10901
2019-09-04T02:00+02:00,5917,3111,448,2468,10913
2019-09-04T03:00+02:00,5918,3130,451,2361,10990
2019-09-04T04:00+02:00,5916,3462,450,2215,11001
2019-09-04T05:00+02:00,5915,4617,448,2111,11737
2019-09-04T06:00+02:00,5913,7501,473,1917,13162
2019-09-04T07:00+02:00,5915,8961,485,1635,14624
2019-09-04T08:00+02:00,5917,9623,508,1286,15415
2019-09-04T09:00+02:00,5919,9734,524,1090,15637
2019-09-04T10:00+02:00,5921,9773,521,888,15534
2019-09-04T11:00+02:00,5921,9782,536,870,15593
2019-09-04T12:00+02:00,5919,9344,533,1014,15420
2019-09-04T13:00+02:00,5920,9024,508,1135,15102
2019-09-04T14:00+02:00,5921,8662,505,1341,15078
2019-09-04T15:00+02:00,5916,8476,492,1546,15084
2019-09-04T16:00+02:00,5910,8252,489,1686,14937
2019-09-04T17:00+02:00,5908,8243,498,1862,15203
2019-09-04T18:00+02:00,5910,8157,484,2043,15097
2019-09-04T19:00+02:00,5909,8707,481,2303,14916
2019-09-04T20:00+02:00,5911,8655,482,2627,14799
2019-09-04T21:00+02:00,5911,7379,469,2881,13692
2019-09-04T22:00+02:00,5914,5240,468,3074,12641
2019-09-04T23:00+02:00,5915,4499,475,3186,12040
2019-09-05T00:00+02:00,5917,3219,467,3219,11623
2019-09-05T01:00+02:00,5917,2510,474,3126,11239
2019-09-05T02:00+02:00,5915,2459,471,3239,11146
2019-09-05T03:00+02:00,5916,2491,473,3291,11156
2019-09-05T04:00+02:00,5916,2581,476,3351,11262
2019-09-05T05:00+02:00,5916,3549,475,3399,11939
2019-09-05T06:00+02:00,5914,5169,468,3406,13127
2019-09-05T07:00+02:00,5912,7514,476,3231,14582
2019-09-05T08:00+02:00,5910,8379,505,3226,15144
2019-09-05T09:00+02:00,5909,7691,524,3264,15026
2019-09-05T10:00+02:00,5911,6557,571,3384,14841
2019-09-05T11:00+02:00,5911,6513,561,3485,15086
2019-09-05T12:00+02:00,5911,6229,556,3562,15100
2019-09-05T13:00+02:00,5906,6016,548,3504,14951
2019-09-05T14:00+02:00,5902,5720,535,3340,14820
2019-09-05T15:00+02:00,5898,5633,528,3407,14626
2019-09-05T16:00+02:00,5896,5552,518,3498,14658
2019-09-05T17:00+02:00,5897,5966,511,3597,15140
2019-09-05T18:00+02:00,5893,6447,492,3484,14922
2019-09-05T19:00+02:00,5892,7324,487,3318,14720
2019-09-05T20:00+02:00,5892,7448,478,3325,14718
2019-09-05T21:00+02:00,5897,6578,465,3406,13898
2019-09-05T22:00+02:00,5904,4925,469,3517,12982
2019-09-05T23:00+02:00,5910,3608,475,3661,12015
2019-09-06T00:00+02:00,5917,3001,499,3705,11607
2019-09-06T01:00+02:00,5922,2576,494,3730,11580
2019-09-06T02:00+02:00,5925,2552,502,3575,11343
2019-09-06T03:00+02:00,5929,2523,504,3567,11279
2019-09-06T04:00+02:00,5932,2712,511,3474,11245
2019-09-06T05:00+02:00,5937,3726,513,3513,11969
2019-09-06T06:00+02:00,5940,5625,519,3262,13372
2019-09-06T07:00+02:00,5940,7815,535,3081,15092
2019-09-06T08:00+02:00,5941,8906,567,2838,15717
2019-09-06T09:00+02:00,5945,8913,604,2740,15675
2019-09-06T10:00+02:00,5944,8266,621,2564,15419
2019-09-06T11:00+02:00,5946,7709,621,2640,15155
2019-09-06T12:00+02:00,5944,7141,607,2548,14763
2019-09-06T13:00+02:00,5945,6881,585,2574,14781
2019-09-06T14:00+02:00,5938,6565,562,2617,14367
2019-09-06T15:00+02:00,5933,6346,551,2479,14016
2019-09-06T16:00+02:00,5933,6331,525,2416,13792
2019-09-06T17:00+02:00,5931,6646,502,2274,5065
2019-09-06T18:00+02:00,5928,7499,512,2098,14035
2019-09-06T19:00+02:00,5926,7538,512,2183,13881
2019-09-06T20:00+02:00,5928,7320,508,2260,13518
2019-09-06T21:00+02:00,5924,6717,512,2478,12930
2019-09-06T22:00+02:00,5927,5979,514,2574,12398
2019-09-06T23:00+02:00,5931,5059,508,2496,11939
2019-09-07T00:00+02:00,5931,3370,493,2402,11394
2019-09-07T01:00+02:00,5935,2856,495,2310,11138
2019-09-07T02:00+02:00,5936,2734,500,2100,10861
2019-09-07T03:00+02:00,5937,2758,488,2080,10972
2019-09-07T04:00+02:00,5937,2787,489,2064,11063
2019-09-07T05:00+02:00,5936,2976,493,1915,11134
2019-09-07T06:00+02:00,5936,3934,492,1771,11236
2019-09-07T07:00+02:00,5937,5902,496,1684,11910
2019-09-07T08:00+02:00,5935,7030,524,1626,12803
2019-09-07T09:00+02:00,5934,7835,549,1476,13382
2019-09-07T10:00+02:00,5918,8011,575,1382,13553
2019-09-07T11:00+02:00,5930,7911,578,1304,13405
2019-09-07T12:00+02:00,5929,7521,584,1282,13135
2019-09-07T13:00+02:00,5926,7000,581,1313,12996
2019-09-07T14:00+02:00,5927,6451,571,1257,12644
2019-09-07T15:00+02:00,5923,6331,568,1201,12469
2019-09-07T16:00+02:00,5921,6726,544,1130,12664
2019-09-07T17:00+02:00,5917,7579,524,1014,12912
2019-09-07T18:00+02:00,5914,7954,512,989,13061
2019-09-07T19:00+02:00,5914,7876,487,1013,12995
2019-09-07T20:00+02:00,5912,7905,461,997,13219
2019-09-07T21:00+02:00,5915,7509,457,936,12595
2019-09-07T22:00+02:00,5916,7074,455,902,12142
2019-09-07T23:00+02:00,5919,5977,442,893,11479
2019-09-08T00:00+02:00,5923,5216,412,867,11149
2019-09-08T01:00+02:00,5925,3869,406,876,10898
2019-09-08T02:00+02:00,5928,3599,408,740,10753
2019-09-08T03:00+02:00,5929,3608,416,671,10735
2019-09-08T04:00+02:00,5931,3639,419,670,10753
2019-09-08T05:00+02:00,5933,3700,405,629,10815
2019-09-08T06:00+02:00,5934,4142,400,612,10803
2019-09-08T07:00+02:00,5935,5318,408,573,11192
2019-09-08T08:00+02:00,5933,6017,432,507,11943
2019-09-08T09:00+02:00,5927,7234,472,406,12678
2019-09-08T10:00+02:00,5923,7293,494,310,12791
2019-09-08T11:00+02:00,5924,7336,510,287,12968
2019-09-08T12:00+02:00,5924,6716,521,281,12943
2019-09-08T13:00+02:00,5925,6530,536,279,12746
2019-09-08T14:00+02:00,5926,6475,528,317,12666
2019-09-08T15:00+02:00,5925,6823,503,374,12797
2019-09-08T16:00+02:00,5922,6899,446,418,12978
2019-09-08T17:00+02:00,5923,8525,408,466,13417
2019-09-08T18:00+02:00,5921,8898,397,535,13704
2019-09-08T19:00+02:00,5923,8912,381,688,13594
2019-09-08T20:00+02:00,5923,8693,375,854,13574
2019-09-08T21:00+02:00,5922,8341,367,1016,12826
2019-09-08T22:00+02:00,5918,7541,368,1132,12147
2019-09-08T23:00+02:00,5919,6754,358,1150,11501
2019-09-09T00:00+02:00,5916,6273,396,1140,11343
2019-09-09T01:00+02:00,5918,5706,394,1145,11033
2019-09-09T02:00+02:00,5920,4363,394,1133,10974
2019-09-09T03:00+02:00,5919,4145,440,1111,10941
2019-09-09T04:00+02:00,5918,4893,444,1104,11284
2019-09-09T05:00+02:00,5915,6386,452,1083,11864
2019-09-09T06:00+02:00,5911,7894,461,1066,13500
2019-09-09T07:00+02:00,5908,9135,472,1057,14901
2019-09-09T08:00+02:00,5903,9711,490,988,15720
2019-09-09T09:00+02:00,5907,9869,490,908,15700
2019-09-09T10:00+02:00,5914,9968,449,827,15790
2019-09-09T11:00+02:00,5913,10001,481,768,15786
2019-09-09T12:00+02:00,5913,10067,487,778,15564
2019-09-09T13:00+02:00,5912,9989,473,780,15416
2019-09-09T14:00+02:00,5912,9938,498,776,15339
2019-09-09T15:00+02:00,5911,9859,464,761,15228
2019-09-09T16:00+02:00,5907,9922,428,753,15145
2019-09-09T17:00+02:00,5907,9907,403,809,15134
2019-09-09T18:00+02:00,5909,9829,407,1002,14765
2019-09-09T19:00+02:00,5908,9767,393,1177,14683
2019-09-09T20:00+02:00,5909,9639,398,1373,14629
2019-09-09T21:00+02:00,5911,9062,404,1391,13788
2019-09-09T22:00+02:00,5913,8253,395,1358,12923
2019-09-09T23:00+02:00,5910,6913,397,1365,11983
2019-09-10T00:00+02:00,5910,4739,386,1487,11461
2019-09-10T01:00+02:00,5913,4068,383,1391,11171
2019-09-10T02:00+02:00,5915,3841,385,1444,11099
2019-09-10T03:00+02:00,5915,3806,391,1386,10903
2019-09-10T04:00+02:00,5916,3980,391,1451,11236
2019-09-10T05:00+02:00,5914,5120,395,1523,11945
2019-09-10T06:00+02:00,5909,8002,401,1491,13349
2019-09-10T07:00+02:00,5909,8891,408,1503,14637
2019-09-10T08:00+02:00,5907,9345,420,1483,14817
2019-09-10T09:00+02:00,5899,9350,443,1513,15113
2019-09-10T10:00+02:00,5906,8553,461,1645,15221
2019-09-10T11:00+02:00,5904,8320,472,1623,15257
2019-09-10T12:00+02:00,5897,8031,468,1519,14984
2019-09-10T13:00+02:00,5893,7993,471,1456,14875
2019-09-10T14:00+02:00,5895,7972,469,1485,14798
2019-09-10T15:00+02:00,5894,8124,458,1388,14715
2019-09-10T16:00+02:00,5894,8206,437,1398,14741
2019-09-10T17:00+02:00,5891,9332,416,1343,14992
2019-09-10T18:00+02:00,5891,9162,410,1480,14551
2019-09-10T19:00+02:00,5891,9112,399,1612,14741
2019-09-10T20:00+02:00,5894,8977,385,1778,14777
2019-09-10T21:00+02:00,5896,8533,375,1672,13859
2019-09-10T22:00+02:00,5899,7666,372,1683,12981
2019-09-10T23:00+02:00,5899,5177,364,1642,11880
2019-09-11T00:00+02:00,5900,4180,370,1570,11325
2019-09-11T01:00+02:00,5901,3294,374,1573,10925
2019-09-11T02:00+02:00,5901,3108,382,1654,10681
2019-09-11T03:00+02:00,5902,3088,382,1747,10623
2019-09-11T04:00+02:00,5902,3263,366,1861,10783
2019-09-11T05:00+02:00,5901,4519,381,2011,11583
2019-09-11T06:00+02:00,5898,7511,398,2037,13122
2019-09-11T07:00+02:00,5896,8981,406,2020,14492
2019-09-11T08:00+02:00,5894,9354,437,2064,15046
2019-09-11T09:00+02:00,5894,9157,474,2238,14911
2019-09-11T10:00+02:00,5891,8260,493,2556,15244
2019-09-11T11:00+02:00,5894,7079,511,2878,14886
2019-09-11T12:00+02:00,5894,6389,526,3051,14581
2019-09-11T13:00+02:00,5891,6121,515,3299,14484
2019-09-11T14:00+02:00,5891,5821,501,3535,14346
2019-09-11T15:00+02:00,5892,5653,472,3823,14670
2019-09-11T16:00+02:00,5891,5553,467,3988,14416
2019-09-11T17:00+02:00,5887,5957,400,4071,14447
2019-09-11T18:00+02:00,5885,7006,418,4105,14454
2019-09-11T19:00+02:00,5881,7059,393,4266,14521
2019-09-11T20:00+02:00,5882,7000,429,4474,14317
2019-09-11T21:00+02:00,5886,6374,431,4486,13401
2019-09-11T22:00+02:00,5891,5246,442,4520,12451
2019-09-11T23:00+02:00,5894,3982,448,4389,11770
2019-09-12T00:00+02:00,5895,3500,466,4144,11320
2019-09-12T01:00+02:00,5896,2859,467,3892,11095
2019-09-12T02:00+02:00,5897,2771,474,3768,11094
2019-09-12T03:00+02:00,5898,2791,470,3480,11003
2019-09-12T04:00+02:00,5897,2902,463,3395,11156
2019-09-12T05:00+02:00,5895,4446,465,3415,11729
2019-09-12T06:00+02:00,5894,6619,463,3434,13236
2019-09-12T07:00+02:00,5893,7796,474,3383,14595
2019-09-12T08:00+02:00,5894,8422,495,3345,15215
2019-09-12T09:00+02:00,5892,8342,541,3282,15056
2019-09-12T10:00+02:00,5892,8149,563,3423,14935
2019-09-12T11:00+02:00,5889,8016,564,3511,14514
2019-09-12T12:00+02:00,5888,7740,568,3626,14507
2019-09-12T13:00+02:00,5888,7089,560,3810,14563
2019-09-12T14:00+02:00,5888,6409,550,3886,14204
2019-09-12T15:00+02:00,5888,6377,526,4048,14351
2019-09-12T16:00+02:00,5884,6340,511,4187,14692
2019-09-12T17:00+02:00,5884,7344,485,3999,14402
2019-09-12T18:00+02:00,5887,7484,471,3816,14125
2019-09-12T19:00+02:00,5892,7507,463,4011,14322
2019-09-12T20:00+02:00,5896,7452,401,4136,14297
2019-09-12T21:00+02:00,5902,6964,398,4195,13641
2019-09-12T22:00+02:00,5903,5581,407,4215,12624
2019-09-12T23:00+02:00,5905,4319,424,4103,12005
2019-09-13T00:00+02:00,5909,3381,414,3955,11076
2019-09-13T01:00+02:00,5912,2860,413,3842,10566
2019-09-13T02:00+02:00,5912,2780,413,3920,10504
2019-09-13T03:00+02:00,5915,2783,409,3864,10573
2019-09-13T04:00+02:00,5915,2762,410,3803,10690
2019-09-13T05:00+02:00,5916,3778,425,3774,11355
2019-09-13T06:00+02:00,5913,5921,434,3772,12827
2019-09-13T07:00+02:00,5909,6800,438,3643,14496
2019-09-13T08:00+02:00,5904,7597,460,3585,14981
2019-09-13T09:00+02:00,5905,7444,487,3890,15055
2019-09-13T10:00+02:00,5905,7225,516,4129,14706
2019-09-13T11:00+02:00,5907,6645,543,4306,14466
2019-09-13T12:00+02:00,5907,5879,528,4575,14207
2019-09-13T13:00+02:00,5910,5752,527,4657,14187
2019-09-13T14:00+02:00,5909,5355,549,4846,13756
2019-09-13T15:00+02:00,5907,4944,518,5033,13693
2019-09-13T16:00+02:00,5907,4950,499,5065,13730
2019-09-13T17:00+02:00,5905,5014,465,5021,13732
2019-09-13T18:00+02:00,5904,5526,439,4824,14068
2019-09-13T19:00+02:00,5902,5804,448,4767,14186
2019-09-13T20:00+02:00,5900,5767,450,4523,13513
2019-09-13T21:00+02:00,5902,5346,456,4568,12822
2019-09-13T22:00+02:00,5903,4563,441,4480,12156
2019-09-13T23:00+02:00,5904,3668,440,4477,11530
2019-09-14T00:00+02:00,5905,2639,464,4404,11110
2019-09-14T01:00+02:00,5908,2533,458,4360,10844
2019-09-14T02:00+02:00,5909,2495,468,4263,10845
2019-09-14T03:00+02:00,5911,2513,479,4318,11002
2019-09-14T04:00+02:00,5914,2566,488,4174,11049
2019-09-14T05:00+02:00,5913,2623,490,4021,11127
2019-09-14T06:00+02:00,5915,3078,490,3776,11380
2019-09-14T07:00+02:00,5915,4071,496,3577,11916
2019-09-14T08:00+02:00,5914,5461,610,3310,12928
2019-09-14T09:00+02:00,5914,5832,567,3325,13503
2019-09-14T10:00+02:00,5915,5909,595,3308,13341
2019-09-14T11:00+02:00,5911,5020,602,3263,13126
2019-09-14T12:00+02:00,5905,4400,597,3301,12841
2019-09-14T13:00+02:00,5906,3804,586,3386,12472
2019-09-14T14:00+02:00,5903,3682,576,3334,12458
2019-09-14T15:00+02:00,5902,3798,566,3199,12314
2019-09-14T16:00+02:00,5901,4266,536,3140,12809
2019-09-14T17:00+02:00,5899,5721,510,3035,13539
2019-09-14T18:00+02:00,5896,6131,476,2884,13511
2019-09-14T19:00+02:00,5896,6144,477,2877,13436
2019-09-14T20:00+02:00,5899,5938,486,3162,13130
2019-09-14T21:00+02:00,5900,5089,477,3461,12263
2019-09-14T22:00+02:00,5900,4140,475,3924,11933
2019-09-14T23:00+02:00,5902,3057,471,4323,11293
2019-09-15T00:00+02:00,5901,2485,476,4663,10893
2019-09-15T01:00+02:00,5902,2331,482,5046,10890
2019-09-15T02:00+02:00,5904,2253,485,5239,10816
2019-09-15T03:00+02:00,5900,2192,484,5177,10522
2019-09-15T04:00+02:00,5894,2188,481,5073,10440
2019-09-15T05:00+02:00,5893,2217,483,5060,10927
2019-09-15T06:00+02:00,5890,2314,474,4904,11241
2019-09-15T07:00+02:00,5889,2429,468,4628,11393
2019-09-15T08:00+02:00,5885,2845,483,4429,11972
2019-09-15T09:00+02:00,5881,2935,499,4468,12757
2019-09-15T10:00+02:00,5875,3030,520,4563,13146
2019-09-15T11:00+02:00,5873,2973,549,4634,13461
2019-09-15T12:00+02:00,5874,2930,557,4719,13566
2019-09-15T13:00+02:00,5876,2866,566,4716,13276
2019-09-15T14:00+02:00,5877,2825,563,4710,12845
2019-09-15T15:00+02:00,5877,2801,549,4756,12922
2019-09-15T16:00+02:00,5876,2993,527,4715,13112
2019-09-15T17:00+02:00,5874,4186,513,4712,13701
2019-09-15T18:00+02:00,5876,4717,489,4564,13923
2019-09-15T19:00+02:00,5877,4992,487,4448,14198
2019-09-15T20:00+02:00,5881,4874,484,4554,14097
2019-09-15T21:00+02:00,5883,4087,490,4713,13392
2019-09-15T22:00+02:00,5887,3660,485,4753,12822
2019-09-15T23:00+02:00,5890,2962,486,4773,12293
2019-09-16T00:00+02:00,5893,2562,523,4800,11799
2019-09-16T01:00+02:00,5893,2479,523,4763,11522
2019-09-16T02:00+02:00,5897,2467,526,4692,11332
2019-09-16T03:00+02:00,5897,2441,525,4700,11433
2019-09-16T04:00+02:00,5899,2493,523,4622,11666
2019-09-16T05:00+02:00,5900,3208,533,4519,12338
2019-09-16T06:00+02:00,5900,5524,532,4398,14081
2019-09-16T07:00+02:00,5900,7497,538,4170,15453
2019-09-16T08:00+02:00,5900,8226,545,3936,15801
2019-09-16T09:00+02:00,5899,8364,555,3792,15829
2019-09-16T10:00+02:00,5901,8399,555,3724,15628
2019-09-16T11:00+02:00,5901,8271,565,3611,15709
2019-09-16T12:00+02:00,5898,8063,595,3552,15724
2019-09-16T13:00+02:00,5898,7928,589,3448,15548
2019-09-16T14:00+02:00,5895,7962,571,3436,15572
2019-09-16T15:00+02:00,5895,7937,563,3323,15321
2019-09-16T16:00+02:00,5895,8028,517,3239,15185
2019-09-16T17:00+02:00,5897,8418,492,3151,15769
2019-09-16T18:00+02:00,5898,8494,505,3045,15948
2019-09-16T19:00+02:00,5897,8550,476,2961,15971
2019-09-16T20:00+02:00,5897,8341,469,2981,15573
2019-09-16T21:00+02:00,5899,7815,435,2992,14333
2019-09-16T22:00+02:00,5900,6836,424,2984,13522
2019-09-16T23:00+02:00,5899,5277,439,2969,12857
2019-09-17T00:00+02:00,5899,4143,433,2944,12297
2019-09-17T01:00+02:00,5900,3381,410,2780,11771
2019-09-17T02:00+02:00,5899,3099,408,2672,11854
2019-09-17T03:00+02:00,5900,3176,405,2658,11956
2019-09-17T04:00+02:00,5901,3399,408,2644,12434
2019-09-17T05:00+02:00,5901,4839,385,2588,13084
2019-09-17T06:00+02:00,5899,7671,402,2534,14649
2019-09-17T07:00+02:00,5896,8968,416,2568,15884
2019-09-17T08:00+02:00,5895,9522,438,2443,16181
2019-09-17T09:00+02:00,5893,9966,521,2404,16472
2019-09-17T10:00+02:00,5893,8931,548,2372,16139
2019-09-17T11:00+02:00,5894,8419,548,2343,16206
2019-09-17T12:00+02:00,5894,7990,583,2339,15797
2019-09-17T13:00+02:00,5893,7880,607,2489,15560
2019-09-17T14:00+02:00,5889,7676,577,2603,15536
2019-09-17T15:00+02:00,5887,7507,552,2697,15553
2019-09-17T16:00+02:00,5887,7480,531,2878,15726
2019-09-17T17:00+02:00,5886,7637,516,2904,15934
2019-09-17T18:00+02:00,5888,8061,491,2872,15741
2019-09-17T19:00+02:00,5886,8933,482,2797,16045
2019-09-17T20:00+02:00,5885,8940,457,2905,15681
2019-09-17T21:00+02:00,5885,7623,462,2984,14658
2019-09-17T22:00+02:00,5888,5343,457,3019,13587
2019-09-17T23:00+02:00,5889,4383,459,2887,12616
2019-09-18T00:00+02:00,5891,3761,476,2967,12297
2019-09-18T01:00+02:00,5892,3256,469,2919,11916
2019-09-18T02:00+02:00,5891,3164,485,2917,11728
2019-09-18T03:00+02:00,5892,3216,485,2799,11928
2019-09-18T04:00+02:00,5891,3698,476,2766,12013
2019-09-18T05:00+02:00,5891,4833,496,2736,12726
2019-09-18T06:00+02:00,5889,7731,517,2533,14571
2019-09-18T07:00+02:00,5886,9709,537,2374,16144
2019-09-18T08:00+02:00,5885,9907,603,2098,16649
2019-09-18T09:00+02:00,5886,9914,644,1882,16676
2019-09-18T10:00+02:00,5883,8905,660,1807,16423
2019-09-18T11:00+02:00,5881,8482,700,1778,16022
2019-09-18T12:00+02:00,5882,8190,709,1828,15783
2019-09-18T13:00+02:00,5880,8059,719,2010,15591
2019-09-18T14:00+02:00,5880,8039,674,2000,15286
2019-09-18T15:00+02:00,5880,7988,636,2036,14996
2019-09-18T16:00+02:00,5880,7589,609,2131,14926
2019-09-18T17:00+02:00,5879,8940,597,2075,15484
2019-09-18T18:00+02:00,5880,9602,584,2243,15853
2019-09-18T19:00+02:00,5879,9555,592,2362,15927
2019-09-18T20:00+02:00,5879,9309,632,2700,15535
2019-09-18T21:00+02:00,5880,8590,624,2955,14642
2019-09-18T22:00+02:00,5881,7547,634,3269,13666
2019-09-18T23:00+02:00,5881,5854,647,3423,12684
2019-09-19T00:00+02:00,5882,4232,661,3515,12030
2019-09-19T01:00+02:00,5882,3487,665,3615,11942
2019-09-19T02:00+02:00,5882,3397,662,3672,11854
2019-09-19T03:00+02:00,5883,3410,677,3650,11878
2019-09-19T04:00+02:00,5882,3534,686,3548,11968
2019-09-19T05:00+02:00,5881,5509,699,3514,12782
2019-09-19T06:00+02:00,5878,7798,710,3502,14568
2019-09-19T07:00+02:00,5873,9053,732,3353,16025
2019-09-19T08:00+02:00,5872,9642,789,2877,16573
2019-09-19T09:00+02:00,5870,9865,821,2484,16563
2019-09-19T10:00+02:00,5871,9823,847,2219,16236
2019-09-19T11:00+02:00,5868,9854,866,2178,15955
2019-09-19T12:00+02:00,5864,9513,872,2227,15651
2019-09-19T13:00+02:00,5856,8993,857,2353,15775
2019-09-19T14:00+02:00,5852,8843,867,2404,15408
2019-09-19T15:00+02:00,5851,8950,868,2365,15246
2019-09-19T16:00+02:00,5855,9394,876,2271,15499
2019-09-19T17:00+02:00,5856,9696,867,2127,15973
2019-09-19T18:00+02:00,5854,9871,835,1953,15932
2019-09-19T19:00+02:00,5857,9826,811,1995,16129
2019-09-19T20:00+02:00,5859,9666,802,2072,15888
2019-09-19T21:00+02:00,5861,9205,784,2178,15222
2019-09-19T22:00+02:00,5864,8374,754,2037,14284
2019-09-19T23:00+02:00,5867,7292,729,1986,13556
2019-09-20T00:00+02:00,5868,6796,719,1874,13187
2019-09-20T01:00+02:00,5871,6342,717,1778,12899
2019-09-20T02:00+02:00,5869,5758,713,1607,12621
2019-09-20T03:00+02:00,5868,6204,711,1590,12708
2019-09-20T04:00+02:00,5867,6759,709,1535,12950
2019-09-20T05:00+02:00,5870,7896,717,1492,13572
2019-09-20T06:00+02:00,5871,9369,705,1405,15417
2019-09-20T07:00+02:00,5867,10440,730,1242,16524
2019-09-20T08:00+02:00,5865,10602,778,1022,16734
2019-09-20T09:00+02:00,5863,10719,802,814,16741
2019-09-20T10:00+02:00,5863,10630,790,795,16578
2019-09-20T11:00+02:00,5857,10373,831,824,16128
2019-09-20T12:00+02:00,5857,9262,861,883,15642
2019-09-20T13:00+02:00,5856,8451,849,1052,15128
2019-09-20T14:00+02:00,5854,7500,857,1185,14774
2019-09-20T15:00+02:00,5854,7383,838,1236,14564
2019-09-20T16:00+02:00,5849,8009,823,1398,14662
2019-09-20T17:00+02:00,5851,8400,795,1405,14722
2019-09-20T18:00+02:00,5856,8395,776,1631,14754
2019-09-20T19:00+02:00,5856,8250,769,1923,14646
2019-09-20T20:00+02:00,5847,7874,766,2114,14062
2019-09-20T21:00+02:00,5842,6891,759,2264,13216
2019-09-20T22:00+02:00,5856,6495,751,2338,12643
2019-09-20T23:00+02:00,5861,5165,773,2303,11912
2019-09-21T00:00+02:00,5865,4076,772,2269,11450
2019-09-21T01:00+02:00,5867,3150,756,2222,11018
2019-09-21T02:00+02:00,5867,2973,748,2288,10983
2019-09-21T03:00+02:00,5866,3095,744,2212,10894
2019-09-21T04:00+02:00,5866,3489,732,2249,11048
2019-09-21T05:00+02:00,5865,3738,746,2226,11083
2019-09-21T06:00+02:00,5866,4883,745,2180,11333
2019-09-21T07:00+02:00,5865,5973,751,2114,11640
2019-09-21T08:00+02:00,5863,6672,788,1957,12254
2019-09-21T09:00+02:00,5856,6877,795,1726,12754
2019-09-21T10:00+02:00,5850,5463,822,1629,12689
2019-09-21T11:00+02:00,5854,5376,841,1595,12824
2019-09-21T12:00+02:00,5844,4899,843,1581,12878
2019-09-21T13:00+02:00,5838,4572,849,1562,12803
2019-09-21T14:00+02:00,5838,4501,826,1504,12352
2019-09-21T15:00+02:00,5836,4605,802,1464,12163
2019-09-21T16:00+02:00,5828,4809,767,1358,12106
2019-09-21T17:00+02:00,5791,6816,717,1547,13042
2019-09-21T18:00+02:00,5780,7386,686,1682,13292
2019-09-21T19:00+02:00,5806,7442,679,1804,13511
2019-09-21T20:00+02:00,5815,7282,685,1991,13113
2019-09-21T21:00+02:00,5824,6353,690,2070,12489
2019-09-21T22:00+02:00,5827,5195,694,2029,11890
2019-09-21T23:00+02:00,5835,4114,702,2055,11510
2019-09-22T00:00+02:00,5838,3202,676,1860,10999
2019-09-22T01:00+02:00,5839,2785,672,1678,10860
2019-09-22T02:00+02:00,5840,2695,676,1542,10944
2019-09-22T03:00+02:00,5839,2772,667,1442,10875
2019-09-22T04:00+02:00,5838,3098,676,1440,11001
2019-09-22T05:00+02:00,5837,3109,680,1338,10982
2019-09-22T06:00+02:00,5837,3441,692,1322,11177
2019-09-22T07:00+02:00,5837,3987,709,1219,11374
2019-09-22T08:00+02:00,5832,4698,725,1022,12242
2019-09-22T09:00+02:00,5828,5563,746,862,12938
2019-09-22T10:00+02:00,5832,6102,769,690,13284
2019-09-22T11:00+02:00,5832,6117,792,595,13375
2019-09-22T12:00+02:00,5833,5781,813,645,13297
2019-09-22T13:00+02:00,5830,5447,823,764,13140
2019-09-22T14:00+02:00,5824,5214,806,852,12829
2019-09-22T15:00+02:00,5823,5262,801,971,12715
2019-09-22T16:00+02:00,5821,5411,793,1134,12848
2019-09-22T17:00+02:00,5812,6701,777,1255,13520
2019-09-22T18:00+02:00,5807,8030,764,1455,14017
2019-09-22T19:00+02:00,5804,8135,765,1763,14378
2019-09-22T20:00+02:00,5806,7993,755,2001,13951
2019-09-22T21:00+02:00,5815,6606,744,2227,13147
2019-09-22T22:00+02:00,5825,5659,746,2263,12519
2019-09-22T23:00+02:00,5829,4442,743,2247,11960
2019-09-23T00:00+02:00,5833,3102,711,2149,11619
2019-09-23T01:00+02:00,5835,2895,707,2070,11466
2019-09-23T02:00+02:00,5836,2855,705,1969,11457
2019-09-23T03:00+02:00,5837,2887,653,1926,11595
2019-09-23T04:00+02:00,5839,2964,636,1877,11755
2019-09-23T05:00+02:00,5838,4254,650,1946,12698
2019-09-23T06:00+02:00,5836,7869,674,1831,14682
2019-09-23T07:00+02:00,5836,9560,696,1789,15924
2019-09-23T08:00+02:00,5835,9811,726,1705,16213
2019-09-23T09:00+02:00,5832,10178,752,1728,16355
2019-09-23T10:00+02:00,5832,10215,778,1616,16000
2019-09-23T11:00+02:00,5830,10219,816,1552,15720
2019-09-23T12:00+02:00,5828,9981,838,1506,15781
2019-09-23T13:00+02:00,5823,9832,814,1449,15457
2019-09-23T14:00+02:00,5823,9803,794,1298,14998
2019-09-23T15:00+02:00,5824,9871,796,1197,15149
2019-09-23T16:00+02:00,5824,9922,795,1135,15214
2019-09-23T17:00+02:00,5823,10092,772,1057,15434
2019-09-23T18:00+02:00,5822,10212,749,1048,15545
2019-09-23T19:00+02:00,5821,10254,733,1123,15922
2019-09-23T20:00+02:00,5818,9996,720,1178,15340
2019-09-23T21:00+02:00,5819,9244,718,1160,14612
2019-09-23T22:00+02:00,5821,8450,703,1135,13641
2019-09-23T23:00+02:00,5817,7550,713,1086,12944
2019-09-24T00:00+02:00,5819,6870,696,991,12238
2019-09-24T01:00+02:00,5822,6300,695,908,11879
2019-09-24T02:00+02:00,5824,5852,691,849,11835
2019-09-24T03:00+02:00,5826,6479,697,824,11983
2019-09-24T04:00+02:00,5967,7035,696,797,12037
2019-09-24T05:00+02:00,6168,8111,722,761,12661
2019-09-24T06:00+02:00,6251,9693,735,683,14793
2019-09-24T07:00+02:00,6249,10460,758,642,16094
2019-09-24T08:00+02:00,6285,10539,791,566,16376
2019-09-24T09:00+02:00,6375,10528,827,541,16111
2019-09-24T10:00+02:00,6407,10453,867,479,16005
2019-09-24T11:00+02:00,6432,10231,894,450,15775
2019-09-24T12:00+02:00,6442,10306,890,423,15659
2019-09-24T13:00+02:00,6430,10083,865,424,15469
2019-09-24T14:00+02:00,6435,9779,862,400,15603
2019-09-24T15:00+02:00,6430,9739,834,373,15725
2019-09-24T16:00+02:00,6470,9744,806,348,15457
2019-09-24T17:00+02:00,6472,9916,779,376,15481
2019-09-24T18:00+02:00,6556,10139,737,421,15499
2019-09-24T19:00+02:00,6574,10280,802,506,16021
2019-09-24T20:00+02:00,6563,10139,778,589,15444
2019-09-24T21:00+02:00,6565,9268,756,621,14390
2019-09-24T22:00+02:00,5961,8509,743,618,13759
2019-09-24T23:00+02:00,5827,7117,735,648,12832
2019-09-25T00:00+02:00,5828,5930,729,591,12328
2019-09-25T01:00+02:00,5830,4868,716,600,12134
2019-09-25T02:00+02:00,5833,4855,706,611,11956
2019-09-25T03:00+02:00,5832,5050,706,638,11965
2019-09-25T04:00+02:00,5827,5556,679,674,12031
2019-09-25T05:00+02:00,5824,7649,709,784,12942
2019-09-25T06:00+02:00,5830,9371,720,950,14923
2019-09-25T07:00+02:00,5829,10229,722,1054,16186
2019-09-25T08:00+02:00,5828,10458,734,1061,16337
2019-09-25T09:00+02:00,5829,10288,765,1070,16223
2019-09-25T10:00+02:00,5830,10232,795,1064,16502
2019-09-25T11:00+02:00,5830,10145,800,1085,16436
2019-09-25T12:00+02:00,5826,10097,825,1057,16252
2019-09-25T13:00+02:00,5826,10001,813,1069,15924
2019-09-25T14:00+02:00,5119,9936,799,1080,16482
2019-09-25T15:00+02:00,4942,9979,778,1108,16677
2019-09-25T16:00+02:00,4984,10001,775,1184,15699
2019-09-25T17:00+02:00,5121,10073,759,1290,15506
2019-09-25T18:00+02:00,5295,9955,767,1429,15463
2019-09-25T19:00+02:00,5415,9810,775,1554,15772
2019-09-25T20:00+02:00,5514,9588,800,1762,15675
2019-09-25T21:00+02:00,5638,8974,792,1718,14836
2019-09-25T22:00+02:00,5652,7998,784,1645,13781
2019-09-25T23:00+02:00,5654,6809,765,1613,13107
2019-09-26T00:00+02:00,5652,5493,735,1601,12489
2019-09-26T01:00+02:00,5651,4726,728,1514,12134
2019-09-26T02:00+02:00,5647,4524,714,1486,12062
2019-09-26T03:00+02:00,5641,4582,719,1423,12063
2019-09-26T04:00+02:00,5791,4755,725,1409,12116
2019-09-26T05:00+02:00,5948,6306,738,1454,12773
2019-09-26T06:00+02:00,6102,8478,730,1317,14873
2019-09-26T07:00+02:00,6159,9698,751,1209,16159
2019-09-26T08:00+02:00,6166,9933,799,1003,16271
2019-09-26T09:00+02:00,6183,9969,819,928,16391
2019-09-26T10:00+02:00,6189,9686,795,868,16283
2019-09-26T11:00+02:00,6199,9516,788,787,15733
2019-09-26T12:00+02:00,6310,9277,778,741,15447
2019-09-26T13:00+02:00,6384,8847,790,723,15423
2019-09-26T14:00+02:00,6453,8602,753,688,15161
2019-09-26T15:00+02:00,6455,8430,728,675,15129
2019-09-26T16:00+02:00,6322,8524,718,700,15122
2019-09-26T17:00+02:00,6408,9235,663,758,15287
2019-09-26T18:00+02:00,6498,9290,629,888,15371
2019-09-26T19:00+02:00,6509,9318,628,1094,15592
2019-09-26T20:00+02:00,6519,8587,631,1275,15128
2019-09-26T21:00+02:00,6527,7438,612,1407,14404
2019-09-26T22:00+02:00,6531,5798,600,1455,13311
2019-09-26T23:00+02:00,6533,4741,601,1497,12415
2019-09-27T00:00+02:00,6546,3635,615,1530,12233
2019-09-27T01:00+02:00,6547,3216,608,1604,12171
2019-09-27T02:00+02:00,6558,3207,613,1573,12080
2019-09-27T03:00+02:00,6560,3249,609,1548,12083
2019-09-27T04:00+02:00,6569,3439,600,1623,12281
2019-09-27T05:00+02:00,6569,4656,602,1752,13156
2019-09-27T06:00+02:00,6569,7525,613,1839,14924
2019-09-27T07:00+02:00,6567,8641,641,1892,16039
2019-09-27T08:00+02:00,6567,8954,628,1895,16288
2019-09-27T09:00+02:00,6567,8950,709,1898,16162
2019-09-27T10:00+02:00,6571,8807,754,1922,16030
2019-09-27T11:00+02:00,6567,8475,703,1984,15902
2019-09-27T12:00+02:00,6617,8295,722,1958,15575
2019-09-27T13:00+02:00,6621,7971,726,1907,15175
2019-09-27T14:00+02:00,6619,7286,724,1917,14947
2019-09-27T15:00+02:00,6617,7013,703,1810,14667
2019-09-27T16:00+02:00,6670,7458,689,1791,14606
2019-09-27T17:00+02:00,6675,7581,675,1765,14631
2019-09-27T18:00+02:00,6674,7574,677,1873,14736
2019-09-27T19:00+02:00,6673,7567,680,2059,15095
2019-09-27T20:00+02:00,6727,7023,679,2190,14463
2019-09-27T21:00+02:00,6731,6315,665,2046,13599
2019-09-27T22:00+02:00,6731,5085,650,1954,12840
2019-09-27T23:00+02:00,6733,4140,627,1866,12304
2019-09-28T00:00+02:00,6787,3121,612,1821,11668
2019-09-28T01:00+02:00,6789,2865,602,1699,11452
2019-09-28T02:00+02:00,6792,2698,598,1619,11349
2019-09-28T03:00+02:00,6793,2769,598,1683,11349
2019-09-28T04:00+02:00,6793,2646,586,1550,11337
2019-09-28T05:00+02:00,6792,2721,590,1558,11377
2019-09-28T06:00+02:00,6791,3011,600,1585,11563
2019-09-28T07:00+02:00,6792,3299,601,1769,11982
2019-09-28T08:00+02:00,6814,4375,614,1553,12528
2019-09-28T09:00+02:00,6814,4761,630,1626,13274
2019-09-28T10:00+02:00,6817,4753,626,1759,13941
2019-09-28T11:00+02:00,6815,4427,667,1622,13926
2019-09-28T12:00+02:00,6842,4385,668,1552,13780
2019-09-28T13:00+02:00,6841,4251,666,1533,13718
2019-09-28T14:00+02:00,6837,4181,663,1623,13762
2019-09-28T15:00+02:00,6836,4201,652,1615,13640
2019-09-28T16:00+02:00,6864,4310,623,1530,13558
2019-09-28T17:00+02:00,6866,5011,614,1442,13704
2019-09-28T18:00+02:00,6865,6030,599,1575,14024
2019-09-28T19:00+02:00,6866,6143,627,1737,14246
2019-09-28T20:00+02:00,6899,5712,633,1926,13508
2019-09-28T21:00+02:00,6903,4977,635,2003,12815
2019-09-28T22:00+02:00,6904,4375,631,2004,12178
2019-09-28T23:00+02:00,6903,3520,632,2048,11969
2019-09-29T00:00+02:00,6927,2783,605,1959,11681
2019-09-29T01:00+02:00,6929,2740,603,1805,11381
2019-09-29T02:00+02:00,6930,2646,601,1707,11169
2019-09-29T03:00+02:00,6930,2611,597,1632,11161
2019-09-29T04:00+02:00,6957,2615,596,1639,11175
2019-09-29T05:00+02:00,6960,2675,619,1587,11382
2019-09-29T06:00+02:00,6960,3072,627,1508,11677
2019-09-29T07:00+02:00,6959,3358,650,1457,11807
2019-09-29T08:00+02:00,6987,3570,648,1418,12507
2019-09-29T09:00+02:00,6986,3898,668,1372,13039
2019-09-29T10:00+02:00,6987,4121,687,1277,13372
2019-09-29T11:00+02:00,6988,4388,699,1260,13486
2019-09-29T12:00+02:00,7013,5100,701,1265,13472
2019-09-29T13:00+02:00,7012,5358,712,1234,13397
2019-09-29T14:00+02:00,7010,5355,699,1195,13240
2019-09-29T15:00+02:00,7003,5361,684,1153,13335
2019-09-29T16:00+02:00,7024,5580,671,1184,13592
2019-09-29T17:00+02:00,7025,6020,631,1157,13871
2019-09-29T18:00+02:00,7026,6146,625,1204,14499
2019-09-29T19:00+02:00,7026,6380,618,1321,14850
2019-09-29T20:00+02:00,7057,6395,622,1379,14314
2019-09-29T21:00+02:00,7062,6038,603,1420,13763
2019-09-29T22:00+02:00,7065,5590,617,1407,12946
2019-09-29T23:00+02:00,7067,4452,618,1416,12073
2019-09-30T00:00+02:00,7095,3565,582,1436,11635
2019-09-30T01:00+02:00,7097,3211,596,1341,11312
2019-09-30T02:00+02:00,7097,3096,601,1191,11126
2019-09-30T03:00+02:00,7096,3267,603,1297,11175
2019-09-30T04:00+02:00,7120,3393,611,1290,11296
2019-09-30T05:00+02:00,7119,4642,629,1325,12220
2019-09-30T06:00+02:00,7112,6117,651,1380,14199
2019-09-30T07:00+02:00,7110,7761,664,1210,15594
2019-09-30T08:00+02:00,7128,7842,682,1132,15775
2019-09-30T09:00+02:00,7125,7546,714,1078,16045
2019-09-30T10:00+02:00,7126,7389,717,1050,16297
2019-09-30T11:00+02:00,7128,7122,714,1058,16168
2019-09-30T12:00+02:00,7131,6588,757,1317,15993
2019-09-30T13:00+02:00,7126,6280,760,1424,15628
2019-09-30T14:00+02:00,7111,6164,758,1691,15437
2019-09-30T15:00+02:00,7108,6182,745,1985,15337
2019-09-30T16:00+02:00,7106,6210,729,2218,15418
2019-09-30T17:00+02:00,7102,7170,714,2425,15831
2019-09-30T18:00+02:00,7096,7520,690,2672,15927
2019-09-30T19:00+02:00,7095,7633,699,2746,16338
2019-09-30T20:00+02:00,7097,7489,714,2740,15850
2019-09-30T21:00+02:00,7099,6551,713,2856,15111
2019-09-30T22:00+02:00,7103,5863,708,2908,14251
2019-09-30T23:00+02:00,7106,5061,712,3088,13384
2019-10-01T00:00+02:00,7107,4167,720,3423,12824
2019-10-01T01:00+02:00,7109,3645,702,3649,12380
2019-10-01T02:00+02:00,7109,3540,715,3881,12338
2019-10-01T03:00+02:00,7110,3536,733,4121,12341
2019-10-01T04:00+02:00,7110,3580,738,4477,12534
2019-10-01T05:00+02:00,7111,4623,799,4597,13427
2019-10-01T06:00+02:00,7112,6472,837,4752,15353
2019-10-01T07:00+02:00,7112,7453,875,4685,16423
2019-10-01T08:00+02:00,7112,8136,886,4463,16657
2019-10-01T09:00+02:00,7113,8140,913,4344,16521
2019-10-01T10:00+02:00,7111,7994,934,4414,16524
2019-10-01T11:00+02:00,7109,7817,940,4280,16476
2019-10-01T12:00+02:00,7112,7506,950,4204,16034
2019-10-01T13:00+02:00,7112,7353,934,4165,15648
2019-10-01T14:00+02:00,7109,7033,907,4148,15376
2019-10-01T15:00+02:00,7111,7050,898,4104,15321
2019-10-01T16:00+02:00,7111,6959,910,4288,15388
2019-10-01T17:00+02:00,7110,7064,889,4280,15817
2019-10-01T18:00+02:00,7107,7399,871,4286,15928
2019-10-01T19:00+02:00,7114,7576,886,4314,16199
2019-10-01T20:00+02:00,7118,7171,880,4350,15529
2019-10-01T21:00+02:00,7120,6649,869,4362,14753
2019-10-01T22:00+02:00,7124,6114,866,4350,13935
2019-10-01T23:00+02:00,7125,5340,852,4269,13028
2019-10-02T00:00+02:00,7126,4612,850,4253,12898
2019-10-02T01:00+02:00,7128,4092,844,4149,12757
2019-10-02T02:00+02:00,7127,4060,841,4133,12721
2019-10-02T03:00+02:00,7127,4009,837,4082,12617
2019-10-02T04:00+02:00,7127,4048,849,4090,12861
2019-10-02T05:00+02:00,7127,5436,854,4108,13881
2019-10-02T06:00+02:00,7124,7755,859,4075,15843
2019-10-02T07:00+02:00,7123,8256,859,4077,16992
2019-10-02T08:00+02:00,7124,8414,906,3828,17351
2019-10-02T09:00+02:00,7126,8441,932,3671,17279
2019-10-02T10:00+02:00,7123,8403,931,3483,17146
2019-10-02T11:00+02:00,7121,8389,942,3590,16781
2019-10-02T12:00+02:00,7147,8259,938,3503,16728
2019-10-02T13:00+02:00,7149,7904,924,3208,16233
2019-10-02T14:00+02:00,7148,7833,917,3166,16388
2019-10-02T15:00+02:00,7150,7802,927,3092,16295
2019-10-02T16:00+02:00,7147,7996,884,2863,16250
2019-10-02T17:00+02:00,7139,8433,841,2760,16683
2019-10-02T18:00+02:00,7142,8568,815,2917,16888
2019-10-02T19:00+02:00,7144,8769,815,2827,17014
2019-10-02T20:00+02:00,7145,8629,818,2942,16340
2019-10-02T21:00+02:00,7145,7643,820,2867,15507
2019-10-02T22:00+02:00,7147,6467,818,2825,14598
2019-10-02T23:00+02:00,7147,5420,821,2809,13824
2019-10-03T00:00+02:00,7150,4548,840,2658,13319
2019-10-03T01:00+02:00,7150,4142,841,2612,12987
2019-10-03T02:00+02:00,7150,4052,849,2547,13020
2019-10-03T03:00+02:00,7151,4111,878,2659,13094
2019-10-03T04:00+02:00,7152,4429,899,2712,13339
2019-10-03T05:00+02:00,7151,5697,917,2644,13940
2019-10-03T06:00+02:00,7149,6912,926,2673,15732
2019-10-03T07:00+02:00,7148,8517,935,2583,17157
2019-10-03T08:00+02:00,7146,8863,932,2477,17675
2019-10-03T09:00+02:00,7146,8933,960,2307,17674
2019-10-03T10:00+02:00,7143,8938,988,2344,17889
2019-10-03T11:00+02:00,7145,8900,1020,2211,17549
2019-10-03T12:00+02:00,7143,8822,1011,2097,17466
2019-10-03T13:00+02:00,7143,8812,1004,1977,17053
2019-10-03T14:00+02:00,7145,8729,993,1985,16964
2019-10-03T15:00+02:00,7146,8778,998,2009,17165
2019-10-03T16:00+02:00,7146,8725,982,1917,16990
2019-10-03T17:00+02:00,7146,8886,967,1894,17285
2019-10-03T18:00+02:00,7144,9089,935,2046,17677
2019-10-03T19:00+02:00,7141,9098,924,2061,17705
2019-10-03T20:00+02:00,7137,8873,916,2224,17164
2019-10-03T21:00+02:00,7137,8569,913,2289,16441
2019-10-03T22:00+02:00,7136,7690,912,2245,15409
2019-10-03T23:00+02:00,7139,6896,917,2078,14407
2019-10-04T00:00+02:00,7141,6270,922,2069,14123
2019-10-04T01:00+02:00,7144,5322,919,2060,13832
2019-10-04T02:00+02:00,7146,5194,917,1917,13713
2019-10-04T03:00+02:00,7146,5184,915,1879,13661
2019-10-04T04:00+02:00,7144,5396,916,1874,13779
2019-10-04T05:00+02:00,7141,6739,925,1909,14701
2019-10-04T06:00+02:00,7136,8501,950,1986,17057
2019-10-04T07:00+02:00,7133,9451,952,1998,18293
2019-10-04T08:00+02:00,7135,9984,956,1785,18343
2019-10-04T09:00+02:00,7137,9779,981,1596,18377
2019-10-04T10:00+02:00,7139,9730,1039,1522,18126
2019-10-04T11:00+02:00,7140,9758,1074,1471,17747
2019-10-04T12:00+02:00,7142,9558,1079,1411,17355
2019-10-04T13:00+02:00,7140,9262,1062,1299,16886
2019-10-04T14:00+02:00,7142,9356,1057,1331,16769
2019-10-04T15:00+02:00,7142,9236,1036,1340,16635
2019-10-04T16:00+02:00,7143,9258,1007,1330,16539
2019-10-04T17:00+02:00,7141,9421,950,1371,16992
2019-10-04T18:00+02:00,7141,9543,945,1525,17207
2019-10-04T19:00+02:00,7143,9541,947,1755,17243
2019-10-04T20:00+02:00,7145,9093,951,1983,16597
2019-10-04T21:00+02:00,7146,8270,943,2140,15961
2019-10-04T22:00+02:00,7148,7155,894,2209,15369
2019-10-04T23:00+02:00,7148,6145,886,2111,14685
2019-10-05T00:00+02:00,7148,5601,946,2060,14407
2019-10-05T01:00+02:00,7148,5039,947,2107,14184
2019-10-05T02:00+02:00,7150,4853,946,2126,14065
2019-10-05T03:00+02:00,7150,4846,953,2159,14029
2019-10-05T04:00+02:00,7150,4864,963,2222,14105
2019-10-05T05:00+02:00,7134,5032,970,2259,14287
2019-10-05T06:00+02:00,7131,5810,973,2299,14800
2019-10-05T07:00+02:00,7132,6813,986,2233,15111
2019-10-05T08:00+02:00,7134,8259,998,1977,15884
2019-10-05T09:00+02:00,7134,9048,1032,1653,16533
2019-10-05T10:00+02:00,7134,9351,958,1396,16606
2019-10-05T11:00+02:00,7134,9439,975,1233,16109
2019-10-05T12:00+02:00,7132,9324,981,1116,15923
2019-10-05T13:00+02:00,7130,9241,967,1067,15603
2019-10-05T14:00+02:00,7132,8772,954,959,13262
2019-10-05T15:00+02:00,7130,8817,928,971,15238
2019-10-05T16:00+02:00,7143,9262,911,951,15531
2019-10-05T17:00+02:00,7145,9679,891,1025,15964
2019-10-05T18:00+02:00,7145,9823,882,1212,16503
2019-10-05T19:00+02:00,7146,9779,891,1431,16426
2019-10-05T20:00+02:00,7143,9614,883,1780,16089
2019-10-05T21:00+02:00,7142,9360,869,1856,15635
2019-10-05T22:00+02:00,7142,8583,868,1719,14889
2019-10-05T23:00+02:00,7145,7427,864,1782,14436
2019-10-06T00:00+02:00,7148,6029,851,1735,13852
2019-10-06T01:00+02:00,7170,5195,848,1692,13701
2019-10-06T02:00+02:00,7172,5112,848,1651,13737
2019-10-06T03:00+02:00,7173,5137,847,1626,13713
2019-10-06T04:00+02:00,7173,5176,842,1617,13832
2019-10-06T05:00+02:00,7176,5377,856,1602,14044
2019-10-06T06:00+02:00,7179,5894,861,1601,14309
2019-10-06T07:00+02:00,7167,6462,864,1607,14696
2019-10-06T08:00+02:00,7164,7423,870,1389,15250
2019-10-06T09:00+02:00,7167,8216,921,1104,15649
2019-10-06T10:00+02:00,7166,8337,932,854,15871
2019-10-06T11:00+02:00,7166,8322,949,701,15696
2019-10-06T12:00+02:00,7168,8367,951,629,15523
2019-10-06T13:00+02:00,7169,7909,943,659,15305
2019-10-06T14:00+02:00,7170,7904,928,694,15214
2019-10-06T15:00+02:00,7170,7877,919,703,15051
2019-10-06T16:00+02:00,7171,8101,885,804,15222
2019-10-06T17:00+02:00,7172,8693,875,1026,15791
2019-10-06T18:00+02:00,7172,8986,881,1392,16417
2019-10-06T19:00+02:00,7173,9158,884,1752,16846
2019-10-06T20:00+02:00,7173,8874,882,2121,16581
2019-10-06T21:00+02:00,7173,8464,894,2374,16173
2019-10-06T22:00+02:00,7166,7714,861,2388,15475
2019-10-06T23:00+02:00,7175,6720,863,2362,14823
2019-10-07T00:00+02:00,7179,5856,879,2452,14659
2019-10-07T01:00+02:00,7177,5547,876,2420,14414
2019-10-07T02:00+02:00,7178,5487,879,2440,14432
2019-10-07T03:00+02:00,7181,5492,879,2456,14478
2019-10-07T04:00+02:00,7180,5732,898,2479,15073
2019-10-07T05:00+02:00,7179,7339,918,2334,15914
2019-10-07T06:00+02:00,7177,8984,968,2202,17997
2019-10-07T07:00+02:00,7177,9895,966,2034,19353
2019-10-07T08:00+02:00,7178,10314,974,1687,19323
2019-10-07T09:00+02:00,7178,10413,955,1189,18881
2019-10-07T10:00+02:00,7175,10487,1010,801,18669
2019-10-07T11:00+02:00,7176,10450,1061,602,18175
2019-10-07T12:00+02:00,7174,10456,1075,501,17707
2019-10-07T13:00+02:00,7170,10448,1074,452,17404
2019-10-07T14:00+02:00,7162,10546,1041,389,17116
2019-10-07T15:00+02:00,7164,10409,1015,359,17213
2019-10-07T16:00+02:00,7162,10373,995,345,17181
2019-10-07T17:00+02:00,7164,10446,966,398,17447
2019-10-07T18:00+02:00,7164,10548,920,454,18125
2019-10-07T19:00+02:00,7164,10419,932,501,18335
2019-10-07T20:00+02:00,7168,10279,900,466,17914
2019-10-07T21:00+02:00,7169,9915,891,458,17145
2019-10-07T22:00+02:00,7166,8815,889,416,16147
2019-10-07T23:00+02:00,7171,7149,868,464,15311
2019-10-08T00:00+02:00,7172,5949,809,594,14721
2019-10-08T01:00+02:00,7176,5281,805,658,14341
2019-10-08T02:00+02:00,7176,5151,810,797,14238
2019-10-08T03:00+02:00,7176,5168,819,921,14309
2019-10-08T04:00+02:00,7177,5337,822,1050,14591
2019-10-08T05:00+02:00,7178,6479,824,1159,15454
2019-10-08T06:00+02:00,7175,7732,835,1215,17328
2019-10-08T07:00+02:00,7177,8924,859,1361,18398
2019-10-08T08:00+02:00,7178,9722,875,1439,18989
2019-10-08T09:00+02:00,7178,9707,889,1409,19055
2019-10-08T10:00+02:00,7178,9484,925,1395,18793
2019-10-08T11:00+02:00,7180,9259,920,1367,18588
2019-10-08T12:00+02:00,7180,9056,931,1443,18457
2019-10-08T13:00+02:00,7176,8684,912,1500,18502
2019-10-08T14:00+02:00,7176,8595,916,1597,18326
2019-10-08T15:00+02:00,7175,8713,916,1518,18154
2019-10-08T16:00+02:00,7174,8925,917,1386,18067
2019-10-08T17:00+02:00,7172,9192,918,1412,18177
2019-10-08T18:00+02:00,7169,9340,930,1430,18197
2019-10-08T19:00+02:00,7169,9281,945,1547,18116
2019-10-08T20:00+02:00,7171,8853,964,1663,17593
2019-10-08T21:00+02:00,7171,8365,933,1613,16744
2019-10-08T22:00+02:00,7171,7036,925,1547,15678
2019-10-08T23:00+02:00,7173,6003,911,1456,14867
2019-10-09T00:00+02:00,7176,5540,901,1359,14113
2019-10-09T01:00+02:00,7178,5064,897,1239,13704
2019-10-09T02:00+02:00,7179,5078,878,1209,13616
2019-10-09T03:00+02:00,7180,5056,879,1207,13527
2019-10-09T04:00+02:00,7181,5167,881,1161,13511
2019-10-09T05:00+02:00,7177,5947,882,1180,14399
2019-10-09T06:00+02:00,7174,7901,919,1207,16373
2019-10-09T07:00+02:00,7173,9295,966,1227,17611
2019-10-09T08:00+02:00,7172,9510,952,1093,17602
2019-10-09T09:00+02:00,7171,9642,1000,988,17760
2019-10-09T10:00+02:00,7168,9593,1004,1041,17823
2019-10-09T11:00+02:00,7171,9478,1009,973,17664
2019-10-09T12:00+02:00,7175,9269,1034,887,17410
2019-10-09T13:00+02:00,7172,8726,1000,903,17191
2019-10-09T14:00+02:00,7170,8598,988,858,16974
2019-10-09T15:00+02:00,7170,8495,971,913,17075
2019-10-09T16:00+02:00,7018,8818,980,899,16889
2019-10-09T17:00+02:00,7031,9217,974,1006,17456
2019-10-09T18:00+02:00,6994,9504,999,1115,17769
2019-10-09T19:00+02:00,7030,9461,1015,1221,17360
2019-10-09T20:00+02:00,7109,9394,983,1271,16929
2019-10-09T21:00+02:00,7139,8717,952,1206,15995
2019-10-09T22:00+02:00,7140,7424,941,1098,15022
2019-10-09T23:00+02:00,7134,6539,931,1045,14133
2019-10-10T00:00+02:00,7132,5290,892,952,13346
2019-10-10T01:00+02:00,7132,4917,887,879,13082
2019-10-10T02:00+02:00,7133,4852,888,797,12975
2019-10-10T03:00+02:00,7135,4891,891,733,12895
2019-10-10T04:00+02:00,7132,4967,891,678,13072
2019-10-10T05:00+02:00,7129,5790,904,676,13955
2019-10-10T06:00+02:00,7127,7924,909,684,15615
2019-10-10T07:00+02:00,7127,9346,913,684,17002
2019-10-10T08:00+02:00,7113,9853,921,662,17276
2019-10-10T09:00+02:00,7106,9921,931,610,17316
2019-10-10T10:00+02:00,7107,9438,933,618,17165
2019-10-10T11:00+02:00,7103,9118,931,672,17067
2019-10-10T12:00+02:00,7098,8679,922,780,16981
2019-10-10T13:00+02:00,7097,8303,910,794,16585
2019-10-10T14:00+02:00,7092,8073,906,891,16402
2019-10-10T15:00+02:00,7092,8036,905,968,16060
2019-10-10T16:00+02:00,7090,8167,892,1061,16118
2019-10-10T17:00+02:00,7090,8595,907,1202,16576
2019-10-10T18:00+02:00,7091,8951,892,1397,17072
2019-10-10T19:00+02:00,7092,9025,896,1583,16882
2019-10-10T20:00+02:00,7093,8682,877,1760,11286
2019-10-10T21:00+02:00,7095,7753,857,1892,15087
2019-10-10T22:00+02:00,7096,6317,866,1978,13980
2019-10-10T23:00+02:00,6861,5500,856,2108,13040
2019-10-11T00:00+02:00,6597,4674,863,2226,12805
2019-10-11T01:00+02:00,6591,4242,855,2258,12731
2019-10-11T02:00+02:00,6586,4038,852,2308,12770
2019-10-11T03:00+02:00,6584,4048,852,2248,12837
2019-10-11T04:00+02:00,6582,4295,859,2142,12939
2019-10-11T05:00+02:00,6582,4953,869,2085,13424
2019-10-11T06:00+02:00,6578,7010,880,2083,15115
2019-10-11T07:00+02:00,6577,8912,890,2007,16625
2019-10-11T08:00+02:00,6578,9507,882,1932,16904
2019-10-11T09:00+02:00,6578,9414,890,1927,16982
2019-10-11T10:00+02:00,6576,8979,897,1927,17014
2019-10-11T11:00+02:00,6578,8777,908,1946,16931
2019-10-11T12:00+02:00,6575,8348,922,1930,16513
2019-10-11T13:00+02:00,6618,7918,933,2001,16127
2019-10-11T14:00+02:00,6632,7592,922,2040,15989
2019-10-11T15:00+02:00,6632,7323,904,2043,15936
2019-10-11T16:00+02:00,6631,7329,893,2095,16006
2019-10-11T17:00+02:00,6630,8027,878,2185,16128
2019-10-11T18:00+02:00,6630,8033,869,2114,16127
2019-10-11T19:00+02:00,6631,8161,860,2202,15950
2019-10-11T20:00+02:00,6632,7415,846,2286,15212
2019-10-11T21:00+02:00,6637,6497,828,2208,14574
2019-10-11T22:00+02:00,6702,5550,816,2222,13913
2019-10-11T23:00+02:00,6758,4614,814,2171,13308
2019-10-12T00:00+02:00,6601,3879,836,2157,12904
2019-10-12T01:00+02:00,6268,3484,796,2154,12626
2019-10-12T02:00+02:00,6182,3391,794,2230,12311
2019-10-12T03:00+02:00,6098,3293,794,2245,12130
2019-10-12T04:00+02:00,5980,3486,808,2286,12224
2019-10-12T05:00+02:00,5980,3839,817,2285,12392
2019-10-12T06:00+02:00,5979,4303,824,2312,12880
2019-10-12T07:00+02:00,5980,5018,828,2334,13327
2019-10-12T08:00+02:00,5977,5722,836,2353,13797
2019-10-12T09:00+02:00,5974,6506,855,2389,14399
2019-10-12T10:00+02:00,5971,6953,863,2460,14717
2019-10-12T11:00+02:00,5973,6724,872,2532,14745
2019-10-12T12:00+02:00,5975,6584,872,2539,14500
2019-10-12T13:00+02:00,5977,6252,868,2596,14498
2019-10-12T14:00+02:00,5978,6074,867,2628,14255
2019-10-12T15:00+02:00,5978,6140,848,2695,14366
2019-10-12T16:00+02:00,5975,6330,832,2725,14468
2019-10-12T17:00+02:00,5973,7608,817,2720,14762
2019-10-12T18:00+02:00,5969,8738,820,2770,15314
2019-10-12T19:00+02:00,5970,8802,831,2817,15095
2019-10-12T20:00+02:00,5969,8245,838,2808,14618
2019-10-12T21:00+02:00,5972,6626,846,2739,14008
2019-10-12T22:00+02:00,5973,6045,859,2655,13590
2019-10-12T23:00+02:00,5976,5151,858,2583,12825
2019-10-13T00:00+02:00,5975,4547,813,2585,12634
2019-10-13T01:00+02:00,5975,4280,813,2486,12286
2019-10-13T02:00+02:00,5978,4220,770,2374,11964
2019-10-13T03:00+02:00,5980,4219,775,2300,11858
2019-10-13T04:00+02:00,5982,4416,822,2217,11979
2019-10-13T05:00+02:00,5980,4660,830,2072,12130
2019-10-13T06:00+02:00,5978,5195,829,2044,12619
2019-10-13T07:00+02:00,5976,5908,828,1875,12984
2019-10-13T08:00+02:00,5975,6873,825,1702,13536
2019-10-13T09:00+02:00,5973,7648,856,1360,14110
2019-10-13T10:00+02:00,5973,8018,821,1218,14510
2019-10-13T11:00+02:00,5972,8038,826,1038,14548
2019-10-13T12:00+02:00,5971,7839,821,993,14419
2019-10-13T13:00+02:00,5969,7779,799,898,14275
2019-10-13T14:00+02:00,5964,7679,780,794,14157
2019-10-13T15:00+02:00,5961,7784,751,748,14270
2019-10-13T16:00+02:00,5961,8085,746,692,14550
2019-10-13T17:00+02:00,5958,8367,732,769,15141
2019-10-13T18:00+02:00,5956,8903,738,937,15978
2019-10-13T19:00+02:00,5958,8953,751,1143,15933
2019-10-13T20:00+02:00,5961,8474,772,1324,15310
2019-10-13T21:00+02:00,5958,7588,770,1354,14666
2019-10-13T22:00+02:00,5966,6645,769,1511,13921
2019-10-13T23:00+02:00,5972,5597,760,1692,13230
2019-10-14T00:00+02:00,5974,4319,766,2194,13080
2019-10-14T01:00+02:00,5976,3710,771,2410,12783
2019-10-14T02:00+02:00,5976,3666,770,2601,12606
2019-10-14T03:00+02:00,5978,3642,776,2751,12557
2019-10-14T04:00+02:00,5975,4027,795,2849,12729
2019-10-14T05:00+02:00,5976,4863,818,2982,13544
2019-10-14T06:00+02:00,5970,7417,836,3052,15512
2019-10-14T07:00+02:00,5966,9408,845,3096,17033
2019-10-14T08:00+02:00,5962,9964,854,3137,17418
2019-10-14T09:00+02:00,5953,10068,870,3111,17498
2019-10-14T10:00+02:00,5953,10104,875,2978,17626
2019-10-14T11:00+02:00,5956,10065,885,2790,17651
2019-10-14T12:00+02:00,5957,9951,888,2560,17642
2019-10-14T13:00+02:00,5960,10007,885,2222,17102
2019-10-14T14:00+02:00,5962,9951,872,1816,17136
2019-10-14T15:00+02:00,5962,10061,856,1388,17097
2019-10-14T16:00+02:00,5963,10176,841,1018,17099
2019-10-14T17:00+02:00,5963,10235,831,699,17259
2019-10-14T18:00+02:00,5967,10141,850,631,17665
2019-10-14T19:00+02:00,5967,10132,866,578,17521
2019-10-14T20:00+02:00,5968,9918,851,567,16877
2019-10-14T21:00+02:00,5970,9690,831,622,16163
2019-10-14T22:00+02:00,5974,8638,801,683,14992
2019-10-14T23:00+02:00,5973,7066,790,763,14038
2019-10-15T00:00+02:00,5973,6077,773,800,13306
2019-10-15T01:00+02:00,5975,5552,763,935,13215
2019-10-15T02:00+02:00,5974,5128,762,1008,12903
2019-10-15T03:00+02:00,5973,5114,763,1050,13076
2019-10-15T04:00+02:00,5973,5471,768,1174,13115
2019-10-15T05:00+02:00,5972,6666,794,1295,13751
2019-10-15T06:00+02:00,5968,9033,828,1440,15902
2019-10-15T07:00+02:00,5970,10149,836,1552,17381
2019-10-15T08:00+02:00,5969,10198,872,1609,17509
2019-10-15T09:00+02:00,5969,10359,845,1585,17444
2019-10-15T10:00+02:00,5919,10233,843,1588,17268
2019-10-15T11:00+02:00,5838,10293,847,1598,17233
2019-10-15T12:00+02:00,5820,10116,842,1590,17024
2019-10-15T13:00+02:00,5817,10178,823,1532,17290
2019-10-15T14:00+02:00,5767,10011,815,1517,17265
2019-10-15T15:00+02:00,5702,10001,808,1505,17268
2019-10-15T16:00+02:00,5641,10245,784,1562,17187
2019-10-15T17:00+02:00,5642,10196,813,1598,17350
2019-10-15T18:00+02:00,5578,10184,825,1635,17523
2019-10-15T19:00+02:00,5523,10157,822,1668,17128
2019-10-15T20:00+02:00,5491,10066,812,1491,16457
2019-10-15T21:00+02:00,5467,9649,794,1364,15689
2019-10-15T22:00+02:00,5444,8780,781,1122,14554
2019-10-15T23:00+02:00,5429,6543,767,1038,13693
2019-10-16T00:00+02:00,5648,5920,755,939,13219
2019-10-16T01:00+02:00,6464,5287,743,871,12907
2019-10-16T02:00+02:00,6468,5170,737,818,12749
2019-10-16T03:00+02:00,6494,5162,742,809,12731
2019-10-16T04:00+02:00,6500,5613,745,805,12956
2019-10-16T05:00+02:00,6493,6899,758,795,13692
2019-10-16T06:00+02:00,6490,9373,778,852,15572
2019-10-16T07:00+02:00,6490,10037,807,882,17059
2019-10-16T08:00+02:00,6491,10078,826,897,17349
2019-10-16T09:00+02:00,6494,10088,894,837,17357
2019-10-16T10:00+02:00,6491,10063,925,824,17457
2019-10-16T11:00+02:00,6488,10035,1000,847,17408
2019-10-16T12:00+02:00,6490,10081,1087,979,17528
2019-10-16T13:00+02:00,6491,9999,1103,944,17368
2019-10-16T14:00+02:00,6491,9896,855,1054,16753
2019-10-16T15:00+02:00,6494,10040,806,1087,16883
2019-10-16T16:00+02:00,6493,10088,806,1212,17152
2019-10-16T17:00+02:00,6493,10126,795,1348,17597
2019-10-16T18:00+02:00,6488,10001,799,1609,17791
2019-10-16T19:00+02:00,6488,9952,819,1710,17389
2019-10-16T20:00+02:00,6488,9913,792,1734,16670
2019-10-16T21:00+02:00,6491,9340,756,1765,15816
2019-10-16T22:00+02:00,6557,8034,750,1665,14585
2019-10-16T23:00+02:00,6890,6305,741,1672,13311
2019-10-17T00:00+02:00,7135,5330,679,1631,12847
2019-10-17T01:00+02:00,7171,5071,684,1579,12692
2019-10-17T02:00+02:00,7212,4779,686,1566,12769
2019-10-17T03:00+02:00,7244,4775,696,1327,12906
2019-10-17T04:00+02:00,7298,4910,701,1310,13062
2019-10-17T05:00+02:00,7331,6045,709,1260,13796
2019-10-17T06:00+02:00,7384,7745,733,1112,15717
2019-10-17T07:00+02:00,7438,8710,767,1164,17236
2019-10-17T08:00+02:00,7344,8871,781,1093,17234
2019-10-17T09:00+02:00,7205,8912,780,972,17309
2019-10-17T10:00+02:00,7188,9093,789,908,17599
2019-10-17T11:00+02:00,7187,9191,794,842,17647
2019-10-17T12:00+02:00,7191,9054,826,747,17520
2019-10-17T13:00+02:00,7212,9033,865,748,17416
2019-10-17T14:00+02:00,7234,9116,852,686,17249
2019-10-17T15:00+02:00,7242,9074,938,694,17353
2019-10-17T16:00+02:00,7243,9111,809,668,17182
2019-10-17T17:00+02:00,7171,9186,769,680,17392
2019-10-17T18:00+02:00,7236,9563,813,757,17432
2019-10-17T19:00+02:00,7318,9958,822,801,17218
2019-10-17T20:00+02:00,7313,9654,803,770,16438
2019-10-17T21:00+02:00,7326,9306,791,754,15615
2019-10-17T22:00+02:00,7318,8799,766,738,14516
2019-10-17T23:00+02:00,7184,6977,764,703,13473
2019-10-18T00:00+02:00,7214,6686,805,667,12852
2019-10-18T01:00+02:00,7220,5991,800,691,12228
2019-10-18T02:00+02:00,7167,5829,798,688,11934
2019-10-18T03:00+02:00,7081,5825,792,697,11941
2019-10-18T04:00+02:00,6865,6028,802,724,12550
2019-10-18T05:00+02:00,6669,7087,817,731,13188
2019-10-18T06:00+02:00,6525,8748,852,847,15361
2019-10-18T07:00+02:00,6560,9368,913,937,16603
2019-10-18T08:00+02:00,6567,9557,967,1028,16862
2019-10-18T09:00+02:00,6602,9545,972,1038,16852
2019-10-18T10:00+02:00,6606,9559,1068,944,16990
2019-10-18T11:00+02:00,6606,9390,959,899,16700
2019-10-18T12:00+02:00,6506,8988,888,899,16553
2019-10-18T13:00+02:00,6602,8771,916,887,16329
2019-10-18T14:00+02:00,6608,8608,905,895,16046
2019-10-18T15:00+02:00,6608,8299,903,943,15785
2019-10-18T16:00+02:00,6606,8207,875,950,15703
2019-10-18T17:00+02:00,6606,8785,869,1141,16215
2019-10-18T18:00+02:00,6628,8996,870,1242,16326
2019-10-18T19:00+02:00,6659,8887,868,1422,15787
2019-10-18T20:00+02:00,6692,7974,870,1529,14912
2019-10-18T21:00+02:00,6722,7200,854,1621,14140
2019-10-18T22:00+02:00,6750,6512,832,1700,13315
2019-10-18T23:00+02:00,6780,5695,813,1831,12815
2019-10-19T00:00+02:00,6792,5061,790,1939,12457
2019-10-19T01:00+02:00,6791,4747,787,2011,12152
2019-10-19T02:00+02:00,6792,4441,787,2142,11971
2019-10-19T03:00+02:00,6813,4411,787,2286,11953
2019-10-19T04:00+02:00,6840,4412,773,2418,11814
2019-10-19T05:00+02:00,6879,4515,777,2457,11950
2019-10-19T06:00+02:00,6895,5404,790,2595,12369
2019-10-19T07:00+02:00,6909,5525,788,2707,12928
2019-10-19T08:00+02:00,6922,6144,803,2789,13541
2019-10-19T09:00+02:00,6960,6867,818,2802,14134
2019-10-19T10:00+02:00,6961,7283,822,2950,14484
2019-10-19T11:00+02:00,6964,7148,835,3113,14647
2019-10-19T12:00+02:00,6967,6887,839,3204,14643
2019-10-19T13:00+02:00,6998,6677,837,3213,14342
2019-10-19T14:00+02:00,7002,6567,818,3189,14053
2019-10-19T15:00+02:00,6996,6579,820,3062,13839
2019-10-19T16:00+02:00,6996,7151,802,2907,14421
2019-10-19T17:00+02:00,7098,8159,791,2936,15175
2019-10-19T18:00+02:00,7269,8334,802,2940,15053
2019-10-19T19:00+02:00,7336,8258,796,2926,14556
2019-10-19T20:00+02:00,7323,7784,794,3045,14437
2019-10-19T21:00+02:00,7556,6987,797,2963,13584
2019-10-19T22:00+02:00,7853,6747,787,2871,12809
2019-10-19T23:00+02:00,7836,5601,784,2753,12527
2019-10-20T00:00+02:00,7894,4201,770,2591,12494
2019-10-20T01:00+02:00,7992,3885,768,2436,11940
2019-10-20T02:00+02:00,7996,3827,769,2349,11933
2019-10-20T03:00+02:00,7995,3764,774,2302,12038
2019-10-20T04:00+02:00,7997,3749,781,2190,12010
2019-10-20T05:00+02:00,7992,3955,791,1957,12063
2019-10-20T06:00+02:00,7984,4566,801,1927,12607
2019-10-20T07:00+02:00,7975,5331,800,1769,13087
2019-10-20T08:00+02:00,7972,6176,802,1579,13418
2019-10-20T09:00+02:00,7972,7253,815,1373,14225
2019-10-20T10:00+02:00,7982,7624,791,1290,14754
2019-10-20T11:00+02:00,7983,7947,795,1181,15037
2019-10-20T12:00+02:00,7983,7967,806,1179,15218
2019-10-20T13:00+02:00,7983,7499,806,1098,14924
2019-10-20T14:00+02:00,7979,7415,799,944,14594
2019-10-20T15:00+02:00,7977,7363,783,893,14693
2019-10-20T16:00+02:00,7975,7716,792,860,14960
2019-10-20T17:00+02:00,7973,8878,798,853,15593
2019-10-20T18:00+02:00,7973,9136,785,923,16163
2019-10-20T19:00+02:00,7974,9196,780,911,16049
2019-10-20T20:00+02:00,7975,8779,771,792,15377
2019-10-20T21:00+02:00,7978,8476,768,757,14724
2019-10-20T22:00+02:00,7981,8249,781,706,14026
2019-10-20T23:00+02:00,7982,6973,782,655,13326
2019-10-21T00:00+02:00,7987,5588,792,597,12930
2019-10-21T01:00+02:00,8093,5483,787,638,12620
2019-10-21T02:00+02:00,8135,5335,777,676,12506
2019-10-21T03:00+02:00,8143,5415,773,735,12561
2019-10-21T04:00+02:00,8180,5669,776,817,12863
2019-10-21T05:00+02:00,8186,6656,793,878,13764
2019-10-21T06:00+02:00,8205,8390,826,897,16105
2019-10-21T07:00+02:00,8205,10279,834,938,17904
2019-10-21T08:00+02:00,8204,10302,871,775,17987
2019-10-21T09:00+02:00,8211,10366,879,594,17817
2019-10-21T10:00+02:00,8215,10284,891,502,17835
2019-10-21T11:00+02:00,8214,10321,879,468,17696
2019-10-21T12:00+02:00,8220,10214,857,422,17417
2019-10-21T13:00+02:00,8229,10244,827,577,17563
2019-10-21T14:00+02:00,8231,10306,810,584,17410
2019-10-21T15:00+02:00,8229,10263,814,760,17455
2019-10-21T16:00+02:00,8226,10250,805,921,17338
2019-10-21T17:00+02:00,8228,10329,815,1171,17965
2019-10-21T18:00+02:00,8229,10187,828,1367,18201
2019-10-21T19:00+02:00,8220,9906,836,1573,17717
2019-10-21T20:00+02:00,8216,9331,827,1710,16976
2019-10-21T21:00+02:00,8213,9052,811,1827,16113
2019-10-21T22:00+02:00,8202,8542,820,1851,15016
2019-10-21T23:00+02:00,8207,7510,833,1962,13929
2019-10-22T00:00+02:00,8215,6665,793,2188,13085
2019-10-22T01:00+02:00,8219,6153,787,2452,12693
2019-10-22T02:00+02:00,8221,5716,796,2638,12609
2019-10-22T03:00+02:00,8226,5301,805,2820,12723
2019-10-22T04:00+02:00,8229,5658,818,3021,12920
2019-10-22T05:00+02:00,8227,6776,832,3335,13583
2019-10-22T06:00+02:00,8225,7636,874,3625,15399
2019-10-22T07:00+02:00,8225,8419,898,3925,17022
2019-10-22T08:00+02:00,8226,8559,922,4170,17123
2019-10-22T09:00+02:00,8226,8570,930,4412,16839
2019-10-22T10:00+02:00,8216,8346,974,4619,16650
2019-10-22T11:00+02:00,8204,8229,939,4915,16591
2019-10-22T12:00+02:00,8206,7787,934,5186,16412
2019-10-22T13:00+02:00,8191,7519,935,5443,16309
2019-10-22T14:00+02:00,8210,7267,936,5487,16136
2019-10-22T15:00+02:00,8219,7261,928,5637,16065
2019-10-22T16:00+02:00,8226,7405,888,5704,16309
2019-10-22T17:00+02:00,8224,7502,881,5732,16915
2019-10-22T18:00+02:00,8169,7489,893,5692,17033
2019-10-22T19:00+02:00,8168,7319,891,5718,16688
2019-10-22T20:00+02:00,8168,6492,885,5741,15918
2019-10-22T21:00+02:00,8172,5668,865,5694,15052
2019-10-22T22:00+02:00,8172,4885,823,5693,14297
2019-10-22T23:00+02:00,8167,4078,824,5632,13356
2019-10-23T00:00+02:00,8168,3718,830,5584,13018
2019-10-23T01:00+02:00,8161,3516,836,5370,12837
2019-10-23T02:00+02:00,8158,3586,841,5109,12622
2019-10-23T03:00+02:00,8165,3821,840,4806,12793
2019-10-23T04:00+02:00,8171,4197,841,4347,12938
2019-10-23T05:00+02:00,8171,6534,853,3991,13962
2019-10-23T06:00+02:00,8168,7817,851,3801,15906
2019-10-23T07:00+02:00,8166,8868,869,3568,17422
2019-10-23T08:00+02:00,8165,9054,891,3272,17342
2019-10-23T09:00+02:00,8164,9338,911,3007,17370
2019-10-23T10:00+02:00,8156,9440,917,2911,17404
2019-10-23T11:00+02:00,8152,9151,924,2902,17083
2019-10-23T12:00+02:00,8148,8978,885,2726,16788
2019-10-23T13:00+02:00,8135,8855,874,2743,16655
2019-10-23T14:00+02:00,8134,8956,881,2510,16597
2019-10-23T15:00+02:00,8133,9011,866,2443,16819
2019-10-23T16:00+02:00,8137,9055,861,2411,16952
2019-10-23T17:00+02:00,8150,9479,861,2408,17396
2019-10-23T18:00+02:00,8158,9670,864,2375,17409
2019-10-23T19:00+02:00,8160,9744,861,2368,16787
2019-10-23T20:00+02:00,8161,9328,834,2364,16093
2019-10-23T21:00+02:00,8160,8837,841,2251,15248
2019-10-23T22:00+02:00,8161,8398,833,2187,14561
2019-10-23T23:00+02:00,8165,6913,816,2195,13881
2019-10-24T00:00+02:00,8156,5641,829,2171,13352
2019-10-24T01:00+02:00,8148,5054,822,2126,12852
2019-10-24T02:00+02:00,8151,4823,821,2153,12617
2019-10-24T03:00+02:00,8156,4831,821,2218,12623
2019-10-24T04:00+02:00,8160,5054,826,2283,12881
2019-10-24T05:00+02:00,8163,6157,837,2318,13857
2019-10-24T06:00+02:00,8155,8229,858,2338,15751
2019-10-24T07:00+02:00,8154,9213,878,2239,17038
2019-10-24T08:00+02:00,8158,9422,918,2199,17220
2019-10-24T09:00+02:00,8139,9473,931,2177,17065
2019-10-24T10:00+02:00,8107,9328,930,2174,17107
2019-10-24T11:00+02:00,8116,9283,923,2122,17011
2019-10-24T12:00+02:00,8135,9434,903,2020,16856
2019-10-24T13:00+02:00,8136,9334,881,2013,16684
2019-10-24T14:00+02:00,8144,9181,881,1881,16466
2019-10-24T15:00+02:00,8152,9077,873,1912,16554
2019-10-24T16:00+02:00,8154,9216,899,1999,16512
2019-10-24T17:00+02:00,8154,9440,915,2099,16946
2019-10-24T18:00+02:00,8153,9523,921,2216,17046
2019-10-24T19:00+02:00,8155,9386,914,2313,16751
2019-10-24T20:00+02:00,8169,8894,910,2426,16050
2019-10-24T21:00+02:00,8216,8176,889,2456,14981
2019-10-24T22:00+02:00,8220,6987,861,2408,13927
2019-10-24T23:00+02:00,8213,5436,856,2421,12953
2019-10-25T00:00+02:00,8217,4757,856,2542,12646
2019-10-25T01:00+02:00,8223,4004,856,2626,12357
2019-10-25T02:00+02:00,8224,3881,849,2871,12215
2019-10-25T03:00+02:00,8227,3803,844,3110,12187
2019-10-25T04:00+02:00,8228,3892,845,3319,12323
2019-10-25T05:00+02:00,8225,4971,842,3639,12786
2019-10-25T06:00+02:00,8221,7659,847,3854,14657
2019-10-25T07:00+02:00,8217,9167,873,4295,16676
2019-10-25T08:00+02:00,8211,9256,885,4204,16901
2019-10-25T09:00+02:00,8207,9264,903,4105,16647
2019-10-25T10:00+02:00,8210,9157,912,4144,16704
2019-10-25T11:00+02:00,8209,8843,926,4013,16173
2019-10-25T12:00+02:00,8210,8031,906,4085,16138
2019-10-25T13:00+02:00,8211,7935,925,4206,15784
2019-10-25T14:00+02:00,8209,7707,916,4297,15549
2019-10-25T15:00+02:00,8207,8127,948,4465,15531
2019-10-25T16:00+02:00,8204,8603,942,4629,15549
2019-10-25T17:00+02:00,8200,9215,903,4682,16073
2019-10-25T18:00+02:00,8198,9208,922,4831,16325
2019-10-25T19:00+02:00,8205,8963,944,4815,15867
2019-10-25T20:00+02:00,8212,7605,945,4819,15158
2019-10-25T21:00+02:00,8218,5843,942,4856,14393
2019-10-25T22:00+02:00,8219,5095,928,4862,13922
2019-10-25T23:00+02:00,8222,4519,902,4783,13365
2019-10-26T00:00+02:00,8221,4125,921,4840,13198
2019-10-26T01:00+02:00,8222,3453,910,4833,12854
2019-10-26T02:00+02:00,8222,3387,905,4878,12666
2019-10-26T03:00+02:00,8229,3289,918,4892,12414
2019-10-26T04:00+02:00,8229,3278,919,4967,12315
2019-10-26T05:00+02:00,8230,3488,929,5008,12520
2019-10-26T06:00+02:00,8226,3530,909,5036,13205
2019-10-26T07:00+02:00,8221,3904,916,4911,13851
2019-10-26T08:00+02:00,8216,4159,915,4655,14358
2019-10-26T09:00+02:00,8216,5323,914,4264,15328
2019-10-26T10:00+02:00,8214,6355,916,3837,15622
2019-10-26T11:00+02:00,8212,6727,933,3635,15992
2019-10-26T12:00+02:00,8215,6890,935,3266,15967
2019-10-26T13:00+02:00,8214,6982,909,2846,15746
2019-10-26T14:00+02:00,8217,7109,862,2611,15522
2019-10-26T15:00+02:00,8219,7262,854,2486,15666
2019-10-26T16:00+02:00,8220,7961,852,2398,15895
2019-10-26T17:00+02:00,8219,8358,848,2237,16280
2019-10-26T18:00+02:00,8220,8592,842,2113,16240
2019-10-26T19:00+02:00,8223,8612,833,1985,15841
2019-10-26T20:00+02:00,8225,8119,825,1991,15306
2019-10-26T21:00+02:00,8228,7780,809,1892,14872
2019-10-26T22:00+02:00,8228,6717,818,1779,14133
2019-10-26T23:00+02:00,8221,5629,812,1641,13520
2019-10-27T00:00+02:00,8224,5201,877,1481,13140
2019-10-27T01:00+02:00,8218,4830,886,1423,13013
2019-10-27T02:00+02:00,8214,4569,900,1362,12879
2019-10-27T02:00+01:00,8219,4518,922,1296,12929
2019-10-27T03:00+01:00,8221,4433,925,1225,12908
2019-10-27T04:00+01:00,8224,4672,932,1273,13140
2019-10-27T05:00+01:00,8224,5084,928,1371,13391
2019-10-27T06:00+01:00,8227,5531,934,1532,13708
2019-10-27T07:00+01:00,8229,6620,954,1653,14125
2019-10-27T08:00+01:00,8226,7134,958,1794,14747
2019-10-27T09:00+01:00,8223,7716,941,1913,15456
2019-10-27T10:00+01:00,8222,7897,943,1972,15567
2019-10-27T11:00+01:00,8224,7923,960,1973,15640
2019-10-27T12:00+01:00,8226,7891,891,1959,15448
2019-10-27T13:00+01:00,8225,7824,888,1882,15491
2019-10-27T14:00+01:00,8224,7889,879,1919,15768
2019-10-27T15:00+01:00,8221,8268,886,1992,16099
2019-10-27T16:00+01:00,8216,9129,870,1885,16798
2019-10-27T17:00+01:00,8216,9803,880,1791,17472
2019-10-27T18:00+01:00,8217,9928,873,1784,17216
2019-10-27T19:00+01:00,8222,9838,892,1836,16814
2019-10-27T20:00+01:00,8225,9306,894,1836,16233
2019-10-27T21:00+01:00,8224,8551,899,1705,15649
2019-10-27T22:00+01:00,8221,7880,871,1718,14885
2019-10-27T23:00+01:00,8216,6536,895,1720,14304
2019-10-28T00:00+01:00,8214,6199,912,1690,13915
2019-10-28T01:00+01:00,8213,6089,897,1755,13788
2019-10-28T02:00+01:00,8215,6091,898,1682,13731
2019-10-28T03:00+01:00,8219,6102,908,1687,13906
2019-10-28T04:00+01:00,8218,6474,925,1705,14161
2019-10-28T05:00+01:00,8219,7296,955,1712,14950
2019-10-28T06:00+01:00,8216,9128,994,1763,16901
2019-10-28T07:00+01:00,8211,10859,1009,1594,18127
2019-10-28T08:00+01:00,8212,11152,1050,1354,18693
2019-10-28T09:00+01:00,8212,11019,1088,1139,18477
2019-10-28T10:00+01:00,8212,10984,1091,1004,18383
2019-10-28T11:00+01:00,8212,10947,1074,920,17969
2019-10-28T12:00+01:00,8214,10814,1072,902,17722
2019-10-28T13:00+01:00,8204,10742,1046,1077,17713
2019-10-28T14:00+01:00,8203,10790,1027,1204,17753
2019-10-28T15:00+01:00,8205,10809,1016,1441,18135
2019-10-28T16:00+01:00,8203,10781,1032,1949,18662
2019-10-28T17:00+01:00,8201,10830,1045,2134,19047
2019-10-28T18:00+01:00,8206,10404,1055,2401,19023
2019-10-28T19:00+01:00,8205,10189,1055,2708,18469
2019-10-28T20:00+01:00,8209,9871,1032,2781,17797
2019-10-28T21:00+01:00,8212,9184,999,2823,17141
2019-10-28T22:00+01:00,8214,8435,991,2886,16478
2019-10-28T23:00+01:00,8218,7352,977,3066,15578
2019-10-29T00:00+01:00,8219,7009,979,3034,15157
2019-10-29T01:00+01:00,8217,6713,975,3043,14915
2019-10-29T02:00+01:00,8216,6576,984,3060,14681
2019-10-29T03:00+01:00,8216,6424,985,3245,14853
2019-10-29T04:00+01:00,8204,6722,991,3299,14958
2019-10-29T05:00+01:00,8202,7946,1003,3410,15989
2019-10-29T06:00+01:00,8206,9584,1029,3550,17972
2019-10-29T07:00+01:00,8205,10397,1064,3476,18857
2019-10-29T08:00+01:00,8172,10366,1093,3265,18987
2019-10-29T09:00+01:00,8131,10403,1093,2879,18766
2019-10-29T10:00+01:00,8163,10375,1096,2691,18742
2019-10-29T11:00+01:00,8183,10236,1110,2503,18330
2019-10-29T12:00+01:00,8191,10201,1072,2288,17818
2019-10-29T13:00+01:00,8208,10461,1054,2218,17881
2019-10-29T14:00+01:00,8209,10549,1040,2108,17857
2019-10-29T15:00+01:00,8209,10605,1010,2044,18140
2019-10-29T16:00+01:00,8209,10790,1006,2006,18578
2019-10-29T17:00+01:00,8208,10882,1044,2004,19368
2019-10-29T18:00+01:00,8212,10771,1055,1918,19051
2019-10-29T19:00+01:00,8212,10766,1052,1827,18766
2019-10-29T20:00+01:00,8213,10669,1048,1622,18408
2019-10-29T21:00+01:00,8218,10037,1023,1437,17785
2019-10-29T22:00+01:00,8220,9191,1005,1297,16946
2019-10-29T23:00+01:00,8223,8020,1006,1166,16313
2019-10-30T00:00+01:00,8224,7287,1006,883,15760
2019-10-30T01:00+01:00,8220,6903,994,898,15640
2019-10-30T02:00+01:00,8221,6789,980,898,15540
2019-10-30T03:00+01:00,8221,6769,970,992,15797
2019-10-30T04:00+01:00,8220,7102,980,1091,16197
2019-10-30T05:00+01:00,8217,8165,994,1210,17010
2019-10-30T06:00+01:00,8217,10304,1024,1215,18812
2019-10-30T07:00+01:00,8218,10627,1058,1399,19874
2019-10-30T08:00+01:00,8225,10675,1070,1515,20220
2019-10-30T09:00+01:00,8231,10535,1092,1396,19666
2019-10-30T10:00+01:00,8231,10356,1072,1500,19479
2019-10-30T11:00+01:00,8230,10267,1076,1637,19098
2019-10-30T12:00+01:00,8233,10101,1101,1628,18512
2019-10-30T13:00+01:00,8233,10392,1088,1903,18218
2019-10-30T14:00+01:00,8233,10323,1109,2454,18315
2019-10-30T15:00+01:00,8235,10139,1071,2982,18647
2019-10-30T16:00+01:00,8233,9956,1050,3376,19245
2019-10-30T17:00+01:00,8231,9923,1090,3632,19857
2019-10-30T18:00+01:00,8231,9779,1123,3717,19301
2019-10-30T19:00+01:00,8232,9632,1124,3743,18741
2019-10-30T20:00+01:00,8232,9404,1120,3789,18131
2019-10-30T21:00+01:00,8232,9272,1074,3791,17361
2019-10-30T22:00+01:00,8234,8779,1067,3714,16134
2019-10-30T23:00+01:00,8235,7597,1065,3894,15495
2019-10-31T00:00+01:00,8234,6340,1078,3978,14972
2019-10-31T01:00+01:00,8240,6012,1083,3950,14507
2019-10-31T02:00+01:00,8241,5943,1078,4158,14533
2019-10-31T03:00+01:00,8242,5952,1087,4136,14547
2019-10-31T04:00+01:00,8243,6084,1084,4143,14758
2019-10-31T05:00+01:00,8241,6894,1080,4057,15327
2019-10-31T06:00+01:00,8236,9090,1107,4060,17362
2019-10-31T07:00+01:00,8235,9980,1125,3960,18553
2019-10-31T08:00+01:00,8232,10290,1133,3637,18798
2019-10-31T09:00+01:00,8235,10434,1134,3459,18912
2019-10-31T10:00+01:00,8235,10329,1136,3176,18920
2019-10-31T11:00+01:00,8238,10236,1154,2927,18398
2019-10-31T12:00+01:00,8235,10006,1169,2632,17738
2019-10-31T13:00+01:00,8232,9936,1167,2431,17422
2019-10-31T14:00+01:00,8230,10363,1188,2473,17805
2019-10-31T15:00+01:00,8229,10402,1192,2592,18231
2019-10-31T16:00+01:00,8228,10510,1135,2536,18633
2019-10-31T17:00+01:00,8229,10665,1141,2631,18945
2019-10-31T18:00+01:00,8232,10639,1150,2480,18394
2019-10-31T19:00+01:00,8236,10551,1172,2411,17866
2019-10-31T20:00+01:00,8236,10428,1161,2156,17197
2019-10-31T21:00+01:00,8238,10106,1120,2163,16786
2019-10-31T22:00+01:00,8238,9293,1109,2162,16208
2019-10-31T23:00+01:00,8240,8064,1078,2029,15307
2019-11-01T00:00+01:00,8244,7137,1076,2012,15067
2019-11-01T01:00+01:00,8244,6470,1080,1886,14552
2019-11-01T02:00+01:00,8246,6431,1081,1758,14503
2019-11-01T03:00+01:00,8245,6414,1084,1639,14560
2019-11-01T04:00+01:00,8246,6791,1080,1537,14852
2019-11-01T05:00+01:00,8244,8446,1090,1351,15740
2019-11-01T06:00+01:00,8240,10078,1106,1327,17529
2019-11-01T07:00+01:00,8237,11131,1114,1149,18491
2019-11-01T08:00+01:00,8232,11344,1140,1090,18881
2019-11-01T09:00+01:00,8234,11596,1180,1001,18772
2019-11-01T10:00+01:00,8237,11153,1212,954,18833
2019-11-01T11:00+01:00,8238,11186,1252,926,18491
2019-11-01T12:00+01:00,8240,10855,1222,968,18158
2019-11-01T13:00+01:00,8236,10807,1220,1015,17987
2019-11-01T14:00+01:00,8232,10589,1205,1144,17819
2019-11-01T15:00+01:00,8228,10556,1175,1460,18069
2019-11-01T16:00+01:00,8223,10887,1183,1705,18837
2019-11-01T17:00+01:00,8223,11173,1187,1918,18962
2019-11-01T18:00+01:00,8222,10943,1170,2225,18395
2019-11-01T19:00+01:00,8226,10445,1156,2357,17521
2019-11-01T20:00+01:00,8231,9544,1152,2478,17013
2019-11-01T21:00+01:00,8231,8529,1147,2326,16070
2019-11-01T22:00+01:00,8235,7096,1164,2246,15473
2019-11-01T23:00+01:00,8236,5648,1162,2148,14685
2019-11-02T00:00+01:00,8100,5142,1156,1966,14440
2019-11-02T01:00+01:00,7985,4670,1148,1821,14168
2019-11-02T02:00+01:00,7949,4876,1148,1833,13917
2019-11-02T03:00+01:00,7950,4907,1119,1708,14018
2019-11-02T04:00+01:00,7903,5030,1118,1592,14163
2019-11-02T05:00+01:00,7901,5308,1117,1302,14222
2019-11-02T06:00+01:00,7904,6569,1120,1141,14562
2019-11-02T07:00+01:00,7905,7285,1133,958,14925
2019-11-02T08:00+01:00,7902,8138,1120,760,15704
2019-11-02T09:00+01:00,7901,8925,1125,554,16368
2019-11-02T10:00+01:00,7899,9518,1131,451,16690
2019-11-02T11:00+01:00,7900,9213,1125,395,16731
2019-11-02T12:00+01:00,7900,9194,1153,384,16562
2019-11-02T13:00+01:00,7900,9071,1170,430,16465
2019-11-02T14:00+01:00,7902,9127,1180,588,16441
2019-11-02T15:00+01:00,7904,9414,1162,757,16541
2019-11-02T16:00+01:00,7901,9930,1165,993,17139
2019-11-02T17:00+01:00,7900,10370,1192,1283,17303
2019-11-02T18:00+01:00,7900,10600,1184,1474,17039
2019-11-02T19:00+01:00,7815,9918,1193,1711,16477
2019-11-02T20:00+01:00,7654,9497,1194,1860,16033
2019-11-02T21:00+01:00,7557,8843,1184,1960,15770
2019-11-02T22:00+01:00,7561,7768,1166,2090,15051
2019-11-02T23:00+01:00,7604,7014,1150,2097,14290
2019-11-03T00:00+01:00,7618,6223,1107,2118,13720
2019-11-03T01:00+01:00,7622,5605,1100,2137,13612
2019-11-03T02:00+01:00,7623,5187,1099,2163,13446
2019-11-03T03:00+01:00,7622,5079,1115,2310,13528
2019-11-03T04:00+01:00,7623,5142,1113,2404,13559
2019-11-03T05:00+01:00,7625,5657,1126,2500,13765
2019-11-03T06:00+01:00,7623,6333,1141,2478,13902
2019-11-03T07:00+01:00,7621,7575,1147,2498,14252
2019-11-03T08:00+01:00,7598,8600,1147,2588,15000
2019-11-03T09:00+01:00,7586,9290,1167,2510,15706
2019-11-03T10:00+01:00,7591,9973,1190,2447,16434
2019-11-03T11:00+01:00,7596,10355,1205,2298,16788
2019-11-03T12:00+01:00,7596,10676,1204,2200,16771
2019-11-03T13:00+01:00,7598,10217,1215,2271,16465
2019-11-03T14:00+01:00,7600,10259,1212,2481,16707
2019-11-03T15:00+01:00,7599,10255,1207,2771,16905
2019-11-03T16:00+01:00,7595,10769,1245,3005,17568
2019-11-03T17:00+01:00,7592,11203,1260,3047,17939
2019-11-03T18:00+01:00,7597,11306,1274,3169,17926
2019-11-03T19:00+01:00,7598,10803,1243,3064,17395
2019-11-03T20:00+01:00,7601,10124,1218,3035,16708
2019-11-03T21:00+01:00,7605,9113,1214,2987,16132
2019-11-03T22:00+01:00,7606,8205,1217,3041,15469
2019-11-03T23:00+01:00,7608,7211,1202,2974,14766
2019-11-04T00:00+01:00,7609,5583,1123,2965,14562
2019-11-04T01:00+01:00,7608,5208,1122,2898,14539
2019-11-04T02:00+01:00,7606,5184,1133,2874,14686
2019-11-04T03:00+01:00,7607,5225,1135,2753,14743
2019-11-04T04:00+01:00,7608,5687,1154,2726,14995
2019-11-04T05:00+01:00,7606,7441,1165,2673,16057
2019-11-04T06:00+01:00,7604,9231,1170,2693,17804
2019-11-04T07:00+01:00,7598,10860,1209,2665,19315
2019-11-04T08:00+01:00,7594,11015,1202,2528,19597
2019-11-04T09:00+01:00,7591,10916,1229,2495,19567
2019-11-04T10:00+01:00,7593,10884,1226,2498,19681
2019-11-04T11:00+01:00,7596,10829,1239,2494,19475
2019-11-04T12:00+01:00,7592,10935,1240,2508,19357
2019-11-04T13:00+01:00,7593,10900,1238,2516,19329
2019-11-04T14:00+01:00,7592,10898,1229,2597,19492
2019-11-04T15:00+01:00,7593,11105,1221,2738,19695
2019-11-04T16:00+01:00,7591,11128,1229,2880,20132
2019-11-04T17:00+01:00,7592,11076,1238,2927,20363
2019-11-04T18:00+01:00,7596,10862,1241,3050,20044
2019-11-04T19:00+01:00,7597,10668,1226,3053,19770
2019-11-04T20:00+01:00,7597,10410,1189,2972,18926
2019-11-04T21:00+01:00,7600,9564,1186,2952,18222
2019-11-04T22:00+01:00,7599,7729,1178,2885,17236
2019-11-04T23:00+01:00,7601,6812,1157,2855,16351
2019-11-05T00:00+01:00,7599,6132,1240,2728,15856
2019-11-05T01:00+01:00,7599,5928,1244,2597,15830
2019-11-05T02:00+01:00,7598,5847,1243,2539,15692
2019-11-05T03:00+01:00,7600,5883,1245,2398,15596
2019-11-05T04:00+01:00,7599,6784,1258,2376,16039
2019-11-05T05:00+01:00,7594,8444,1281,2335,17154
2019-11-05T06:00+01:00,7594,9716,1298,2272,19005
2019-11-05T07:00+01:00,7596,10805,1316,2251,20408
2019-11-05T08:00+01:00,7597,11365,1320,2132,20382
2019-11-05T09:00+01:00,7598,11275,1337,2169,20211
2019-11-05T10:00+01:00,7594,11093,1346,2118,20113
2019-11-05T11:00+01:00,7596,10971,1345,2047,20017
2019-11-05T12:00+01:00,7595,10952,1358,1919,19817
2019-11-05T13:00+01:00,7593,10960,1348,1910,19728
2019-11-05T14:00+01:00,7590,10957,1327,1993,19976
2019-11-05T15:00+01:00,7588,11074,1329,2109,20285
2019-11-05T16:00+01:00,7588,11155,1328,2198,20845
2019-11-05T17:00+01:00,7584,11383,1350,2221,21240
2019-11-05T18:00+01:00,7581,11413,1369,2167,20809
2019-11-05T19:00+01:00,7574,11363,1395,2106,20328
2019-11-05T20:00+01:00,7574,11121,1392,2003,19766
2019-11-05T21:00+01:00,7585,10724,1349,1863,18932
2019-11-05T22:00+01:00,7590,9747,1335,1783,17781
2019-11-05T23:00+01:00,7596,8183,1317,1672,16943
2019-11-06T00:00+01:00,7599,7088,1295,1648,16451
2019-11-06T01:00+01:00,7601,6974,1278,1551,16029
2019-11-06T02:00+01:00,7601,6962,1277,1536,16076
2019-11-06T03:00+01:00,7603,6969,1260,1509,16345
2019-11-06T04:00+01:00,7599,7333,1253,1453,16548
2019-11-06T05:00+01:00,7596,8469,1264,1395,17549
2019-11-06T06:00+01:00,7593,9523,1284,1441,19768
2019-11-06T07:00+01:00,7592,11404,1300,1305,21156
2019-11-06T08:00+01:00,7597,11440,1343,1228,21056
2019-11-06T09:00+01:00,7598,11352,1342,1091,20994
2019-11-06T10:00+01:00,7599,11485,1346,936,20875
2019-11-06T11:00+01:00,7597,11473,1408,852,20673
2019-11-06T12:00+01:00,7600,11231,1391,780,20199
2019-11-06T13:00+01:00,7598,11406,1387,721,20305
2019-11-06T14:00+01:00,7598,11396,1404,725,20318
2019-11-06T15:00+01:00,7597,11435,1409,800,20538
2019-11-06T16:00+01:00,7600,11775,1427,882,20935
2019-11-06T17:00+01:00,7599,11968,1440,1013,21366
2019-11-06T18:00+01:00,7598,11951,1427,952,20818
2019-11-06T19:00+01:00,7600,11654,1416,983,20292
2019-11-06T20:00+01:00,7600,11675,1365,900,19605
2019-11-06T21:00+01:00,7600,10712,1338,908,19000
2019-11-06T22:00+01:00,7605,9772,1260,924,17904
2019-11-06T23:00+01:00,7610,8570,1264,896,16964
2019-11-07T00:00+01:00,7611,7402,1242,898,16472
2019-11-07T01:00+01:00,7610,7194,1209,890,16149
2019-11-07T02:00+01:00,7607,7204,1202,838,16032
2019-11-07T03:00+01:00,7608,7202,1200,769,16108
2019-11-07T04:00+01:00,7608,7488,1201,775,16454
2019-11-07T05:00+01:00,7603,8090,1210,745,17396
2019-11-07T06:00+01:00,7598,10047,1228,767,19107
2019-11-07T07:00+01:00,7597,11585,1251,702,20450
2019-11-07T08:00+01:00,7602,11703,1323,712,20652
2019-11-07T09:00+01:00,7606,11750,1271,590,20565
2019-11-07T10:00+01:00,7609,11585,1266,562,20677
2019-11-07T11:00+01:00,7611,11279,1244,527,20521
2019-11-07T12:00+01:00,7603,11057,1248,503,20256
2019-11-07T13:00+01:00,7599,11025,1240,571,20161
2019-11-07T14:00+01:00,7598,11030,1245,553,20254
2019-11-07T15:00+01:00,7597,11456,1279,580,20331
2019-11-07T16:00+01:00,7596,12032,1315,651,20699
2019-11-07T17:00+01:00,7598,12083,1350,724,20740
2019-11-07T18:00+01:00,7602,11671,1352,889,20443
2019-11-07T19:00+01:00,7604,11424,1355,742,19857
2019-11-07T20:00+01:00,7604,11071,1363,761,19222
2019-11-07T21:00+01:00,7607,10385,1349,758,18389
2019-11-07T22:00+01:00,7610,9804,1306,771,17438
2019-11-07T23:00+01:00,7608,8380,1258,810,16452
2019-11-08T00:00+01:00,7609,6728,1184,941,15751
2019-11-08T01:00+01:00,7607,6486,1178,1079,15618
2019-11-08T02:00+01:00,7607,6461,1166,1128,15485
2019-11-08T03:00+01:00,7608,6610,1163,1132,15352
2019-11-08T04:00+01:00,7606,6937,1172,1188,15498
2019-11-08T05:00+01:00,7604,7543,1200,1252,16320
2019-11-08T06:00+01:00,7601,9134,1242,1339,18359
2019-11-08T07:00+01:00,7600,11193,1251,1353,19830
2019-11-08T08:00+01:00,7597,11480,1240,1282,20220
2019-11-08T09:00+01:00,7597,11472,1252,1221,19961
2019-11-08T10:00+01:00,7598,11461,1258,1208,20112
2019-11-08T11:00+01:00,7598,11491,1260,1205,19981
2019-11-08T12:00+01:00,7586,11128,1255,1218,19618
2019-11-08T13:00+01:00,7571,11083,1253,1179,19415
2019-11-08T14:00+01:00,7585,11081,1244,1191,19351
2019-11-08T15:00+01:00,7590,11456,1250,1183,19523
2019-11-08T16:00+01:00,7595,11747,1260,1202,19890
2019-11-08T17:00+01:00,7594,11858,1266,1190,19872
2019-11-08T18:00+01:00,7596,11606,1262,1244,19453
2019-11-08T19:00+01:00,7602,11423,1236,1239,18869
2019-11-08T20:00+01:00,7609,11064,1223,1202,17990
2019-11-08T21:00+01:00,7607,10119,1211,1190,17120
2019-11-08T22:00+01:00,7610,9496,1204,1109,16430
2019-11-08T23:00+01:00,7613,7564,1185,1239,15765
2019-11-09T00:00+01:00,7610,6547,1148,1197,15032
2019-11-09T01:00+01:00,7614,6057,1145,1147,14911
2019-11-09T02:00+01:00,7616,5855,1148,1258,14760
2019-11-09T03:00+01:00,7617,5744,1136,1352,14744
2019-11-09T04:00+01:00,7617,5752,1153,1441,14801
2019-11-09T05:00+01:00,7615,5911,1112,1579,15068
2019-11-09T06:00+01:00,7612,6746,1127,1600,15461
2019-11-09T07:00+01:00,7611,7249,1128,1674,15908
2019-11-09T08:00+01:00,7610,8101,1156,1732,16783
2019-11-09T09:00+01:00,7607,8694,1160,1809,17384
2019-11-09T10:00+01:00,7606,8866,1159,1876,17910
2019-11-09T11:00+01:00,7605,8826,1151,1934,18252
2019-11-09T12:00+01:00,7606,8749,1177,1925,18328
2019-11-09T13:00+01:00,7607,8399,1181,2144,18123
2019-11-09T14:00+01:00,7605,8204,1184,2312,18129
2019-11-09T15:00+01:00,7603,8457,1185,2519,18524
2019-11-09T16:00+01:00,7603,8816,1204,2670,19248
2019-11-09T17:00+01:00,7601,9974,1237,2724,19369
2019-11-09T18:00+01:00,7602,9767,1262,2808,19017
2019-11-09T19:00+01:00,7604,9064,1226,2887,18443
2019-11-09T20:00+01:00,7605,8368,1218,3039,17721
2019-11-09T21:00+01:00,7607,7370,1235,3026,16911
2019-11-09T22:00+01:00,7609,6610,1225,3100,16590
2019-11-09T23:00+01:00,7609,5958,1213,3173,15934
2019-11-10T00:00+01:00,7609,5478,1213,3005,15388
2019-11-10T01:00+01:00,7608,5046,1232,3063,15067
2019-11-10T02:00+01:00,7608,4928,1236,2978,14781
2019-11-10T03:00+01:00,7606,4904,1223,3028,14769
2019-11-10T04:00+01:00,7602,4980,1252,2991,14908
2019-11-10T05:00+01:00,7601,5139,1250,2992,15125
2019-11-10T06:00+01:00,7602,5671,1240,2982,15576
2019-11-10T07:00+01:00,7603,6202,1240,2913,16046
2019-11-10T08:00+01:00,7601,6576,1220,2820,16542
2019-11-10T09:00+01:00,7600,7280,1214,2770,17191
2019-11-10T10:00+01:00,7597,7529,1210,2643,17640
2019-11-10T11:00+01:00,7596,7735,1235,2583,18142
2019-11-10T12:00+01:00,7595,7774,1225,2448,18178
2019-11-10T13:00+01:00,7594,7873,1220,2295,18085
2019-11-10T14:00+01:00,7593,7966,1212,2110,17862
2019-11-10T15:00+01:00,7592,8540,1231,2079,18345
2019-11-10T16:00+01:00,7589,10284,1240,2049,19187
2019-11-10T17:00+01:00,7587,10878,1239,1920,19529
2019-11-10T18:00+01:00,7588,10719,1243,1828,19428
2019-11-10T19:00+01:00,7590,10413,1220,1715,18946
2019-11-10T20:00+01:00,7589,9873,1202,1603,18456
2019-11-10T21:00+01:00,7592,9637,1194,1545,17835
2019-11-10T22:00+01:00,7593,8219,1206,1556,17102
2019-11-10T23:00+01:00,7596,7156,1178,1559,16223
2019-11-11T00:00+01:00,7600,6457,1191,1487,15838
2019-11-11T01:00+01:00,7601,6246,1188,1563,15634
2019-11-11T02:00+01:00,7600,6218,1186,1559,15474
2019-11-11T03:00+01:00,7600,6210,1189,1649,15535
2019-11-11T04:00+01:00,7601,6445,1193,1744,15787
2019-11-11T05:00+01:00,7599,7492,1203,1799,16623
2019-11-11T06:00+01:00,7590,9341,1210,1884,18752
2019-11-11T07:00+01:00,7577,11403,1237,1905,20338
2019-11-11T08:00+01:00,7569,11660,1270,1856,20466
2019-11-11T09:00+01:00,7568,11568,1284,1908,20343
2019-11-11T10:00+01:00,7572,11465,1293,1802,20126
2019-11-11T11:00+01:00,7586,11271,1303,1803,20215
2019-11-11T12:00+01:00,7590,11095,1323,1739,20131
2019-11-11T13:00+01:00,7592,11168,1334,1730,20030
2019-11-11T14:00+01:00,7593,10634,1354,1694,19855
2019-11-11T15:00+01:00,7591,10932,1363,1768,20325
2019-11-11T16:00+01:00,7590,11217,1347,1946,20615
2019-11-11T17:00+01:00,7590,11567,1357,1970,20676
2019-11-11T18:00+01:00,7593,11195,1359,2130,20208
2019-11-11T19:00+01:00,7596,9602,1380,2393,19744
2019-11-11T20:00+01:00,7597,9069,1381,2493,18866
2019-11-11T21:00+01:00,7586,8396,1359,2655,18095
2019-11-11T22:00+01:00,7588,7544,1304,2733,17079
2019-11-11T23:00+01:00,7590,6842,1295,2619,15854
2019-11-12T00:00+01:00,7564,6028,1250,2674,15279
2019-11-12T01:00+01:00,7414,5669,1255,2600,14812
2019-11-12T02:00+01:00,7253,5621,1258,2754,15033
2019-11-12T03:00+01:00,7254,5641,1264,2828,15111
2019-11-12T04:00+01:00,7181,6027,1266,2895,15383
2019-11-12T05:00+01:00,7039,6920,1298,2956,15950
2019-11-12T06:00+01:00,7034,8935,1322,2899,17741
2019-11-12T07:00+01:00,7065,10465,1336,2906,19350
2019-11-12T08:00+01:00,7101,10729,1354,2825,19449
2019-11-12T09:00+01:00,7101,10425,1363,2829,19549
2019-11-12T10:00+01:00,7097,10320,1356,2701,19552
2019-11-12T11:00+01:00,7093,10189,1356,2534,19526
2019-11-12T12:00+01:00,7099,10121,1351,2558,19447
2019-11-12T13:00+01:00,7097,10160,1340,2629,19325
2019-11-12T14:00+01:00,7100,10442,1354,2534,19297
2019-11-12T15:00+01:00,7104,10662,1360,2685,19757
2019-11-12T16:00+01:00,7095,10963,1388,2841,20187
2019-11-12T17:00+01:00,7080,10876,1397,2920,20254
2019-11-12T18:00+01:00,7069,10636,1397,2981,19902
2019-11-12T19:00+01:00,7070,10248,1366,2922,19100
2019-11-12T20:00+01:00,7068,9587,1339,2879,18279
2019-11-12T21:00+01:00,6978,8425,1258,2990,17727
2019-11-12T22:00+01:00,6998,7388,1178,2873,16695
2019-11-12T23:00+01:00,7045,6459,1159,2823,15841
2019-11-13T00:00+01:00,7051,5945,1160,2794,15265
2019-11-13T01:00+01:00,6996,5836,1169,2689,14979
2019-11-13T02:00+01:00,6975,5820,1183,2459,14965
2019-11-13T03:00+01:00,7061,5931,1183,2500,15221
2019-11-13T04:00+01:00,7035,6516,1192,2344,15414
2019-11-13T05:00+01:00,7014,8136,1177,2070,16194
2019-11-13T06:00+01:00,7047,9830,1212,2137,18060
2019-11-13T07:00+01:00,7058,10625,1247,1924,19532
2019-11-13T08:00+01:00,7064,10669,1274,1834,19480
2019-11-13T09:00+01:00,7069,10774,1306,1663,19546
2019-11-13T10:00+01:00,7079,10745,1291,1429,19394
2019-11-13T11:00+01:00,7080,10691,1249,1209,19356
2019-11-13T12:00+01:00,7081,10872,1247,1070,19200
2019-11-13T13:00+01:00,7079,10972,1241,931,18978
2019-11-13T14:00+01:00,7080,11049,1241,807,19209
2019-11-13T15:00+01:00,7075,11143,1240,842,19521
2019-11-13T16:00+01:00,7058,11328,1243,826,19882
2019-11-13T17:00+01:00,7040,11334,1252,823,19941
2019-11-13T18:00+01:00,7041,11212,1247,853,19569
2019-11-13T19:00+01:00,6997,11226,1235,805,19279
2019-11-13T20:00+01:00,6922,11092,1215,758,18621
2019-11-13T21:00+01:00,7086,10537,1217,611,17600
2019-11-13T22:00+01:00,7163,9239,1211,639,16658
2019-11-13T23:00+01:00,7326,8456,1168,570,15603
2019-11-14T00:00+01:00,7438,6961,1104,555,14754
2019-11-14T01:00+01:00,7438,6544,1078,498,14666
2019-11-14T02:00+01:00,7439,6346,1091,448,14570
2019-11-14T03:00+01:00,7439,6370,1096,393,14572
2019-11-14T04:00+01:00,7438,6691,1110,402,14761
2019-11-14T05:00+01:00,7436,7770,1138,420,15534
2019-11-14T06:00+01:00,7430,10523,1178,449,17935
2019-11-14T07:00+01:00,7430,11505,1206,442,19496
2019-11-14T08:00+01:00,7430,11527,1226,406,19493
2019-11-14T09:00+01:00,7431,11516,1252,393,19505
2019-11-14T10:00+01:00,7433,11486,1267,379,19391
2019-11-14T11:00+01:00,7433,11371,1276,360,19399
2019-11-14T12:00+01:00,7428,11550,1282,349,19466
2019-11-14T13:00+01:00,7426,11555,1287,371,19357
2019-11-14T14:00+01:00,7429,11519,1286,419,19365
2019-11-14T15:00+01:00,7430,11528,1280,523,19617
2019-11-14T16:00+01:00,7427,11584,1272,605,20028
2019-11-14T17:00+01:00,7430,11553,1281,695,20097
2019-11-14T18:00+01:00,7432,11169,1273,791,19697
2019-11-14T19:00+01:00,7435,10856,1269,896,19251
2019-11-14T20:00+01:00,7438,10420,1252,1021,18716
2019-11-14T21:00+01:00,7440,9789,1217,961,17857
2019-11-14T22:00+01:00,7442,8762,1172,1017,16981
2019-11-14T23:00+01:00,7441,7570,1155,1066,15938
2019-11-15T00:00+01:00,7440,6770,1154,1095,15210
2019-11-15T01:00+01:00,7440,6558,1149,1269,15181
2019-11-15T02:00+01:00,7440,6390,1142,1231,15147
2019-11-15T03:00+01:00,7536,6407,1145,1174,14864
2019-11-15T04:00+01:00,7541,6582,1143,1170,14914
2019-11-15T05:00+01:00,7539,7742,1176,1330,15648
2019-11-15T06:00+01:00,7535,8716,1209,1582,17529
2019-11-15T07:00+01:00,7554,9889,1240,1659,19037
2019-11-15T08:00+01:00,7559,10381,1261,1682,19195
2019-11-15T09:00+01:00,7559,10291,1241,1851,19190
2019-11-15T10:00+01:00,7560,9939,1251,1842,19076
2019-11-15T11:00+01:00,7563,9991,1250,1916,19004
2019-11-15T12:00+01:00,7561,10280,1265,2043,19175
2019-11-15T13:00+01:00,7565,10345,1283,2188,19088
2019-11-15T14:00+01:00,7569,10255,1284,2160,18794
2019-11-15T15:00+01:00,7569,10602,1284,2234,19130
2019-11-15T16:00+01:00,7565,10821,1261,2305,19553
2019-11-15T17:00+01:00,7561,10861,1265,2349,19517
2019-11-15T18:00+01:00,7560,10661,1257,2373,18948
2019-11-15T19:00+01:00,7564,10317,1248,2449,18170
2019-11-15T20:00+01:00,7566,9846,1219,2456,17332
2019-11-15T21:00+01:00,7569,9423,1208,2432,16506
2019-11-15T22:00+01:00,7575,8516,1201,2394,15781
2019-11-15T23:00+01:00,7581,7229,1173,2379,15080
2019-11-16T00:00+01:00,7582,6024,1144,2396,14537
2019-11-16T01:00+01:00,7578,5486,1131,2341,14224
2019-11-16T02:00+01:00,7573,5340,1147,2321,13991
2019-11-16T03:00+01:00,7563,5568,1142,2314,13998
2019-11-16T04:00+01:00,7571,5587,1137,2311,14040
2019-11-16T05:00+01:00,7575,5726,1137,2357,14285
2019-11-16T06:00+01:00,7578,6643,1151,2379,14879
2019-11-16T07:00+01:00,7579,7790,1166,2436,15420
2019-11-16T08:00+01:00,7574,9420,1174,2499,16301
2019-11-16T09:00+01:00,7570,9652,1205,2471,16921
2019-11-16T10:00+01:00,7573,9672,1204,2462,17157
2019-11-16T11:00+01:00,7579,9441,1211,2513,17403
2019-11-16T12:00+01:00,7580,9032,1202,2493,17243
2019-11-16T13:00+01:00,7582,8894,1195,2549,17225
2019-11-16T14:00+01:00,7583,8903,1187,2608,17196
2019-11-16T15:00+01:00,7584,8935,1182,2660,17356
2019-11-16T16:00+01:00,7577,9534,1199,2759,17867
2019-11-16T17:00+01:00,7545,10030,1194,2821,17664
2019-11-16T18:00+01:00,7537,9367,1187,2993,17304
2019-11-16T19:00+01:00,7574,8882,1178,3128,16872
2019-11-16T20:00+01:00,7584,7980,1156,3107,16309
2019-11-16T21:00+01:00,7585,7419,1124,3014,15610
2019-11-16T22:00+01:00,7587,6387,1117,3177,15074
2019-11-16T23:00+01:00,7587,5502,1111,3142,14399
2019-11-17T00:00+01:00,7586,4548,1075,3196,14030
2019-11-17T01:00+01:00,7586,4077,1068,3327,13874
2019-11-17T02:00+01:00,7584,3991,1069,3262,13912
2019-11-17T03:00+01:00,7582,3946,1078,3167,13872
2019-11-17T04:00+01:00,7580,4018,1085,3057,13878
2019-11-17T05:00+01:00,7573,4174,1094,2872,14067
2019-11-17T06:00+01:00,7570,4489,1104,2779,14448
2019-11-17T07:00+01:00,7570,5019,1124,2655,14974
2019-11-17T08:00+01:00,7573,5927,1145,2403,15377
2019-11-17T09:00+01:00,7572,7186,1158,2213,15860
2019-11-17T10:00+01:00,7572,8227,1150,2052,16484
2019-11-17T11:00+01:00,7571,8977,1171,1743,16844
2019-11-17T12:00+01:00,7571,8915,1156,1489,16633
2019-11-17T13:00+01:00,7571,8968,1148,1305,16862
2019-11-17T14:00+01:00,7575,9001,1134,1087,16781
2019-11-17T15:00+01:00,7574,9525,1127,960,17359
2019-11-17T16:00+01:00,7571,10061,1126,915,18076
2019-11-17T17:00+01:00,7568,10896,1113,770,18355
2019-11-17T18:00+01:00,7569,10799,1070,650,17832
2019-11-17T19:00+01:00,7573,10198,1034,613,17312
2019-11-17T20:00+01:00,7577,9703,1040,703,16884
2019-11-17T21:00+01:00,7577,8851,1011,711,16126
2019-11-17T22:00+01:00,7578,7551,994,783,15354
2019-11-17T23:00+01:00,7579,6575,1001,882,14587
2019-11-18T00:00+01:00,7580,6340,1066,1043,14184
2019-11-18T01:00+01:00,7580,6007,1081,1252,13835
2019-11-18T02:00+01:00,7580,5863,1102,1467,13755
2019-11-18T03:00+01:00,7580,5811,1110,1596,13889
2019-11-18T04:00+01:00,7580,6475,1127,1740,14289
2019-11-18T05:00+01:00,7580,7498,1142,2034,15012
2019-11-18T06:00+01:00,7575,9167,1190,2245,17036
2019-11-18T07:00+01:00,7572,10388,1205,2393,18618
2019-11-18T08:00+01:00,7565,10640,1220,2492,18833
2019-11-18T09:00+01:00,7551,10763,1234,2577,18813
2019-11-18T10:00+01:00,7566,10643,1223,2623,18813
2019-11-18T11:00+01:00,7563,10616,1217,2656,18928
2019-11-18T12:00+01:00,7565,10647,1203,2723,19002
2019-11-18T13:00+01:00,7561,10727,1192,2795,19154
2019-11-18T14:00+01:00,7559,10700,1190,2873,19124
2019-11-18T15:00+01:00,7552,10849,1185,2968,19448
2019-11-18T16:00+01:00,7547,11104,1206,3043,19610
2019-11-18T17:00+01:00,7550,10916,1214,3146,19744
2019-11-18T18:00+01:00,7554,10465,1230,3042,19062
2019-11-18T19:00+01:00,7561,9775,1217,2932,18197
2019-11-18T20:00+01:00,7565,9206,1165,2734,17372
2019-11-18T21:00+01:00,7518,8948,1140,2637,16583
2019-11-18T22:00+01:00,7427,7901,1106,2570,15498
2019-11-18T23:00+01:00,7427,6499,1094,2595,14949
2019-11-19T00:00+01:00,7432,5435,1001,2569,14287
2019-11-19T01:00+01:00,7429,5012,998,2559,14086
2019-11-19T02:00+01:00,7429,4980,989,2636,14001
2019-11-19T03:00+01:00,7515,4998,997,2757,13936
2019-11-19T04:00+01:00,7757,5217,1006,2743,13872
2019-11-19T05:00+01:00,7828,6339,1027,2797,14929
2019-11-19T06:00+01:00,7916,7889,1069,2753,16501
2019-11-19T07:00+01:00,7922,9785,1106,2756,18140
2019-11-19T08:00+01:00,7917,10429,1112,2764,18767
2019-11-19T09:00+01:00,7918,10104,1087,2840,18463
2019-11-19T10:00+01:00,7916,9849,1096,2717,18333
2019-11-19T11:00+01:00,7921,9903,1099,2836,18649
2019-11-19T12:00+01:00,7921,9926,1095,2924,18559
2019-11-19T13:00+01:00,7919,9989,1103,2969,18451
2019-11-19T14:00+01:00,7923,10125,1100,3051,18546
2019-11-19T15:00+01:00,7925,10365,1103,3308,19026
2019-11-19T16:00+01:00,7926,10450,1112,3398,19441
2019-11-19T17:00+01:00,7926,10412,1124,3418,19414
2019-11-19T18:00+01:00,7929,10210,1109,3329,18827
2019-11-19T19:00+01:00,7934,9603,1091,3283,18217
2019-11-19T20:00+01:00,7936,9072,1087,3100,17306
2019-11-19T21:00+01:00,7940,8710,1085,3038,16688
2019-11-19T22:00+01:00,7942,7526,1085,2982,15484
2019-11-19T23:00+01:00,7943,7039,1080,2665,14516
2019-11-20T00:00+01:00,7957,6507,1022,2474,13939
2019-11-20T01:00+01:00,8083,6296,1027,2370,13680
2019-11-20T02:00+01:00,8095,6210,1036,2127,13681
2019-11-20T03:00+01:00,8093,6163,1033,1938,13662
2019-11-20T04:00+01:00,8092,6382,1046,1824,13993
2019-11-20T05:00+01:00,8090,7618,1056,1759,14952
2019-11-20T06:00+01:00,8086,9736,1095,1453,17079
2019-11-20T07:00+01:00,8087,10996,1151,1307,18514
2019-11-20T08:00+01:00,8097,11169,1199,1238,18699
2019-11-20T09:00+01:00,8097,11230,1232,1108,18622
2019-11-20T10:00+01:00,8102,11199,1241,1029,18664
2019-11-20T11:00+01:00,8114,11039,1245,1030,18598
2019-11-20T12:00+01:00,8128,11178,1226,993,18579
2019-11-20T13:00+01:00,8129,11196,1204,1067,18294
2019-11-20T14:00+01:00,8143,11274,1208,1182,18336
2019-11-20T15:00+01:00,8153,11289,1196,1350,18537
2019-11-20T16:00+01:00,8152,11432,1187,1604,18870
2019-11-20T17:00+01:00,8155,11544,1174,1792,19066
2019-11-20T18:00+01:00,8156,11387,1194,2028,18837
2019-11-20T19:00+01:00,8157,10562,1157,2188,18250
2019-11-20T20:00+01:00,8167,10161,1174,2272,17465
2019-11-20T21:00+01:00,8184,9095,1094,2335,16278
2019-11-20T22:00+01:00,8187,8159,1092,2547,15435
2019-11-20T23:00+01:00,8188,7476,1085,2672,14469
2019-11-21T00:00+01:00,8190,6205,1093,2642,13912
2019-11-21T01:00+01:00,8191,5775,1092,2740,13808
2019-11-21T02:00+01:00,8194,5569,1078,2642,13401
2019-11-21T03:00+01:00,8194,5609,1079,2619,13417
2019-11-21T04:00+01:00,8193,5956,1090,2646,13666
2019-11-21T05:00+01:00,8191,6758,1104,2709,14290
2019-11-21T06:00+01:00,8188,8876,1130,2618,16174
2019-11-21T07:00+01:00,8187,9827,1164,2724,17775
2019-11-21T08:00+01:00,7895,9814,1197,2771,18439
2019-11-21T09:00+01:00,7704,9605,1193,2888,18676
2019-11-21T10:00+01:00,7674,9777,1196,2879,18689
2019-11-21T11:00+01:00,7670,9849,1224,3046,19009
2019-11-21T12:00+01:00,7671,9904,1232,2884,18886
2019-11-21T13:00+01:00,7674,10000,1243,2849,18880
2019-11-21T14:00+01:00,7671,10003,1226,2848,18739
2019-11-21T15:00+01:00,7670,10063,1185,2806,19258
2019-11-21T16:00+01:00,7714,10146,1176,2830,19457
2019-11-21T17:00+01:00,7826,10163,1159,2916,19485
2019-11-21T18:00+01:00,7946,9798,1162,2903,19128
2019-11-21T19:00+01:00,8086,9356,1153,2968,18506
2019-11-21T20:00+01:00,8136,8727,1142,2889,17873
2019-11-21T21:00+01:00,8143,7826,1130,2769,16928
2019-11-21T22:00+01:00,8147,7273,1103,2793,16017
2019-11-21T23:00+01:00,8159,6178,1092,2831,14888
2019-11-22T00:00+01:00,8194,5624,1099,2903,14500
2019-11-22T01:00+01:00,8192,5369,1095,2731,14063
2019-11-22T02:00+01:00,8193,5458,1100,2798,14075
2019-11-22T03:00+01:00,8194,5416,1092,2804,14096
2019-11-22T04:00+01:00,8194,5814,1097,2871,14227
2019-11-22T05:00+01:00,8192,7143,1122,2891,15086
2019-11-22T06:00+01:00,8190,9101,1162,2824,16933
2019-11-22T07:00+01:00,8190,10535,1226,2933,18755
2019-11-22T08:00+01:00,8190,10724,1232,2967,19024
2019-11-22T09:00+01:00,8192,10571,1236,2794,18790
2019-11-22T10:00+01:00,8193,10576,1235,2776,18801
2019-11-22T11:00+01:00,8192,10454,1244,2700,18970
2019-11-22T12:00+01:00,8192,10613,1242,2587,18972
2019-11-22T13:00+01:00,8191,10475,1237,2541,18678
2019-11-22T14:00+01:00,8179,10529,1248,2572,18734
2019-11-22T15:00+01:00,8173,10558,1253,2587,18874
2019-11-22T16:00+01:00,8175,10655,1211,2736,19069
2019-11-22T17:00+01:00,8177,10616,1229,2759,18873
2019-11-22T18:00+01:00,8181,10136,1219,2719,18183
2019-11-22T19:00+01:00,8187,9445,1190,2685,17383
2019-11-22T20:00+01:00,8189,9030,1207,2581,16792
2019-11-22T21:00+01:00,8191,8690,1223,2449,16025
2019-11-22T22:00+01:00,8194,8014,1178,2284,15327
2019-11-22T23:00+01:00,8196,6303,1129,2205,14828
2019-11-23T00:00+01:00,8196,5474,1115,2181,14492
2019-11-23T01:00+01:00,8197,5092,1099,2117,14133
2019-11-23T02:00+01:00,8198,4971,1096,1969,13789
2019-11-23T03:00+01:00,8200,4798,1086,1927,13591
2019-11-23T04:00+01:00,8199,4804,1097,1864,13553
2019-11-23T05:00+01:00,8199,4981,1106,1862,13838
2019-11-23T06:00+01:00,8198,5659,1109,1894,14406
2019-11-23T07:00+01:00,8199,6586,1096,1845,15126
2019-11-23T08:00+01:00,8199,7212,1133,1943,15693
2019-11-23T09:00+01:00,8197,8093,1125,1981,16252
2019-11-23T10:00+01:00,8198,8544,1118,2020,17124
2019-11-23T11:00+01:00,8197,8561,1114,1965,16865
2019-11-23T12:00+01:00,8197,8599,1100,1931,17225
2019-11-23T13:00+01:00,8196,8590,1111,1921,17212
2019-11-23T14:00+01:00,8195,8629,1055,1936,17107
2019-11-23T15:00+01:00,8195,8811,1111,1983,17415
2019-11-23T16:00+01:00,8195,9247,1132,2037,17856
2019-11-23T17:00+01:00,8193,9326,1143,2096,17781
2019-11-23T18:00+01:00,8194,9424,1124,2168,17424
2019-11-23T19:00+01:00,8197,8286,1109,2248,16908
2019-11-23T20:00+01:00,8196,7985,1083,2225,16257
2019-11-23T21:00+01:00,8199,7587,1073,2156,15585
2019-11-23T22:00+01:00,8198,6848,1072,2119,14958
2019-11-23T23:00+01:00,8199,6059,1069,2030,14459
2019-11-24T00:00+01:00,8200,5350,1104,2023,14052
2019-11-24T01:00+01:00,8202,5147,1106,1979,14026
2019-11-24T02:00+01:00,8197,5189,1112,1947,13661
2019-11-24T03:00+01:00,8190,5023,1119,1935,13623
2019-11-24T04:00+01:00,8190,5004,1119,1973,13757
2019-11-24T05:00+01:00,8193,5106,1107,1992,14099
2019-11-24T06:00+01:00,8196,5505,1106,1959,14491
2019-11-24T07:00+01:00,8196,5820,1128,2015,14954
2019-11-24T08:00+01:00,8196,6512,1145,2014,15522
2019-11-24T09:00+01:00,8196,7190,1175,2006,16301
2019-11-24T10:00+01:00,8196,8027,1185,1944,16913
2019-11-24T11:00+01:00,8196,9016,1184,1809,17426
2019-11-24T12:00+01:00,8195,9043,1178,1705,17552
2019-11-24T13:00+01:00,8196,9078,1173,1753,17775
2019-11-24T14:00+01:00,8195,9280,1179,1705,17675
2019-11-24T15:00+01:00,8193,9455,1189,1734,18077
2019-11-24T16:00+01:00,8190,9880,1195,1726,18661
2019-11-24T17:00+01:00,8186,9964,1196,1744,18772
2019-11-24T18:00+01:00,8184,10076,1180,1772,18625
2019-11-24T19:00+01:00,8188,10052,1164,1749,18111
2019-11-24T20:00+01:00,8192,9982,1164,1675,17687
2019-11-24T21:00+01:00,8194,9760,1145,1538,17003
2019-11-24T22:00+01:00,8195,9511,1122,1418,16208
2019-11-24T23:00+01:00,8197,8548,1102,1364,15476
2019-11-25T00:00+01:00,8198,7111,1076,1268,14555
2019-11-25T01:00+01:00,8199,6433,1056,1217,14171
2019-11-25T02:00+01:00,8199,6210,1041,1158,14114
2019-11-25T03:00+01:00,8193,6102,1064,1172,14453
2019-11-25T04:00+01:00,8188,6530,1090,1229,14841
2019-11-25T05:00+01:00,8186,8851,1164,1135,15687
2019-11-25T06:00+01:00,8181,10634,1202,1101,17879
2019-11-25T07:00+01:00,8179,11502,1229,1056,19645
2019-11-25T08:00+01:00,8181,11609,1243,1000,19927
2019-11-25T09:00+01:00,8187,11654,1290,947,19959
2019-11-25T10:00+01:00,8185,11497,1297,859,19965
2019-11-25T11:00+01:00,8186,11508,1305,754,19970
2019-11-25T12:00+01:00,8186,11650,1314,626,20043
2019-11-25T13:00+01:00,8189,11667,1314,610,19992
2019-11-25T14:00+01:00,8192,11687,1334,608,20070
2019-11-25T15:00+01:00,8189,11681,1312,568,20420
2019-11-25T16:00+01:00,8186,11957,1360,595,20608
2019-11-25T17:00+01:00,8186,12026,1361,592,20364
2019-11-25T18:00+01:00,8190,11904,1393,653,19980
2019-11-25T19:00+01:00,8191,11659,1319,674,19517
2019-11-25T20:00+01:00,8191,11209,1284,653,18720
2019-11-25T21:00+01:00,8187,11008,1231,626,18132
2019-11-25T22:00+01:00,8191,10347,1234,529,17020
2019-11-25T23:00+01:00,8195,9842,1213,460,15932
2019-11-26T00:00+01:00,8195,7651,1137,446,14869
2019-11-26T01:00+01:00,8196,6917,1129,414,14679
2019-11-26T02:00+01:00,8195,6645,1125,463,14703
2019-11-26T03:00+01:00,8194,6574,1127,414,14608
2019-11-26T04:00+01:00,8194,6844,1145,411,14944
2019-11-26T05:00+01:00,8192,8412,1188,424,15862
2019-11-26T06:00+01:00,8189,10266,1224,476,17815
2019-11-26T07:00+01:00,8188,11576,1258,514,19541
2019-11-26T08:00+01:00,8188,11525,1275,522,19764
2019-11-26T09:00+01:00,8191,11610,1262,539,19558
2019-11-26T10:00+01:00,8190,11506,1235,582,19603
2019-11-26T11:00+01:00,8186,11515,1216,587,19742
2019-11-26T12:00+01:00,8186,11573,1195,598,19764
2019-11-26T13:00+01:00,8186,11614,1167,637,19675
2019-11-26T14:00+01:00,8188,11593,1200,686,19597
2019-11-26T15:00+01:00,8186,11684,1200,834,19967
2019-11-26T16:00+01:00,8187,11626,1274,1050,20087
2019-11-26T17:00+01:00,8187,11716,1255,1135,19839
2019-11-26T18:00+01:00,8187,11568,1236,1238,19497
2019-11-26T19:00+01:00,8188,11501,1236,1383,19201
2019-11-26T20:00+01:00,8189,10967,1185,1378,18390
2019-11-26T21:00+01:00,8189,10128,1157,1445,17688
2019-11-26T22:00+01:00,8189,9292,1139,1431,16512
2019-11-26T23:00+01:00,8189,8117,1130,1426,15418
2019-11-27T00:00+01:00,8190,7104,1156,1462,14812
2019-11-27T01:00+01:00,8185,6429,1174,1394,14419
2019-11-27T02:00+01:00,8183,6306,1161,1363,14214
2019-11-27T03:00+01:00,8183,6266,1190,1400,14304
2019-11-27T04:00+01:00,8179,6729,1212,1350,14521
2019-11-27T05:00+01:00,8171,8175,1272,1376,15573
2019-11-27T06:00+01:00,8170,9859,1301,1202,17398
2019-11-27T07:00+01:00,8167,11282,1289,1144,19334
2019-11-27T08:00+01:00,8170,11436,1286,1065,19670
2019-11-27T09:00+01:00,8173,11280,1295,989,19342
2019-11-27T10:00+01:00,8175,10963,1293,946,19224
2019-11-27T11:00+01:00,8179,11074,1262,967,19327
2019-11-27T12:00+01:00,8178,11076,1260,937,19494
2019-11-27T13:00+01:00,8178,10934,1273,1006,19467
2019-11-27T14:00+01:00,8177,10861,1227,1154,19319
2019-11-27T15:00+01:00,8179,11158,1238,1389,19902
2019-11-27T16:00+01:00,8179,11369,1273,1544,20031
2019-11-27T17:00+01:00,8174,11647,1289,1486,20093
2019-11-27T18:00+01:00,8177,11113,1317,1611,20018
2019-11-27T19:00+01:00,8180,10513,1288,1523,19340
2019-11-27T20:00+01:00,8184,10192,1234,1535,18615
2019-11-27T21:00+01:00,8185,9589,1196,1551,17664
2019-11-27T22:00+01:00,8188,8719,1170,1567,16699
2019-11-27T23:00+01:00,8191,7569,1166,1585,15817
2019-11-28T00:00+01:00,8191,6239,1149,1459,15022
2019-11-28T01:00+01:00,8190,5853,1148,1511,14792
2019-11-28T02:00+01:00,8189,5817,1142,1521,14737
2019-11-28T03:00+01:00,8191,5838,1142,1510,14853
2019-11-28T04:00+01:00,8190,6183,1161,1558,15136
2019-11-28T05:00+01:00,8187,7899,1181,1621,15983
2019-11-28T06:00+01:00,8169,9636,1205,1632,18038
2019-11-28T07:00+01:00,8158,10852,1232,1681,19546
2019-11-28T08:00+01:00,8160,10938,1263,1625,19681
2019-11-28T09:00+01:00,8160,10809,1260,1674,19337
2019-11-28T10:00+01:00,8167,10775,1245,1810,19522
2019-11-28T11:00+01:00,8176,10787,1245,1743,19449
2019-11-28T12:00+01:00,8179,10755,1234,1836,19515
2019-11-28T13:00+01:00,8179,10679,1274,1910,19468
2019-11-28T14:00+01:00,8178,10884,1200,1996,19395
2019-11-28T15:00+01:00,8181,10820,1205,2183,19937
2019-11-28T16:00+01:00,8181,11043,1174,2328,19957
2019-11-28T17:00+01:00,8182,10931,1173,2405,19964
2019-11-28T18:00+01:00,8172,10440,1173,2566,19599
2019-11-28T19:00+01:00,8169,9989,1175,2590,18940
2019-11-28T20:00+01:00,8172,9574,1160,2767,18430
2019-11-28T21:00+01:00,8173,9076,1137,2840,17654
2019-11-28T22:00+01:00,8174,7288,1128,3039,16789
2019-11-28T23:00+01:00,8179,6326,1119,3189,15986
2019-11-29T00:00+01:00,8183,5700,1158,3450,15453
2019-11-29T01:00+01:00,8184,5139,1150,3490,15072
2019-11-29T02:00+01:00,8186,4871,1157,3697,15042
2019-11-29T03:00+01:00,8187,4808,1155,3726,15062
2019-11-29T04:00+01:00,8187,5189,1154,3987,15463
2019-11-29T05:00+01:00,8185,6565,1172,4067,16403
2019-11-29T06:00+01:00,8184,8740,1197,4386,18634
2019-11-29T07:00+01:00,8180,9975,1206,4535,20244
2019-11-29T08:00+01:00,8179,10432,1248,4354,20538
2019-11-29T09:00+01:00,8179,10514,1289,4398,20729
2019-11-29T10:00+01:00,8179,10487,1331,4301,20830
2019-11-29T11:00+01:00,8163,10319,1355,4322,20718
2019-11-29T12:00+01:00,8170,10191,1346,4306,20431
2019-11-29T13:00+01:00,8176,10277,1345,4529,20165
2019-11-29T14:00+01:00,8176,10528,1345,4664,19991
2019-11-29T15:00+01:00,8173,10846,1341,4927,20683
2019-11-29T16:00+01:00,8171,11143,1350,5061,21188
2019-11-29T17:00+01:00,8172,11113,1382,5046,21167
2019-11-29T18:00+01:00,8170,10791,1396,4851,20514
2019-11-29T19:00+01:00,8172,10602,1382,4888,19936
2019-11-29T20:00+01:00,8172,10068,1349,4884,19175
2019-11-29T21:00+01:00,8172,9681,1322,4916,18565
2019-11-29T22:00+01:00,8168,8686,1291,4965,17829
2019-11-29T23:00+01:00,8179,7039,1259,4901,17057
2019-11-30T00:00+01:00,8180,5688,1287,4961,16706
2019-11-30T01:00+01:00,8178,5323,1260,4821,16524
2019-11-30T02:00+01:00,8178,5156,1253,4622,16286
2019-11-30T03:00+01:00,8177,5189,1255,4623,16223
2019-11-30T04:00+01:00,8178,5132,1254,4459,16382
2019-11-30T05:00+01:00,8178,5417,1268,4360,16753
2019-11-30T06:00+01:00,8178,6370,1291,4235,17307
2019-11-30T07:00+01:00,8176,8108,1325,4156,18104
2019-11-30T08:00+01:00,8179,8878,1354,4198,18831
2019-11-30T09:00+01:00,8182,9090,1382,4241,19149
2019-11-30T10:00+01:00,8183,9052,1416,4236,19312
2019-11-30T11:00+01:00,8169,9143,1406,4274,19482
2019-11-30T12:00+01:00,8168,9105,1366,4169,19225
2019-11-30T13:00+01:00,8172,9003,1346,4088,18979
2019-11-30T14:00+01:00,8170,9017,1341,4102,18852
2019-11-30T15:00+01:00,8168,9151,1348,4071,19238
2019-11-30T16:00+01:00,8160,9238,1321,4148,20078
2019-11-30T17:00+01:00,8165,9235,1348,4030,20191
2019-11-30T18:00+01:00,8167,9180,1361,3999,20192
2019-11-30T19:00+01:00,8169,9005,1358,3948,19849
2019-11-30T20:00+01:00,8171,8881,1355,3813,19358
2019-11-30T21:00+01:00,8176,8450,1361,3785,18839
2019-11-30T22:00+01:00,8179,8234,1333,3847,18402
2019-11-30T23:00+01:00,8180,7981,1305,3934,17811
2019-12-01T00:00+01:00,8182,6584,1298,4012,17328
2019-12-01T01:00+01:00,8185,5552,1294,4056,16819
2019-12-01T02:00+01:00,8187,5274,1301,4171,16852
2019-12-01T03:00+01:00,8188,5052,1290,4252,16696
2019-12-01T04:00+01:00,8188,5072,1274,4260,16592
2019-12-01T05:00+01:00,8188,5298,1274,4301,16848
2019-12-01T06:00+01:00,8188,5809,1280,4323,17254
2019-12-01T07:00+01:00,8190,6958,1294,4363,18015
2019-12-01T08:00+01:00,8175,8099,1288,4343,18614
2019-12-01T09:00+01:00,8159,8612,1302,4221,19148
2019-12-01T10:00+01:00,8150,8859,1315,4208,19352
2019-12-01T11:00+01:00,8151,8912,1310,4244,19340
2019-12-01T12:00+01:00,8177,8981,1316,4320,19256
2019-12-01T13:00+01:00,8183,8977,1319,4434,19052
2019-12-01T14:00+01:00,8181,8953,1297,4514,19070
2019-12-01T15:00+01:00,8181,9056,1309,4681,19668
2019-12-01T16:00+01:00,8179,9366,1324,4641,20075
2019-12-01T17:00+01:00,8181,9532,1314,4707,20347
2019-12-01T18:00+01:00,8182,9740,1292,4568,20132
2019-12-01T19:00+01:00,8183,9698,1278,4571,19757
2019-12-01T20:00+01:00,8183,9699,1278,4501,19457
2019-12-01T21:00+01:00,8185,9306,1274,4431,18804
2019-12-01T22:00+01:00,8187,8519,1274,4480,18091
2019-12-01T23:00+01:00,8189,7232,1270,4525,17456
2019-12-02T00:00+01:00,8190,6127,1243,4498,16665
2019-12-02T01:00+01:00,8190,5770,1227,4496,16541
2019-12-02T02:00+01:00,8193,5289,1234,4458,16559
2019-12-02T03:00+01:00,8192,5329,1243,4388,16638
2019-12-02T04:00+01:00,8191,5749,1257,4200,16948
2019-12-02T05:00+01:00,8189,8616,1300,4260,18247
2019-12-02T06:00+01:00,8185,10479,1340,4310,20306
2019-12-02T07:00+01:00,8182,10773,1339,4313,21919
2019-12-02T08:00+01:00,8180,10889,1383,4215,22357
2019-12-02T09:00+01:00,8178,10995,1364,4173,22227
2019-12-02T10:00+01:00,8180,10994,1400,4126,22213
2019-12-02T11:00+01:00,8185,10936,1389,4072,21911
2019-12-02T12:00+01:00,8182,10774,1373,4076,21593
2019-12-02T13:00+01:00,8182,10791,1388,4144,21487
2019-12-02T14:00+01:00,8179,10834,1380,4327,21495
2019-12-02T15:00+01:00,8180,10996,1378,4467,22075
2019-12-02T16:00+01:00,8181,11147,1423,4573,22490
2019-12-02T17:00+01:00,8178,11153,1401,4585,22592
2019-12-02T18:00+01:00,8176,10875,1419,4526,22322
2019-12-02T19:00+01:00,8179,10802,1410,4388,21686
2019-12-02T20:00+01:00,8179,10657,1358,4265,21251
2019-12-02T21:00+01:00,8060,10523,1337,4172,20606
2019-12-02T22:00+01:00,7985,10195,1287,3992,19685
2019-12-02T23:00+01:00,7985,9557,1277,3915,18826
2019-12-03T00:00+01:00,7984,8147,1255,3646,18164
2019-12-03T01:00+01:00,7986,7675,1246,3432,17889
2019-12-03T02:00+01:00,7985,7485,1258,3444,17837
2019-12-03T03:00+01:00,7985,7146,1254,3226,17605
2019-12-03T04:00+01:00,7985,8170,1263,3114,18046
2019-12-03T05:00+01:00,7976,9912,1254,3163,19028
2019-12-03T06:00+01:00,7968,10791,1340,3261,20646
2019-12-03T07:00+01:00,7969,11262,1418,3464,21845
2019-12-03T08:00+01:00,7969,11097,1434,3638,21477
2019-12-03T09:00+01:00,7973,11028,1389,3952,21213
2019-12-03T10:00+01:00,7800,10966,1348,4241,21547
2019-12-03T11:00+01:00,7527,10795,1298,4411,21303
2019-12-03T12:00+01:00,7514,10779,1272,4587,21342
2019-12-03T13:00+01:00,7552,10674,1259,4676,21059
2019-12-03T14:00+01:00,7551,10220,1220,4820,21249
2019-12-03T15:00+01:00,7549,10582,1260,4853,21801
2019-12-03T16:00+01:00,7547,10712,1270,4957,21696
2019-12-03T17:00+01:00,7547,10568,1257,4981,21312
2019-12-03T18:00+01:00,7547,10440,1279,5138,20941
2019-12-03T19:00+01:00,7550,10169,1259,5055,20113
2019-12-03T20:00+01:00,7549,9827,1260,5060,19483
2019-12-03T21:00+01:00,7549,9585,1245,5118,18548
2019-12-03T22:00+01:00,7552,8727,1217,5211,17467
2019-12-03T23:00+01:00,7553,7127,1200,5333,16394
2019-12-04T00:00+01:00,7559,5921,1156,5461,15630
2019-12-04T01:00+01:00,7559,5816,1154,5412,15521
2019-12-04T02:00+01:00,7557,5736,1147,5360,15324
2019-12-04T03:00+01:00,7557,5737,1149,5253,15433
2019-12-04T04:00+01:00,7556,6156,1153,5150,15749
2019-12-04T05:00+01:00,7555,7845,1163,5155,16793
2019-12-04T06:00+01:00,7553,8920,1198,5070,18595
2019-12-04T07:00+01:00,7551,9670,1207,4839,20257
2019-12-04T08:00+01:00,7551,9860,1196,4735,20297
2019-12-04T09:00+01:00,7549,9923,1190,4577,20086
2019-12-04T10:00+01:00,7551,10166,1180,4428,20087
2019-12-04T11:00+01:00,7556,10140,1250,4422,20127
2019-12-04T12:00+01:00,7556,10147,1244,4389,20084
2019-12-04T13:00+01:00,7556,10245,1207,4374,19957
2019-12-04T14:00+01:00,7555,10200,1229,4456,20059
2019-12-04T15:00+01:00,7554,10275,1245,4616,20423
2019-12-04T16:00+01:00,7555,9925,1250,4794,20623
2019-12-04T17:00+01:00,7557,10338,1247,4776,20585
2019-12-04T18:00+01:00,7556,10118,1256,4857,20021
2019-12-04T19:00+01:00,7557,9971,1247,4928,19462
2019-12-04T20:00+01:00,7558,9680,1243,5136,18749
2019-12-04T21:00+01:00,7560,9169,1221,5435,18351
2019-12-04T22:00+01:00,7560,8196,1203,5479,17159
2019-12-04T23:00+01:00,7560,6717,1186,5616,16299
2019-12-05T00:00+01:00,7561,5485,1163,5726,15558
2019-12-05T01:00+01:00,7560,5037,1172,5720,15036
2019-12-05T02:00+01:00,7382,4955,1177,5908,15100
2019-12-05T03:00+01:00,7029,5030,1182,5898,15188
2019-12-05T04:00+01:00,6684,5727,1212,5782,15252
2019-12-05T05:00+01:00,6465,7656,1231,5733,15988
2019-12-05T06:00+01:00,6455,9258,1278,5900,18115
2019-12-05T07:00+01:00,6451,9727,1298,5973,19597
2019-12-05T08:00+01:00,6451,9824,1315,6015,19712
2019-12-05T09:00+01:00,6453,9782,1309,6071,19547
2019-12-05T10:00+01:00,6456,9626,1321,6153,19540
2019-12-05T11:00+01:00,6453,9559,1363,6177,19431
2019-12-05T12:00+01:00,6452,9563,1321,6216,19133
2019-12-05T13:00+01:00,6446,9549,1327,6232,19147
2019-12-05T14:00+01:00,6444,9655,1345,6268,19438
2019-12-05T15:00+01:00,6444,9806,1342,6330,19907
2019-12-05T16:00+01:00,6442,9739,1335,6350,20175
2019-12-05T17:00+01:00,6442,9670,1330,6479,20285
2019-12-05T18:00+01:00,6443,9659,1352,6505,19746
2019-12-05T19:00+01:00,6445,9563,1316,6574,19400
2019-12-05T20:00+01:00,6444,8708,1298,6509,18861
2019-12-05T21:00+01:00,6452,7762,1257,6486,17832
2019-12-05T22:00+01:00,6539,5837,1200,6392,16597
2019-12-05T23:00+01:00,6631,5102,1203,6390,15612
2019-12-06T00:00+01:00,6685,4510,1248,6283,14984
2019-12-06T01:00+01:00,6738,4106,1256,6043,14706
2019-12-06T02:00+01:00,6826,4011,1255,5905,14732
2019-12-06T03:00+01:00,6907,3988,1255,5820,14883
2019-12-06T04:00+01:00,6931,4136,1237,5547,15025
2019-12-06T05:00+01:00,6929,5699,1273,5274,15933
2019-12-06T06:00+01:00,6924,8370,1309,5058,17752
2019-12-06T07:00+01:00,6915,10175,1297,4697,19594
2019-12-06T08:00+01:00,6915,10477,1291,4602,19786
2019-12-06T09:00+01:00,6921,10769,1285,4326,19267
2019-12-06T10:00+01:00,6923,10555,1250,4361,19359
2019-12-06T11:00+01:00,6922,10590,1288,4506,19406
2019-12-06T12:00+01:00,6921,10425,1272,4299,18908
2019-12-06T13:00+01:00,6920,10183,1296,4504,18764
2019-12-06T14:00+01:00,6922,10106,1320,4484,18721
2019-12-06T15:00+01:00,6923,10539,1334,4641,19486
2019-12-06T16:00+01:00,6922,10911,1336,4413,19775
2019-12-06T17:00+01:00,6923,10739,1343,4317,19682
2019-12-06T18:00+01:00,6923,10194,1328,4361,18898
2019-12-06T19:00+01:00,6927,9487,1287,4223,18234
2019-12-06T20:00+01:00,6929,8163,1301,4306,17468
2019-12-06T21:00+01:00,6932,7512,1290,4325,16416
2019-12-06T22:00+01:00,6933,6324,1258,4321,15513
2019-12-06T23:00+01:00,6933,5484,1262,4223,14917
2019-12-07T00:00+01:00,6930,4598,1261,4185,14349
2019-12-07T01:00+01:00,6929,4142,1254,4041,14027
2019-12-07T02:00+01:00,6928,4111,1251,3945,14070
2019-12-07T03:00+01:00,6927,4046,1251,3842,14113
2019-12-07T04:00+01:00,7058,4197,1234,3753,13977
2019-12-07T05:00+01:00,7201,4302,1237,3629,14254
2019-12-07T06:00+01:00,7285,4583,1233,3439,14794
2019-12-07T07:00+01:00,7393,5446,1236,3449,15675
2019-12-07T08:00+01:00,7502,6071,1254,3520,16257
2019-12-07T09:00+01:00,7538,6630,1243,3730,16535
2019-12-07T10:00+01:00,7542,7313,1261,3795,17175
2019-12-07T11:00+01:00,7543,7486,1264,4142,17090
2019-12-07T12:00+01:00,7542,7096,1276,4362,17257
2019-12-07T13:00+01:00,7539,7088,1246,4532,17277
2019-12-07T14:00+01:00,7541,7733,1252,4802,17449
2019-12-07T15:00+01:00,7544,9193,1250,4868,17927
2019-12-07T16:00+01:00,7535,9757,1271,4974,18386
2019-12-07T17:00+01:00,7510,10033,1279,5130,18653
2019-12-07T18:00+01:00,7503,9972,1250,5194,18389
2019-12-07T19:00+01:00,7531,9851,1263,5159,18012
2019-12-07T20:00+01:00,7533,8385,1265,5087,17417
2019-12-07T21:00+01:00,7542,7057,1269,4981,16803
2019-12-07T22:00+01:00,7550,6144,1265,4907,16433
2019-12-07T23:00+01:00,7549,5014,1243,4733,15881
2019-12-08T00:00+01:00,7550,4593,1235,4412,15405
2019-12-08T01:00+01:00,7550,4332,1264,4216,15158
2019-12-08T02:00+01:00,7552,4258,1224,4044,15169
2019-12-08T03:00+01:00,7552,4235,1213,3809,15065
2019-12-08T04:00+01:00,7551,4228,1216,3666,15156
2019-12-08T05:00+01:00,7549,4365,1231,3562,15494
2019-12-08T06:00+01:00,7546,4666,1221,3651,16033
2019-12-08T07:00+01:00,7543,4928,1246,3669,16518
2019-12-08T08:00+01:00,7539,5516,1261,3676,17158
2019-12-08T09:00+01:00,7539,6154,1294,3664,17647
2019-12-08T10:00+01:00,7539,7355,1299,3742,17920
2019-12-08T11:00+01:00,7540,7567,1330,3723,18179
2019-12-08T12:00+01:00,7541,7520,1333,3814,18256
2019-12-08T13:00+01:00,7542,7506,1343,3985,18000
2019-12-08T14:00+01:00,7542,7362,1343,4150,17983
2019-12-08T15:00+01:00,7543,7466,1338,4435,18506
2019-12-08T16:00+01:00,7540,8374,1350,4491,18791
2019-12-08T17:00+01:00,7541,8418,1348,4638,19067
2019-12-08T18:00+01:00,7540,8033,1341,4638,18304
2019-12-08T19:00+01:00,7543,7438,1327,4684,17916
2019-12-08T20:00+01:00,7542,6602,1306,4768,17333
2019-12-08T21:00+01:00,7542,5879,1273,4855,16867
2019-12-08T22:00+01:00,7542,5145,1257,4923,16484
2019-12-08T23:00+01:00,7542,4206,1208,4995,15935
2019-12-09T00:00+01:00,7542,3893,1179,4976,15529
2019-12-09T01:00+01:00,7543,3590,1183,4919,15354
2019-12-09T02:00+01:00,7543,3586,1171,4877,15277
2019-12-09T03:00+01:00,7543,3622,1162,4924,15187
2019-12-09T04:00+01:00,7544,4295,1223,4892,15384
2019-12-09T05:00+01:00,7545,5762,1267,4808,16115
2019-12-09T06:00+01:00,7544,8746,1309,4810,18159
2019-12-09T07:00+01:00,7543,10675,1329,4723,19729
2019-12-09T08:00+01:00,7539,11062,1334,4392,20086
2019-12-09T09:00+01:00,7539,11057,1340,4275,19885
2019-12-09T10:00+01:00,7542,10904,1342,4113,19922
2019-12-09T11:00+01:00,7542,10894,1339,3935,19842
2019-12-09T12:00+01:00,7538,10891,1331,3864,19805
2019-12-09T13:00+01:00,7531,10918,1298,3781,19633
2019-12-09T14:00+01:00,7525,11075,1328,3733,19613
2019-12-09T15:00+01:00,7522,11245,1331,3926,20217
2019-12-09T16:00+01:00,7523,11302,1345,4141,20402
2019-12-09T17:00+01:00,7523,11327,1369,4410,20515
2019-12-09T18:00+01:00,7524,10998,1385,4571,19953
2019-12-09T19:00+01:00,7525,10465,1363,4766,19820
2019-12-09T20:00+01:00,7529,9958,1339,4921,19140
2019-12-09T21:00+01:00,7535,8906,1296,5014,18290
2019-12-09T22:00+01:00,7536,7592,1261,5098,17635
2019-12-09T23:00+01:00,7537,5743,1266,5099,16639
2019-12-10T00:00+01:00,7538,5206,1282,5335,16435
2019-12-10T01:00+01:00,7538,4801,1272,5207,16197
2019-12-10T02:00+01:00,7540,4866,1278,5290,16665
2019-12-10T03:00+01:00,7542,4895,1301,5222,16917
2019-12-10T04:00+01:00,7541,5474,1314,4785,17248
2019-12-10T05:00+01:00,7539,8568,1339,4394,18320
2019-12-10T06:00+01:00,7537,10881,1380,3957,20588
2019-12-10T07:00+01:00,7533,11418,1427,3432,22497
2019-12-10T08:00+01:00,7533,11615,1410,2881,22794
2019-12-10T09:00+01:00,7534,11845,1392,2345,22864
2019-12-10T10:00+01:00,7535,11862,1507,1826,22806
2019-12-10T11:00+01:00,7531,11828,1457,1272,22396
2019-12-10T12:00+01:00,7522,11946,1328,1036,22245
2019-12-10T13:00+01:00,7511,11922,1354,922,21620
2019-12-10T14:00+01:00,7517,12032,1425,1035,21676
2019-12-10T15:00+01:00,7525,12148,1401,1689,22212
2019-12-10T16:00+01:00,7527,12002,1359,2197,22082
2019-12-10T17:00+01:00,7528,11757,1340,2951,22168
2019-12-10T18:00+01:00,7531,11230,1321,3825,21676
2019-12-10T19:00+01:00,7531,10556,1312,4508,20961
2019-12-10T20:00+01:00,7533,9591,1293,5101,20044
2019-12-10T21:00+01:00,7535,8633,1269,5660,19131
2019-12-10T22:00+01:00,7534,6973,1269,6194,18329
2019-12-10T23:00+01:00,7535,5521,1232,6577,17246
2019-12-11T00:00+01:00,7537,4457,1239,6962,16795
2019-12-11T01:00+01:00,7539,3849,1194,7138,16490
2019-12-11T02:00+01:00,7539,3637,1213,7217,16378
2019-12-11T03:00+01:00,7541,3599,1221,7282,16393
2019-12-11T04:00+01:00,7541,3946,1236,7315,16683
2019-12-11T05:00+01:00,7543,5247,1268,7302,17231
2019-12-11T06:00+01:00,7544,8387,1340,7269,19264
2019-12-11T07:00+01:00,7539,9846,1310,7122,20781
2019-12-11T08:00+01:00,7532,10317,1290,6819,21105
2019-12-11T09:00+01:00,7523,10173,1324,6489,20960
2019-12-11T10:00+01:00,7528,10265,1286,6098,21159
2019-12-11T11:00+01:00,7531,10339,1355,5711,21206
2019-12-11T12:00+01:00,7532,10386,1369,5366,21221
2019-12-11T13:00+01:00,7532,10554,1377,5022,20825
2019-12-11T14:00+01:00,7534,10551,1365,4744,20528
2019-12-11T15:00+01:00,7536,10626,1374,4563,20954
2019-12-11T16:00+01:00,7535,10699,1385,4501,21156
2019-12-11T17:00+01:00,7534,10630,1385,4324,20988
2019-12-11T18:00+01:00,7537,10516,1430,4292,20629
2019-12-11T19:00+01:00,7539,10360,1422,4163,20165
2019-12-11T20:00+01:00,7539,10146,1418,4049,19472
2019-12-11T21:00+01:00,7539,9974,1389,3973,18745
2019-12-11T22:00+01:00,7541,9315,1374,3935,17660
2019-12-11T23:00+01:00,7543,8145,1348,3830,16692
2019-12-12T00:00+01:00,7544,6759,1309,3752,15698
2019-12-12T01:00+01:00,7542,5748,1294,3786,15530
2019-12-12T02:00+01:00,7544,5555,1324,3618,15231
2019-12-12T03:00+01:00,7545,5518,1330,3453,15223
2019-12-12T04:00+01:00,7543,5954,1350,3525,15671
2019-12-12T05:00+01:00,7541,8961,1372,3350,16709
2019-12-12T06:00+01:00,7537,10030,1417,3249,18372
2019-12-12T07:00+01:00,7535,10651,1437,3086,19604
2019-12-12T08:00+01:00,7206,10868,1429,3097,20281
2019-12-12T09:00+01:00,6803,10864,1445,3047,20266
2019-12-12T10:00+01:00,6672,10955,1391,2903,20728
2019-12-12T11:00+01:00,6759,10940,1395,2709,20333
2019-12-12T12:00+01:00,6757,10992,1362,2613,20415
2019-12-12T13:00+01:00,6858,11058,1421,2599,20667
2019-12-12T14:00+01:00,7123,11053,1438,2452,20607
2019-12-12T15:00+01:00,7200,11217,1414,2416,20839
2019-12-12T16:00+01:00,7204,11111,1347,2454,21144
2019-12-12T17:00+01:00,7243,11068,1343,2569,21227
2019-12-12T18:00+01:00,7248,10933,1321,2544,20594
2019-12-12T19:00+01:00,7290,10816,1287,2598,19979
2019-12-12T20:00+01:00,7312,10494,1275,2698,19501
2019-12-12T21:00+01:00,7354,9834,1226,2711,18791
2019-12-12T22:00+01:00,7375,8722,1232,2622,17784
2019-12-12T23:00+01:00,7376,7526,1211,2493,16870
2019-12-13T00:00+01:00,7377,5442,1209,2494,16471
2019-12-13T01:00+01:00,7379,5027,1238,2462,16000
2019-12-13T02:00+01:00,7434,4785,1241,2638,16033
2019-12-13T03:00+01:00,7437,4770,1231,2640,16186
2019-12-13T04:00+01:00,7423,5269,1249,2706,16532
2019-12-13T05:00+01:00,7401,7728,1268,2761,17361
2019-12-13T06:00+01:00,7404,9618,1281,2825,19184
2019-12-13T07:00+01:00,7401,11313,1291,2823,20956
2019-12-13T08:00+01:00,7399,11654,1315,2647,21170
2019-12-13T09:00+01:00,7399,11814,1320,2710,20934
2019-12-13T10:00+01:00,7401,11792,1332,2505,20640
2019-12-13T11:00+01:00,7403,11805,1336,2438,20544
2019-12-13T12:00+01:00,7454,11767,1345,2397,20515
2019-12-13T13:00+01:00,7459,11767,1355,2380,20320
2019-12-13T14:00+01:00,7486,11727,1356,2340,20156
2019-12-13T15:00+01:00,7484,11897,1398,2315,20608
2019-12-13T16:00+01:00,7521,11911,1413,2310,20586
2019-12-13T17:00+01:00,7525,11794,1371,2331,20272
2019-12-13T18:00+01:00,7530,11649,1399,2302,19735
2019-12-13T19:00+01:00,7535,11563,1424,2244,19024
2019-12-13T20:00+01:00,7537,11159,1386,2220,18445
2019-12-13T21:00+01:00,7540,10420,1380,2115,17665
2019-12-13T22:00+01:00,7541,9111,1372,2042,16754
2019-12-13T23:00+01:00,7541,7882,1351,2040,16083
2019-12-14T00:00+01:00,7542,6358,1293,1906,15428
2019-12-14T01:00+01:00,7543,5171,1295,2037,14893
2019-12-14T02:00+01:00,7543,5060,1315,2062,14636
2019-12-14T03:00+01:00,7543,4924,1316,2251,14671
2019-12-14T04:00+01:00,7543,4918,1308,2459,14748
2019-12-14T05:00+01:00,7542,5074,1318,2599,14953
2019-12-14T06:00+01:00,7543,5887,1324,2707,15653
2019-12-14T07:00+01:00,7542,6664,1342,2726,16324
2019-12-14T08:00+01:00,7541,7849,1332,2799,17384
2019-12-14T09:00+01:00,7541,8759,1330,2696,17945
2019-12-14T10:00+01:00,7539,8897,1340,2762,18636
2019-12-14T11:00+01:00,7538,8914,1348,2723,18899
2019-12-14T12:00+01:00,7537,9031,1326,2663,18913
2019-12-14T13:00+01:00,7538,9139,1332,2603,18868
2019-12-14T14:00+01:00,7537,9475,1362,2710,19037
2019-12-14T15:00+01:00,7537,9762,1346,2811,19333
2019-12-14T16:00+01:00,7530,10218,1315,2801,19674
2019-12-14T17:00+01:00,7528,10354,1340,2761,19538
2019-12-14T18:00+01:00,7529,9840,1336,2775,19165
2019-12-14T19:00+01:00,7532,8892,1297,2722,18550
2019-12-14T20:00+01:00,7533,7900,1259,2740,17999
2019-12-14T21:00+01:00,7533,6894,1265,2603,17241
2019-12-14T22:00+01:00,7533,6029,1238,2653,16563
2019-12-14T23:00+01:00,7533,5587,1213,2678,16029
2019-12-15T00:00+01:00,7536,4826,1171,2670,15381
2019-12-15T01:00+01:00,7536,4500,1154,2646,15101
2019-12-15T02:00+01:00,7531,4385,1152,2687,14886
2019-12-15T03:00+01:00,7526,4387,1169,2589,14781
2019-12-15T04:00+01:00,7524,4530,1183,2643,14771
2019-12-15T05:00+01:00,7522,4393,1194,2504,14908
2019-12-15T06:00+01:00,7523,4597,1194,2471,15285
2019-12-15T07:00+01:00,7528,5243,1224,2509,15968
2019-12-15T08:00+01:00,7532,5956,1226,2553,16589
2019-12-15T09:00+01:00,7531,7035,1253,2418,17170
2019-12-15T10:00+01:00,7531,7652,1281,2396,17796
2019-12-15T11:00+01:00,7533,8229,1290,2350,18115
2019-12-15T12:00+01:00,7533,8445,1300,2364,18234
2019-12-15T13:00+01:00,7534,8459,1304,2368,18272
2019-12-15T14:00+01:00,7533,8455,1329,2444,18577
2019-12-15T15:00+01:00,7531,9127,1312,2468,18883
2019-12-15T16:00+01:00,7530,9932,1317,2492,19168
2019-12-15T17:00+01:00,7529,10238,1330,2466,19445
2019-12-15T18:00+01:00,7529,9972,1328,2421,19444
2019-12-15T19:00+01:00,7531,9460,1295,2363,18986
2019-12-15T20:00+01:00,7533,8853,1275,2297,18667
2019-12-15T21:00+01:00,7533,8198,1247,2262,17873
2019-12-15T22:00+01:00,7532,7598,1225,2248,16964
2019-12-15T23:00+01:00,7533,6113,1188,2231,16172
2019-12-16T00:00+01:00,7533,5354,1187,2036,15472
2019-12-16T01:00+01:00,7534,5081,1194,2162,15266
2019-12-16T02:00+01:00,7534,4982,1198,2125,15143
2019-12-16T03:00+01:00,7534,5173,1203,2121,15371
2019-12-16T04:00+01:00,7535,6437,1218,2128,15491
2019-12-16T05:00+01:00,7533,8620,1253,2127,16201
2019-12-16T06:00+01:00,7531,10586,1301,2152,18062
2019-12-16T07:00+01:00,7526,11789,1321,2175,20055
2019-12-16T08:00+01:00,7523,12056,1316,2210,20342
2019-12-16T09:00+01:00,7522,12113,1318,2213,20189
2019-12-16T10:00+01:00,7480,11836,1299,2205,20257
2019-12-16T11:00+01:00,7413,11772,1275,2137,20300
2019-12-16T12:00+01:00,7359,12058,1269,2069,20539
2019-12-16T13:00+01:00,7374,12020,1289,2098,20616
2019-12-16T14:00+01:00,7378,12135,1293,2138,20429
2019-12-16T15:00+01:00,7371,12568,1290,2225,20965
2019-12-16T16:00+01:00,7408,12592,1312,2264,21135
2019-12-16T17:00+01:00,7469,12537,1318,2306,21180
2019-12-16T18:00+01:00,7528,12315,1315,2205,20515
2019-12-16T19:00+01:00,7577,12100,1326,2054,19739
2019-12-16T20:00+01:00,7713,11908,1292,1969,18798
2019-12-16T21:00+01:00,7727,11618,1237,1970,18069
2019-12-16T22:00+01:00,7729,10773,1197,1885,16890
2019-12-16T23:00+01:00,7730,8888,1200,1814,16004
2019-12-17T00:00+01:00,7723,6955,1167,1670,15189
2019-12-17T01:00+01:00,7778,6207,1161,1647,14851
2019-12-17T02:00+01:00,7974,6200,1164,1577,14562
2019-12-17T03:00+01:00,7975,6300,1194,1461,14850
2019-12-17T04:00+01:00,7976,6900,1201,1400,15025
2019-12-17T05:00+01:00,7974,8511,1236,1359,15892
2019-12-17T06:00+01:00,7972,10809,1278,1248,17772
2019-12-17T07:00+01:00,7970,11701,1308,1233,19626
2019-12-17T08:00+01:00,7975,12121,1310,1188,20331
2019-12-17T09:00+01:00,7981,11893,1343,1152,20011
2019-12-17T10:00+01:00,7977,11887,1351,1129,19993
2019-12-17T11:00+01:00,7986,11784,1297,1106,19956
2019-12-17T12:00+01:00,7993,11846,1305,1036,19802
2019-12-17T13:00+01:00,7990,11784,1309,964,19724
2019-12-17T14:00+01:00,7992,11947,1323,1080,20112
2019-12-17T15:00+01:00,7988,12269,1277,1142,20603
2019-12-17T16:00+01:00,7991,12397,1270,1239,20640
2019-12-17T17:00+01:00,7992,12348,1269,1225,20560
2019-12-17T18:00+01:00,7992,12154,1261,1404,19998
2019-12-17T19:00+01:00,7996,11764,1236,1578,19320
2019-12-17T20:00+01:00,8040,10954,1222,1688,18410
2019-12-17T21:00+01:00,8044,9724,1180,1910,17593
2019-12-17T22:00+01:00,8044,8939,1190,1916,16853
2019-12-17T23:00+01:00,8047,7503,1173,1946,15803
2019-12-18T00:00+01:00,8046,6251,1185,1985,15258
2019-12-18T01:00+01:00,8060,5617,1179,2046,14872
2019-12-18T02:00+01:00,8064,5449,1171,2072,14851
2019-12-18T03:00+01:00,8066,5463,1183,2136,14962
2019-12-18T04:00+01:00,8078,5885,1197,2285,15247
2019-12-18T05:00+01:00,8084,8157,1227,2440,16065
2019-12-18T06:00+01:00,8085,10896,1253,2534,18049
2019-12-18T07:00+01:00,8093,12028,1275,2588,19654
2019-12-18T08:00+01:00,8110,12252,1275,2647,20180
2019-12-18T09:00+01:00,8112,12460,1310,2667,20181
2019-12-18T10:00+01:00,8114,12511,1293,2745,20490
2019-12-18T11:00+01:00,8125,12339,1306,2880,20258
2019-12-18T12:00+01:00,8130,12109,1282,3179,19968
2019-12-18T13:00+01:00,8130,12071,1300,3380,19760
2019-12-18T14:00+01:00,8134,12068,1310,3574,19753
2019-12-18T15:00+01:00,8137,12159,1313,3713,20326
2019-12-18T16:00+01:00,8135,12199,1296,3884,20444
2019-12-18T17:00+01:00,8129,12078,1293,3962,20366
2019-12-18T18:00+01:00,8127,11761,1292,4144,20230
2019-12-18T19:00+01:00,8130,11572,1283,4145,19787
2019-12-18T20:00+01:00,8134,11428,1267,4067,18961
2019-12-18T21:00+01:00,8139,11023,1241,4037,18294
2019-12-18T22:00+01:00,8143,9585,1224,4013,17322
2019-12-18T23:00+01:00,8147,7454,1228,3984,16315
2019-12-19T00:00+01:00,8146,6438,1209,3877,15872
2019-12-19T01:00+01:00,8147,5570,1194,3694,15608
2019-12-19T02:00+01:00,8147,5499,1203,3552,15680
2019-12-19T03:00+01:00,8146,5585,1185,3351,15852
2019-12-19T04:00+01:00,8144,6576,1194,3197,16096
2019-12-19T05:00+01:00,8143,8573,1226,2985,16809
2019-12-19T06:00+01:00,8141,10480,1271,2899,18744
2019-12-19T07:00+01:00,8136,11552,1316,2761,20462
2019-12-19T08:00+01:00,8130,11701,1328,2636,20976
2019-12-19T09:00+01:00,8134,11618,1332,2808,20878
2019-12-19T10:00+01:00,8136,11540,1281,2810,20845
2019-12-19T11:00+01:00,8135,11370,1246,2696,20327
2019-12-19T12:00+01:00,8138,11243,1231,2564,19839
2019-12-19T13:00+01:00,8139,11271,1257,2777,19901
2019-12-19T14:00+01:00,8138,11504,1239,2723,20118
2019-12-19T15:00+01:00,8135,11575,1255,2901,20495
2019-12-19T16:00+01:00,8131,11769,1285,2991,20531
2019-12-19T17:00+01:00,8129,11831,1268,3161,20576
2019-12-19T18:00+01:00,8130,11698,1254,3229,19903
2019-12-19T19:00+01:00,8124,11608,1271,3271,19251
2019-12-19T20:00+01:00,8130,10648,1254,3257,18402
2019-12-19T21:00+01:00,8133,9845,1246,3131,17585
2019-12-19T22:00+01:00,8137,8028,1228,3166,17107
2019-12-19T23:00+01:00,8141,6731,1208,2910,15812
2019-12-20T00:00+01:00,8144,6114,1184,2608,15041
2019-12-20T01:00+01:00,8144,5540,1202,2420,14755
2019-12-20T02:00+01:00,8145,5463,1177,2227,14736
2019-12-20T03:00+01:00,8147,5698,1170,2079,14939
2019-12-20T04:00+01:00,8146,6036,1178,1757,15094
2019-12-20T05:00+01:00,8143,8202,1217,1511,15607
2019-12-20T06:00+01:00,8142,10392,1258,1348,17359
2019-12-20T07:00+01:00,8140,11747,1306,1316,19064
2019-12-20T08:00+01:00,8139,12045,1314,1244,19493
2019-12-20T09:00+01:00,8139,12100,1316,1198,19350
2019-12-20T10:00+01:00,8140,12136,1321,1081,19211
2019-12-20T11:00+01:00,8142,12012,1289,987,19163
2019-12-20T12:00+01:00,8141,11862,1287,944,19025
2019-12-20T13:00+01:00,8140,11799,1259,1007,18835
2019-12-20T14:00+01:00,8141,11696,1236,1079,18833
2019-12-20T15:00+01:00,8141,11681,1236,1238,19246
2019-12-20T16:00+01:00,8141,11550,1294,1444,19227
2019-12-20T17:00+01:00,8111,11551,1303,1640,19135
2019-12-20T18:00+01:00,8128,11286,1292,1778,18599
2019-12-20T19:00+01:00,8143,10881,1276,1743,17835
2019-12-20T20:00+01:00,8148,9298,1229,1909,17113
2019-12-20T21:00+01:00,8149,8388,1217,1776,16318
2019-12-20T22:00+01:00,8148,7205,1207,1724,15598
2019-12-20T23:00+01:00,8148,6329,1191,1608,14897
2019-12-21T00:00+01:00,8148,5358,1143,1690,14453
2019-12-21T01:00+01:00,8148,4855,1148,1576,14157
2019-12-21T02:00+01:00,8148,4799,1142,1456,13828
2019-12-21T03:00+01:00,8146,4857,1148,1504,13947
2019-12-21T04:00+01:00,8147,4961,1147,1454,14018
2019-12-21T05:00+01:00,8146,5195,1150,1303,13981
2019-12-21T06:00+01:00,8145,5951,1148,1239,14317
2019-12-21T07:00+01:00,8143,6766,1163,1230,15001
2019-12-21T08:00+01:00,8142,7423,1163,1272,16051
2019-12-21T09:00+01:00,8137,8325,1163,1253,16714
2019-12-21T10:00+01:00,8132,8786,1175,1086,17053
2019-12-21T11:00+01:00,8130,9013,1196,1067,17273
2019-12-21T12:00+01:00,8130,9201,1199,936,17334
2019-12-21T13:00+01:00,8129,9233,1201,1004,17371
2019-12-21T14:00+01:00,8129,9635,1213,985,17439
2019-12-21T15:00+01:00,8128,10305,1223,907,17514
2019-12-21T16:00+01:00,8130,10863,1220,883,18041
2019-12-21T17:00+01:00,8129,10937,1220,794,17967
2019-12-21T18:00+01:00,8128,10361,1218,770,17483
2019-12-21T19:00+01:00,8128,9605,1206,748,16869
2019-12-21T20:00+01:00,8130,8868,1197,790,16475
2019-12-21T21:00+01:00,8135,8145,1193,786,15718
2019-12-21T22:00+01:00,8133,7629,1194,727,15138
2019-12-21T23:00+01:00,8131,7174,1172,722,14651
2019-12-22T00:00+01:00,8133,5712,1156,676,14018
2019-12-22T01:00+01:00,8132,5112,1152,661,13753
2019-12-22T02:00+01:00,8133,5096,1158,643,13569
2019-12-22T03:00+01:00,8132,5085,1154,660,13454
2019-12-22T04:00+01:00,8132,5153,1153,667,13399
2019-12-22T05:00+01:00,8133,5645,1158,656,13589
2019-12-22T06:00+01:00,8134,6150,1167,716,14120
2019-12-22T07:00+01:00,8132,6631,1178,733,14735
2019-12-22T08:00+01:00,8131,7448,1183,718,15385
2019-12-22T09:00+01:00,8130,8466,1186,752,16232
2019-12-22T10:00+01:00,8130,9494,1196,701,16951
2019-12-22T11:00+01:00,8130,10088,1206,791,17349
2019-12-22T12:00+01:00,8128,10363,1181,756,17427
2019-12-22T13:00+01:00,8130,10076,1176,862,17326
2019-12-22T14:00+01:00,8130,10228,1186,835,17411
2019-12-22T15:00+01:00,8127,10738,1205,829,17977
2019-12-22T16:00+01:00,8124,11315,1208,840,18220
2019-12-22T17:00+01:00,8122,11503,1237,846,18206
2019-12-22T18:00+01:00,8124,11015,1201,862,17939
2019-12-22T19:00+01:00,8125,10368,1206,864,17487
2019-12-22T20:00+01:00,8127,8958,1183,814,16768
2019-12-22T21:00+01:00,8127,8280,1165,778,16098
2019-12-22T22:00+01:00,8124,7612,1163,754,15430
2019-12-22T23:00+01:00,8126,6735,1174,745,14759
2019-12-23T00:00+01:00,8128,5582,1165,805,14306
2019-12-23T01:00+01:00,8125,5172,1189,724,13967
2019-12-23T02:00+01:00,8121,5155,1178,697,13937
2019-12-23T03:00+01:00,8126,5183,1177,705,13885
2019-12-23T04:00+01:00,8127,5629,1184,678,13938
2019-12-23T05:00+01:00,8126,7651,1207,655,14298
2019-12-23T06:00+01:00,8124,9511,1204,669,15217
2019-12-23T07:00+01:00,8123,10657,1262,600,16503
2019-12-23T08:00+01:00,8123,11501,1306,530,17484
2019-12-23T09:00+01:00,8122,11725,1311,525,17913
2019-12-23T10:00+01:00,8124,11523,1313,490,18039
2019-12-23T11:00+01:00,8126,11414,1321,434,18232
2019-12-23T12:00+01:00,8124,11308,1279,394,18226
2019-12-23T13:00+01:00,8122,11272,1269,385,18293
2019-12-23T14:00+01:00,8121,11332,1273,389,18364
2019-12-23T15:00+01:00,8120,11666,1269,388,18689
2019-12-23T16:00+01:00,8119,11821,1282,439,18958
2019-12-23T17:00+01:00,8115,12259,1277,433,18988
2019-12-23T18:00+01:00,8115,12389,1267,457,18522
2019-12-23T19:00+01:00,8116,11857,1256,454,17741
2019-12-23T20:00+01:00,8120,10976,1231,487,16939
2019-12-23T21:00+01:00,8123,9789,1208,497,16250
2019-12-23T22:00+01:00,8123,8611,1199,504,15390
2019-12-23T23:00+01:00,8122,7558,1190,582,14865
2019-12-24T00:00+01:00,8123,6352,1195,658,14216
2019-12-24T01:00+01:00,8124,5676,1196,691,13832
2019-12-24T02:00+01:00,8122,5300,1187,707,13680
2019-12-24T03:00+01:00,8120,5260,1194,668,13543
2019-12-24T04:00+01:00,8119,5348,1193,650,13682
2019-12-24T05:00+01:00,8119,6685,1201,563,13819
2019-12-24T06:00+01:00,8119,7814,1237,504,14337
2019-12-24T07:00+01:00,8120,8660,1252,486,15047
2019-12-24T08:00+01:00,8120,9814,1260,459,15988
2019-12-24T09:00+01:00,8122,10324,1253,430,16559
2019-12-24T10:00+01:00,8121,10160,1263,410,16800
2019-12-24T11:00+01:00,8119,10440,1267,399,17118
2019-12-24T12:00+01:00,8118,10644,1271,407,17056
2019-12-24T13:00+01:00,8118,10711,1277,373,16806
2019-12-24T14:00+01:00,8120,10645,1274,342,16739
2019-12-24T15:00+01:00,8121,11045,1283,322,16927
2019-12-24T16:00+01:00,8117,11495,1284,305,16880
2019-12-24T17:00+01:00,8116,11474,1272,311,16734
2019-12-24T18:00+01:00,8120,10270,1265,304,15974
2019-12-24T19:00+01:00,8122,9102,1291,296,15563
2019-12-24T20:00+01:00,8123,8309,1293,272,15354
2019-12-24T21:00+01:00,8123,8140,1277,258,15221
2019-12-24T22:00+01:00,8122,8027,1277,251,14998
2019-12-24T23:00+01:00,8121,7125,1275,253,14632
2019-12-25T00:00+01:00,8119,6001,1277,207,14246
2019-12-25T01:00+01:00,8120,5201,1273,208,13910
2019-12-25T02:00+01:00,8120,4990,1274,204,13686
2019-12-25T03:00+01:00,8121,4961,1276,205,13634
2019-12-25T04:00+01:00,8121,4999,1280,205,13554
2019-12-25T05:00+01:00,8119,6555,1290,212,13988
2019-12-25T06:00+01:00,8118,7321,1322,228,14482
2019-12-25T07:00+01:00,8119,7840,1343,253,14900
2019-12-25T08:00+01:00,8118,8500,1342,272,15348
2019-12-25T09:00+01:00,8116,8913,1339,293,15742
2019-12-25T10:00+01:00,8118,8816,1346,298,16183
2019-12-25T11:00+01:00,8121,8972,1361,327,16598
2019-12-25T12:00+01:00,8118,9886,1371,351,16905
2019-12-25T13:00+01:00,8116,9880,1372,450,16848
2019-12-25T14:00+01:00,8118,9944,1377,484,16927
2019-12-25T15:00+01:00,8116,10221,1363,536,17284
2019-12-25T16:00+01:00,8114,10764,1356,610,17618
2019-12-25T17:00+01:00,8116,10820,1341,655,17649
2019-12-25T18:00+01:00,8117,10384,1337,698,17426
2019-12-25T19:00+01:00,8119,9441,1364,677,16904
2019-12-25T20:00+01:00,8118,8747,1354,740,16573
2019-12-25T21:00+01:00,8119,8429,1348,800,16217
2019-12-25T22:00+01:00,8119,7750,1341,801,15603
2019-12-25T23:00+01:00,8119,5950,1350,909,15275
2019-12-26T00:00+01:00,8120,5631,1338,957,14780
2019-12-26T01:00+01:00,8119,4983,1342,1048,14456
2019-12-26T02:00+01:00,8113,4764,1339,1031,14245
2019-12-26T03:00+01:00,8112,4832,1336,1176,14372
2019-12-26T04:00+01:00,8112,5319,1350,1166,14524
2019-12-26T05:00+01:00,8111,6181,1365,1105,14735
2019-12-26T06:00+01:00,8111,7208,1377,1132,15339
2019-12-26T07:00+01:00,8109,7889,1406,1153,15854
2019-12-26T08:00+01:00,8109,8731,1399,1130,16491
2019-12-26T09:00+01:00,8112,9300,1414,1199,17096
2019-12-26T10:00+01:00,8111,9139,1418,1166,17635
2019-12-26T11:00+01:00,8112,9265,1422,1124,17988
2019-12-26T12:00+01:00,8112,9856,1418,1107,18139
2019-12-26T13:00+01:00,8111,9977,1428,999,18024
2019-12-26T14:00+01:00,8109,10480,1403,1096,18232
2019-12-26T15:00+01:00,8105,11003,1415,1166,18683
2019-12-26T16:00+01:00,8102,11752,1418,1220,19026
2019-12-26T17:00+01:00,8104,11912,1460,1205,19004
2019-12-26T18:00+01:00,8103,12127,1451,1207,18822
2019-12-26T19:00+01:00,8104,11686,1488,1156,18454
2019-12-26T20:00+01:00,8108,10562,1494,1179,17895
2019-12-26T21:00+01:00,8111,9898,1478,1240,17372
2019-12-26T22:00+01:00,8112,9428,1475,1297,16783
2019-12-26T23:00+01:00,8114,8076,1462,1351,15985
2019-12-27T00:00+01:00,8114,5537,1441,1443,15518
2019-12-27T01:00+01:00,8115,4763,1440,1509,15236
2019-12-27T02:00+01:00,8115,4583,1443,1489,15071
2019-12-27T03:00+01:00,8116,4583,1455,1541,15215
2019-12-27T04:00+01:00,8115,5052,1455,1583,15261
2019-12-27T05:00+01:00,8114,7183,1494,1629,15673
2019-12-27T06:00+01:00,8109,9104,1531,1550,16685
2019-12-27T07:00+01:00,8105,10314,1582,1539,17954
2019-12-27T08:00+01:00,8102,11128,1565,1572,18867
2019-12-27T09:00+01:00,8102,11730,1587,1519,19234
2019-12-27T10:00+01:00,8102,11580,1590,1436,19549
2019-12-27T11:00+01:00,8103,11758,1601,1333,19612
2019-12-27T12:00+01:00,8100,12025,1582,1210,19540
2019-12-27T13:00+01:00,8099,12056,1579,1088,19608
2019-12-27T14:00+01:00,8101,12147,1581,1040,19745
2019-12-27T15:00+01:00,8100,12406,1559,978,20296
2019-12-27T16:00+01:00,8101,12759,1579,1006,20666
2019-12-27T17:00+01:00,8100,12756,1577,1001,20745
2019-12-27T18:00+01:00,8101,12740,1604,1020,20503
2019-12-27T19:00+01:00,8099,12199,1636,1099,20071
2019-12-27T20:00+01:00,8099,11167,1617,1152,19408
2019-12-27T21:00+01:00,8102,9877,1582,1311,18441
2019-12-27T22:00+01:00,8105,8839,1535,1447,17680
2019-12-27T23:00+01:00,8104,7758,1528,1684,17014
2019-12-28T00:00+01:00,8105,6009,1475,1964,16623
2019-12-28T01:00+01:00,8105,5105,1461,2181,16240
2019-12-28T02:00+01:00,8099,5014,1459,2533,16087
2019-12-28T03:00+01:00,8090,4934,1509,2916,16307
2019-12-28T04:00+01:00,8096,4948,1503,3145,16406
2019-12-28T05:00+01:00,8104,5128,1512,3332,16611
2019-12-28T06:00+01:00,8106,5582,1491,3281,16908
2019-12-28T07:00+01:00,8107,6727,1508,3292,17632
2019-12-28T08:00+01:00,8103,8855,1486,3501,18791
2019-12-28T09:00+01:00,8094,9410,1492,3432,19423
2019-12-28T10:00+01:00,8095,9517,1500,3430,20008
2019-12-28T11:00+01:00,8094,9346,1493,3316,19717
2019-12-28T12:00+01:00,8095,9441,1524,3133,19580
2019-12-28T13:00+01:00,8097,9451,1550,3031,19504
2019-12-28T14:00+01:00,8097,9582,1542,3117,19733
2019-12-28T15:00+01:00,8092,9889,1550,3084,20194
2019-12-28T16:00+01:00,8087,10673,1501,3078,20510
2019-12-28T17:00+01:00,8085,10650,1480,3455,20476
2019-12-28T18:00+01:00,8090,10336,1427,3646,19931
2019-12-28T19:00+01:00,8096,9870,1439,3917,19468
2019-12-28T20:00+01:00,8101,9317,1430,4186,18932
2019-12-28T21:00+01:00,8105,8629,1391,4301,18293
2019-12-28T22:00+01:00,8108,7435,1371,4505,17391
2019-12-28T23:00+01:00,8109,5431,1348,4777,16401
2019-12-29T00:00+01:00,8112,4392,1325,4876,15892
2019-12-29T01:00+01:00,8113,3897,1329,5107,15583
2019-12-29T02:00+01:00,8112,3797,1324,5287,15321
2019-12-29T03:00+01:00,8114,3673,1331,5458,15247
2019-12-29T04:00+01:00,8116,3662,1340,5542,15446
2019-12-29T05:00+01:00,8115,3702,1360,5599,15540
2019-12-29T06:00+01:00,8115,4004,1358,5512,15655
2019-12-29T07:00+01:00,8115,4073,1373,5519,15763
2019-12-29T08:00+01:00,8114,4524,1381,5586,16301
2019-12-29T09:00+01:00,8115,5067,1392,5707,16768
2019-12-29T10:00+01:00,8114,5093,1377,5579,16898
2019-12-29T11:00+01:00,8113,5136,1375,5710,17246
2019-12-29T12:00+01:00,8113,5235,1363,5740,17225
2019-12-29T13:00+01:00,8113,4971,1363,5773,17219
2019-12-29T14:00+01:00,8115,5085,1354,5904,17544
2019-12-29T15:00+01:00,8111,6073,1337,5997,17792
2019-12-29T16:00+01:00,8104,7016,1354,6068,17985
2019-12-29T17:00+01:00,8102,7363,1355,6368,18046
2019-12-29T18:00+01:00,8104,6905,1368,6544,17672
2019-12-29T19:00+01:00,8106,6086,1359,6737,17285
2019-12-29T20:00+01:00,8107,5440,1347,6815,16871
2019-12-29T21:00+01:00,8108,4829,1325,6900,16207
2019-12-29T22:00+01:00,8111,4423,1310,6891,15554
2019-12-29T23:00+01:00,8113,4182,1312,6826,15071
2019-12-30T00:00+01:00,8111,3836,1305,6852,14529
2019-12-30T01:00+01:00,8112,3104,1290,6810,14124
2019-12-30T02:00+01:00,8111,3043,1287,6844,14068
2019-12-30T03:00+01:00,8112,3049,1289,6932,14162
2019-12-30T04:00+01:00,8108,3055,1294,6882,14165
2019-12-30T05:00+01:00,8106,3624,1292,6816,14632
2019-12-30T06:00+01:00,8104,4084,1323,6868,15080
2019-12-30T07:00+01:00,8092,4526,1331,6899,15919
2019-12-30T08:00+01:00,7860,5922,1340,6822,16972
2019-12-30T09:00+01:00,7751,5997,1325,6887,17207
2019-12-30T10:00+01:00,7751,4666,1333,6866,17471
2019-12-30T11:00+01:00,7751,4681,1350,6828,17401
2019-12-30T12:00+01:00,7753,5210,1348,6705,17225
2019-12-30T13:00+01:00,7755,5314,1356,6788,17323
2019-12-30T14:00+01:00,7756,6067,1361,6831,17405
2019-12-30T15:00+01:00,7755,7437,1351,6749,17853
2019-12-30T16:00+01:00,7755,8093,1364,6761,17943
2019-12-30T17:00+01:00,7758,8309,1370,6692,18222
2019-12-30T18:00+01:00,7758,7806,1363,6582,17993
2019-12-30T19:00+01:00,7762,6306,1325,6605,17181
2019-12-30T20:00+01:00,7764,5529,1296,6525,16556
2019-12-30T21:00+01:00,7766,4816,1292,6476,15885
2019-12-30T22:00+01:00,7764,4493,1278,6341,15275
2019-12-30T23:00+01:00,7765,4301,1259,6258,14875
2019-12-31T00:00+01:00,7764,3715,1181,6106,14158
2019-12-31T01:00+01:00,7764,3406,1177,6059,14015
2019-12-31T02:00+01:00,7765,3221,1163,6161,13912
2019-12-31T03:00+01:00,7765,3192,1171,6129,13574
2019-12-31T04:00+01:00,7764,3242,1180,6142,13702
2019-12-31T05:00+01:00,7762,3614,1225,6154,13982
2019-12-31T06:00+01:00,7761,3922,1282,6071,14314
2019-12-31T07:00+01:00,7761,4359,1350,6239,15125
2019-12-31T08:00+01:00,7761,5344,1367,6029,15731
2019-12-31T09:00+01:00,7760,6570,1393,5874,16161
2019-12-31T10:00+01:00,7757,6071,1399,5959,16448
2019-12-31T11:00+01:00,7765,6994,1414,5882,16356
2019-12-31T12:00+01:00,7765,8037,1412,5813,16412
2019-12-31T13:00+01:00,7765,8259,1423,5767,16663
2019-12-31T14:00+01:00,7765,8595,1405,5682,17296
2019-12-31T15:00+01:00,7764,9050,1386,5416,17884
2019-12-31T16:00+01:00,7761,9385,1403,5188,18687
2019-12-31T17:00+01:00,7755,9385,1402,4991,18574
2019-12-31T18:00+01:00,7758,9140,1367,4822,17948
2019-12-31T19:00+01:00,7762,7917,1341,4893,17367
2019-12-31T20:00+01:00,7767,6720,1318,4908,16704
2019-12-31T21:00+01:00,7766,6506,1280,4894,16189
2019-12-31T22:00+01:00,7766,6286,1225,4871,15975
2019-12-31T23:00+01:00,7766,5301,1172,4871,15416